epoch,step,train/cardinality_error,train/cardinality_error_0,train/cardinality_error_1,train/cardinality_error_enc,train/class_error,train/loss,train/loss_bbox,train/loss_bbox_aux,train/loss_ce,train/loss_ce_aux,train/loss_giou,train/loss_giou_aux,train/lr,train/lr_max,train/lr_min,val/AP/glass insulator,val/AP/glass insulator big shackle,val/AP/glass insulator small shackle,val/AP/glass insulator tower shackle,val/AP/lightning rod shackle,val/AP/lightning rod suspension,val/AP/polymer insulator,val/AP/polymer insulator lower shackle,val/AP/polymer insulator tower shackle,val/AP/polymer insulator upper shackle,val/AP/spacer,val/AP/spiral damper,val/AP/stockbridge damper,val/AP/tower id plate,val/AP/vari-grip,val/AP/yoke,val/AP/yoke suspension,val/F1,val/ema_AP/glass insulator,val/ema_AP/glass insulator big shackle,val/ema_AP/glass insulator small shackle,val/ema_AP/glass insulator tower shackle,val/ema_AP/lightning rod shackle,val/ema_AP/lightning rod suspension,val/ema_AP/polymer insulator,val/ema_AP/polymer insulator lower shackle,val/ema_AP/polymer insulator tower shackle,val/ema_AP/polymer insulator upper shackle,val/ema_AP/spacer,val/ema_AP/spiral damper,val/ema_AP/stockbridge damper,val/ema_AP/tower id plate,val/ema_AP/vari-grip,val/ema_AP/yoke,val/ema_AP/yoke suspension,val/ema_mAP_50,val/ema_mAP_50_95,val/ema_mAP_75,val/ema_mAR,val/mAP_50,val/mAP_50_95,val/mAP_75,val/mAR,val/precision,val/recall
0,49,,,,,,,,,,,,,9.999999747378752e-05,9.999999747378752e-05,3.232564267818816e-06,,,,,,,,,,,,,,,,,,,,,,,,,,,,,,,,,,,,,,,,,,,,,
0,99,,,,,,,,,,,,,9.999999747378752e-05,9.999999747378752e-05,3.232564267818816e-06,,,,,,,,,,,,,,,,,,,,,,,,,,,,,,,,,,,,,,,,,,,,,
0,149,,,,,,,,,,,,,9.999999747378752e-05,9.999999747378752e-05,3.232564267818816e-06,,,,,,,,,,,,,,,,,,,,,,,,,,,,,,,,,,,,,,,,,,,,,
0,199,,,,,,,,,,,,,9.999999747378752e-05,9.999999747378752e-05,3.232564267818816e-06,,,,,,,,,,,,,,,,,,,,,,,,,,,,,,,,,,,,,,,,,,,,,
0,246,,,,,,,,,,,,,,,,0.8790292143821716,0.03161601349711418,0.0636732280254364,0.053855687379837036,0.3167472779750824,0.8898622989654541,0.9516585469245911,0.5279251933097839,6.307580770226195e-05,0.7997863292694092,0.06839119642972946,0.9379955530166626,0.8401105999946594,0.9966246485710144,0.9409717321395874,0.8604348301887512,0.814656674861908,0.6412686109542847,0.8790292143821716,0.03161601349711418,0.0636732280254364,0.053855687379837036,0.3167472779750824,0.8898622989654541,0.9516585469245911,0.5279251933097839,6.307580770226195e-05,0.7997863292694092,0.06839119642972946,0.9379955530166626,0.8401105999946594,0.9966246485710144,0.9409717321395874,0.8604348301887512,0.814656674861908,0.6766937375068665,0.5866706967353821,0.6320186257362366,0.7646457552909851,0.6766937375068665,0.5866706967353821,0.6320186257362366,0.7646457552909851,0.8692022562026978,0.6347861886024475
0,246,27.583627700805664,24.985071182250977,27.051366806030273,24.14891242980957,9.498907089233398,4.126494407653809,0.02501797489821911,0.10175041109323502,0.5494711399078369,1.9391793012619019,0.10964822769165039,0.3923529088497162,,,,,,,,,,,,,,,,,,,,,,,,,,,,,,,,,,,,,,,,,,,,,,,,
1,249,,,,,,,,,,,,,9.999999747378752e-05,9.999999747378752e-05,3.232564267818816e-06,,,,,,,,,,,,,,,,,,,,,,,,,,,,,,,,,,,,,,,,,,,,,
1,299,,,,,,,,,,,,,9.999999747378752e-05,9.999999747378752e-05,3.232564267818816e-06,,,,,,,,,,,,,,,,,,,,,,,,,,,,,,,,,,,,,,,,,,,,,
1,349,,,,,,,,,,,,,9.999999747378752e-05,9.999999747378752e-05,3.232564267818816e-06,,,,,,,,,,,,,,,,,,,,,,,,,,,,,,,,,,,,,,,,,,,,,
1,399,,,,,,,,,,,,,9.999999747378752e-05,9.999999747378752e-05,3.232564267818816e-06,,,,,,,,,,,,,,,,,,,,,,,,,,,,,,,,,,,,,,,,,,,,,
1,449,,,,,,,,,,,,,9.999999747378752e-05,9.999999747378752e-05,3.232564267818816e-06,,,,,,,,,,,,,,,,,,,,,,,,,,,,,,,,,,,,,,,,,,,,,
1,493,,,,,,,,,,,,,,,,0.895010769367218,0.05131091922521591,0.08280450105667114,0.09253941476345062,0.350533127784729,0.897916316986084,0.9570164680480957,0.5467112064361572,0.002817777916789055,0.8221032619476318,0.17937761545181274,0.942780613899231,0.8464210033416748,0.9963996410369873,0.9456979036331177,0.8723198175430298,0.8222194910049438,0.7030879855155945,0.9109923243522644,0.07100582867860794,0.10193576663732529,0.1312231421470642,0.3843189477920532,0.9059703350067139,0.9623743891716003,0.5654971599578857,0.005572480149567127,0.8444201350212097,0.29036402702331543,0.9475657343864441,0.852731466293335,0.9961746335029602,0.9504240155220032,0.8842048645019531,0.8297823667526245,0.7483479380607605,0.6255621910095215,0.6614642143249512,0.8228375315666199,0.7483479380607605,0.6255621910095215,0.6614642143249512,0.8228375315666199,0.7535168528556824,0.714543879032135
1,493,32.160804748535156,30.47722625732422,32.058956146240234,29.427505493164062,1.3380420207977295,3.2394139766693115,0.01987534388899803,0.08420655876398087,0.39653658866882324,1.4569880962371826,0.09378259629011154,0.33895614743232727,,,,,,,,,,,,,,,,,,,,,,,,,,,,,,,,,,,,,,,,,,,,,,,,
2,499,,,,,,,,,,,,,9.999999747378752e-05,9.999999747378752e-05,3.232564267818816e-06,,,,,,,,,,,,,,,,,,,,,,,,,,,,,,,,,,,,,,,,,,,,,
2,549,,,,,,,,,,,,,9.999999747378752e-05,9.999999747378752e-05,3.232564267818816e-06,,,,,,,,,,,,,,,,,,,,,,,,,,,,,,,,,,,,,,,,,,,,,
2,599,,,,,,,,,,,,,9.999999747378752e-05,9.999999747378752e-05,3.232564267818816e-06,,,,,,,,,,,,,,,,,,,,,,,,,,,,,,,,,,,,,,,,,,,,,
2,649,,,,,,,,,,,,,9.999999747378752e-05,9.999999747378752e-05,3.232564267818816e-06,,,,,,,,,,,,,,,,,,,,,,,,,,,,,,,,,,,,,,,,,,,,,
2,699,,,,,,,,,,,,,9.999999747378752e-05,9.999999747378752e-05,3.232564267818816e-06,,,,,,,,,,,,,,,,,,,,,,,,,,,,,,,,,,,,,,,,,,,,,
2,740,,,,,,,,,,,,,,,,0.9166184663772583,0.08826731145381927,0.12721170485019684,0.16144385933876038,0.4257715940475464,0.9095345735549927,0.964087963104248,0.568405270576477,0.008145425468683243,0.8488448262214661,0.26969873905181885,0.9518193602561951,0.8562272787094116,0.994563102722168,0.9545894861221313,0.8872019052505493,0.8326632976531982,0.7353499531745911,0.922244668006897,0.1055288016796112,0.152487650513649,0.19166456162929535,0.46722424030303955,0.9130987524986267,0.9658015370368958,0.5713133215904236,0.010718369856476784,0.8532695174217224,0.24903345108032227,0.956072986125946,0.8597231507301331,0.9929516315460205,0.9587548971176147,0.8901988863945007,0.835544228553772,0.7652985453605652,0.6409194469451904,0.6690691709518433,0.8379771709442139,0.7652985453605652,0.6409194469451904,0.6690691709518433,0.8379771709442139,0.7280640006065369,0.7640641331672668
2,740,32.631832122802734,31.533906936645508,32.5454216003418,31.19521713256836,0.76341712474823,2.997594118118286,0.01841948926448822,0.07833876460790634,0.36712881922721863,1.333035945892334,0.08844355493783951,0.3183753788471222,,,,,,,,,,,,,,,,,,,,,,,,,,,,,,,,,,,,,,,,,,,,,,,,
3,749,,,,,,,,,,,,,9.999999747378752e-05,9.999999747378752e-05,3.232564267818816e-06,,,,,,,,,,,,,,,,,,,,,,,,,,,,,,,,,,,,,,,,,,,,,
3,799,,,,,,,,,,,,,9.999999747378752e-05,9.999999747378752e-05,3.232564267818816e-06,,,,,,,,,,,,,,,,,,,,,,,,,,,,,,,,,,,,,,,,,,,,,
3,849,,,,,,,,,,,,,9.999999747378752e-05,9.999999747378752e-05,3.232564267818816e-06,,,,,,,,,,,,,,,,,,,,,,,,,,,,,,,,,,,,,,,,,,,,,
3,899,,,,,,,,,,,,,9.999999747378752e-05,9.999999747378752e-05,3.232564267818816e-06,,,,,,,,,,,,,,,,,,,,,,,,,,,,,,,,,,,,,,,,,,,,,
3,949,,,,,,,,,,,,,9.999999747378752e-05,9.999999747378752e-05,3.232564267818816e-06,,,,,,,,,,,,,,,,,,,,,,,,,,,,,,,,,,,,,,,,,,,,,
3,987,,,,,,,,,,,,,,,,0.9227718114852905,0.11590738594532013,0.17438486218452454,0.23326897621154785,0.49683693051338196,0.9131873846054077,0.9652397632598877,0.5779622793197632,0.07300710678100586,0.8513805270195007,0.25736096501350403,0.9553803205490112,0.8600845336914062,0.9945856332778931,0.9585782289505005,0.8931015729904175,0.8384324908256531,0.7574044466018677,0.9232989549636841,0.12628597021102905,0.1962820589542389,0.27487340569496155,0.5264496207237244,0.9132760167121887,0.9646779298782349,0.584611177444458,0.1352958381175995,0.849491536617279,0.2656884789466858,0.9546877145767212,0.8604459762573242,0.9962196350097656,0.9584015011787415,0.896004319190979,0.8413207530975342,0.8036423921585083,0.6627829670906067,0.682944655418396,0.8434365391731262,0.8036423921585083,0.6627829670906067,0.682944655418396,0.8434365391731262,0.764957070350647,0.7704870700836182
3,987,32.9934196472168,32.26682662963867,32.97823715209961,31.703947067260742,0.5980300307273865,2.896536111831665,0.017747387290000916,0.07619757950305939,0.3503848612308502,1.2812063694000244,0.08574515581130981,0.31186431646347046,,,,,,,,,,,,,,,,,,,,,,,,,,,,,,,,,,,,,,,,,,,,,,,,
4,999,,,,,,,,,,,,,9.999999747378752e-05,9.999999747378752e-05,3.232564267818816e-06,,,,,,,,,,,,,,,,,,,,,,,,,,,,,,,,,,,,,,,,,,,,,
4,1049,,,,,,,,,,,,,9.999999747378752e-05,9.999999747378752e-05,3.232564267818816e-06,,,,,,,,,,,,,,,,,,,,,,,,,,,,,,,,,,,,,,,,,,,,,
4,1099,,,,,,,,,,,,,9.999999747378752e-05,9.999999747378752e-05,3.232564267818816e-06,,,,,,,,,,,,,,,,,,,,,,,,,,,,,,,,,,,,,,,,,,,,,
4,1149,,,,,,,,,,,,,9.999999747378752e-05,9.999999747378752e-05,3.232564267818816e-06,,,,,,,,,,,,,,,,,,,,,,,,,,,,,,,,,,,,,,,,,,,,,
4,1199,,,,,,,,,,,,,9.999999747378752e-05,9.999999747378752e-05,3.232564267818816e-06,,,,,,,,,,,,,,,,,,,,,,,,,,,,,,,,,,,,,,,,,,,,,
4,1234,,,,,,,,,,,,,,,,0.9209449291229248,0.14611825346946716,0.18621182441711426,0.2746660113334656,0.5251064896583557,0.9193024635314941,0.9654526710510254,0.5887857675552368,0.25915324687957764,0.8535091280937195,0.3044353723526001,0.9555824398994446,0.8627455234527588,0.9963433742523193,0.9597798585891724,0.8930652141571045,0.8427199721336365,0.7657142877578735,0.9185908436775208,0.16595053672790527,0.17614157497882843,0.274458646774292,0.5237633585929871,0.9253289103507996,0.9662274122238159,0.5929602980613708,0.3830106258392334,0.8575267195701599,0.3431822955608368,0.956477165222168,0.8650450706481934,0.9964671730995178,0.9611582159996033,0.8901260495185852,0.8441191911697388,0.8366414308547974,0.6847373247146606,0.7031168937683105,0.8422373533248901,0.8366414308547974,0.6847373247146606,0.7031168937683105,0.8422373533248901,0.7465242147445679,0.8273285031318665
4,1234,33.14600372314453,32.722293853759766,33.10665512084961,32.137020111083984,0.31569433212280273,2.7928521633148193,0.017262615263462067,0.07317852973937988,0.33831387758255005,1.2309702634811401,0.08347892016172409,0.3022029399871826,,,,,,,,,,,,,,,,,,,,,,,,,,,,,,,,,,,,,,,,,,,,,,,,
5,1249,,,,,,,,,,,,,9.999999747378752e-05,9.999999747378752e-05,3.232564267818816e-06,,,,,,,,,,,,,,,,,,,,,,,,,,,,,,,,,,,,,,,,,,,,,
5,1299,,,,,,,,,,,,,9.999999747378752e-05,9.999999747378752e-05,3.232564267818816e-06,,,,,,,,,,,,,,,,,,,,,,,,,,,,,,,,,,,,,,,,,,,,,
5,1349,,,,,,,,,,,,,9.999999747378752e-05,9.999999747378752e-05,3.232564267818816e-06,,,,,,,,,,,,,,,,,,,,,,,,,,,,,,,,,,,,,,,,,,,,,
5,1399,,,,,,,,,,,,,9.999999747378752e-05,9.999999747378752e-05,3.232564267818816e-06,,,,,,,,,,,,,,,,,,,,,,,,,,,,,,,,,,,,,,,,,,,,,
5,1449,,,,,,,,,,,,,9.999999747378752e-05,9.999999747378752e-05,3.232564267818816e-06,,,,,,,,,,,,,,,,,,,,,,,,,,,,,,,,,,,,,,,,,,,,,
5,1481,,,,,,,,,,,,,,,,0.9184214472770691,0.18374788761138916,0.18683287501335144,0.28552353382110596,0.5101562738418579,0.9258930087089539,0.9670050144195557,0.5963326096534729,0.4063650965690613,0.8613789081573486,0.343046635389328,0.9580790996551514,0.8661607503890991,0.996523380279541,0.9612294435501099,0.8966032266616821,0.8429827690124512,0.8166100382804871,0.9182520508766174,0.20154525339603424,0.19752416014671326,0.2965884208679199,0.49654918909072876,0.9264571070671082,0.9677826762199402,0.599704921245575,0.42971959710121155,0.8652311563491821,0.3429109752178192,0.9596810936927795,0.8672763705253601,0.996579647064209,0.9613006114959717,0.903080403804779,0.8418462872505188,0.8465895056724548,0.6924723386764526,0.7083799839019775,0.8526046276092529,0.8465895056724548,0.6924723386764526,0.7083799839019775,0.8526046276092529,0.8342833518981934,0.8165786266326904
5,1481,33.35842514038086,32.95432662963867,33.3333740234375,32.63170623779297,0.20829090476036072,2.7418320178985596,0.01673765480518341,0.07215936481952667,0.3327574133872986,1.2019950151443481,0.08233404159545898,0.29896363615989685,,,,,,,,,,,,,,,,,,,,,,,,,,,,,,,,,,,,,,,,,,,,,,,,
6,1499,,,,,,,,,,,,,9.999999747378752e-05,9.999999747378752e-05,3.232564267818816e-06,,,,,,,,,,,,,,,,,,,,,,,,,,,,,,,,,,,,,,,,,,,,,
6,1549,,,,,,,,,,,,,9.999999747378752e-05,9.999999747378752e-05,3.232564267818816e-06,,,,,,,,,,,,,,,,,,,,,,,,,,,,,,,,,,,,,,,,,,,,,
6,1599,,,,,,,,,,,,,9.999999747378752e-05,9.999999747378752e-05,3.232564267818816e-06,,,,,,,,,,,,,,,,,,,,,,,,,,,,,,,,,,,,,,,,,,,,,
6,1649,,,,,,,,,,,,,9.999999747378752e-05,9.999999747378752e-05,3.232564267818816e-06,,,,,,,,,,,,,,,,,,,,,,,,,,,,,,,,,,,,,,,,,,,,,
6,1699,,,,,,,,,,,,,9.999999747378752e-05,9.999999747378752e-05,3.232564267818816e-06,,,,,,,,,,,,,,,,,,,,,,,,,,,,,,,,,,,,,,,,,,,,,
6,1728,,,,,,,,,,,,,,,,0.9226909875869751,0.22537514567375183,0.22828657925128937,0.3242754340171814,0.5227683782577515,0.9263063669204712,0.9678826332092285,0.6014112234115601,0.44367220997810364,0.8664467334747314,0.357252836227417,0.9607135653495789,0.8671765923500061,0.9948357343673706,0.9607524871826172,0.9053698182106018,0.8448971509933472,0.8441386818885803,0.9271299839019775,0.24920505285263062,0.2590489983558655,0.35196244716644287,0.5489875674247742,0.9261555671691895,0.9679825305938721,0.6031175851821899,0.4576248228549957,0.8676623702049255,0.37159469723701477,0.9617460370063782,0.8670768141746521,0.9930918216705322,0.9602043628692627,0.9076592326164246,0.8479480147361755,0.8767663836479187,0.7098940014839172,0.7244519591331482,0.8554707765579224,0.8767663836479187,0.7098940014839172,0.7244519591331482,0.8554707765579224,0.8788599371910095,0.8308325409889221
6,1728,33.42788314819336,32.98481750488281,33.34046173095703,32.747344970703125,0.16987241804599762,2.611361265182495,0.016050467267632484,0.06773149222135544,0.3217272162437439,1.1406561136245728,0.07978273928165436,0.2852507531642914,,,,,,,,,,,,,,,,,,,,,,,,,,,,,,,,,,,,,,,,,,,,,,,,
7,1749,,,,,,,,,,,,,9.999999747378752e-05,9.999999747378752e-05,3.232564267818816e-06,,,,,,,,,,,,,,,,,,,,,,,,,,,,,,,,,,,,,,,,,,,,,
7,1799,,,,,,,,,,,,,9.999999747378752e-05,9.999999747378752e-05,3.232564267818816e-06,,,,,,,,,,,,,,,,,,,,,,,,,,,,,,,,,,,,,,,,,,,,,
7,1849,,,,,,,,,,,,,9.999999747378752e-05,9.999999747378752e-05,3.232564267818816e-06,,,,,,,,,,,,,,,,,,,,,,,,,,,,,,,,,,,,,,,,,,,,,
7,1899,,,,,,,,,,,,,9.999999747378752e-05,9.999999747378752e-05,3.232564267818816e-06,,,,,,,,,,,,,,,,,,,,,,,,,,,,,,,,,,,,,,,,,,,,,
7,1949,,,,,,,,,,,,,9.999999747378752e-05,9.999999747378752e-05,3.232564267818816e-06,,,,,,,,,,,,,,,,,,,,,,,,,,,,,,,,,,,,,,,,,,,,,
7,1975,,,,,,,,,,,,,,,,0.9291999340057373,0.25794804096221924,0.26208290457725525,0.35415661334991455,0.5457591414451599,0.9284483194351196,0.9682797789573669,0.6047813892364502,0.46384161710739136,0.8693746328353882,0.38266685605049133,0.9603304266929626,0.8673374056816101,0.9945544600486755,0.9602572321891785,0.9011860489845276,0.8500645160675049,0.8468708992004395,0.9312699437141418,0.2666909992694855,0.265116810798645,0.3563508093357086,0.5425307154655457,0.9307411313056946,0.9685770273208618,0.6064451932907104,0.470058411359787,0.8710869550704956,0.3937390148639679,0.9589148163795471,0.8675979971885681,0.9960170984268188,0.9603101015090942,0.8947128653526306,0.852181077003479,0.879574179649353,0.713667094707489,0.7252742052078247,0.8524274826049805,0.879574179649353,0.713667094707489,0.7252742052078247,0.8524274826049805,0.8923459053039551,0.8300103545188904
7,1975,33.549217224121094,33.23241424560547,33.4930419921875,32.936866760253906,0.10027782618999481,2.5416438579559326,0.015794550999999046,0.06504224240779877,0.31264039874076843,1.1139098405838013,0.07817156612873077,0.27728337049484253,,,,,,,,,,,,,,,,,,,,,,,,,,,,,,,,,,,,,,,,,,,,,,,,
8,1999,,,,,,,,,,,,,9.999999747378752e-05,9.999999747378752e-05,3.232564267818816e-06,,,,,,,,,,,,,,,,,,,,,,,,,,,,,,,,,,,,,,,,,,,,,
8,2049,,,,,,,,,,,,,9.999999747378752e-05,9.999999747378752e-05,3.232564267818816e-06,,,,,,,,,,,,,,,,,,,,,,,,,,,,,,,,,,,,,,,,,,,,,
8,2099,,,,,,,,,,,,,9.999999747378752e-05,9.999999747378752e-05,3.232564267818816e-06,,,,,,,,,,,,,,,,,,,,,,,,,,,,,,,,,,,,,,,,,,,,,
8,2149,,,,,,,,,,,,,9.999999747378752e-05,9.999999747378752e-05,3.232564267818816e-06,,,,,,,,,,,,,,,,,,,,,,,,,,,,,,,,,,,,,,,,,,,,,
8,2199,,,,,,,,,,,,,9.999999747378752e-05,9.999999747378752e-05,3.232564267818816e-06,,,,,,,,,,,,,,,,,,,,,,,,,,,,,,,,,,,,,,,,,,,,,
8,2222,,,,,,,,,,,,,,,,0.931151270866394,0.2745559811592102,0.27168428897857666,0.3759901523590088,0.5611221790313721,0.9307202100753784,0.9680963754653931,0.609460711479187,0.5055792331695557,0.8705768585205078,0.3912198543548584,0.9601142406463623,0.8688951134681702,0.9964221715927124,0.9607840776443481,0.8978999257087708,0.8523983955383301,0.8506807684898376,0.9310325384140015,0.28242093324661255,0.2782517373561859,0.39562952518463135,0.5797136425971985,0.9306992888450623,0.9676157236099243,0.6124762296676636,0.5411000847816467,0.87006676197052,0.3887006640434265,0.9613136649131775,0.8701922297477722,0.9968271851539612,0.9612581133842468,0.9010869860649109,0.8526157140731812,0.8841671347618103,0.7247647643089294,0.7423322200775146,0.8520733714103699,0.8841671347618103,0.7247647643089294,0.7423322200775146,0.8520733714103699,0.8877018690109253,0.8365041017532349
8,2222,33.695343017578125,33.39701461791992,33.63423538208008,33.07945251464844,0.07580334693193436,2.4950342178344727,0.015596363693475723,0.06412722170352936,0.3061923086643219,1.088786005973816,0.07708992809057236,0.27362948656082153,,,,,,,,,,,,,,,,,,,,,,,,,,,,,,,,,,,,,,,,,,,,,,,,
9,2249,,,,,,,,,,,,,9.999999747378752e-05,9.999999747378752e-05,3.232564267818816e-06,,,,,,,,,,,,,,,,,,,,,,,,,,,,,,,,,,,,,,,,,,,,,
9,2299,,,,,,,,,,,,,9.999999747378752e-05,9.999999747378752e-05,3.232564267818816e-06,,,,,,,,,,,,,,,,,,,,,,,,,,,,,,,,,,,,,,,,,,,,,
9,2349,,,,,,,,,,,,,9.999999747378752e-05,9.999999747378752e-05,3.232564267818816e-06,,,,,,,,,,,,,,,,,,,,,,,,,,,,,,,,,,,,,,,,,,,,,
9,2399,,,,,,,,,,,,,9.999999747378752e-05,9.999999747378752e-05,3.232564267818816e-06,,,,,,,,,,,,,,,,,,,,,,,,,,,,,,,,,,,,,,,,,,,,,
9,2449,,,,,,,,,,,,,9.999999747378752e-05,9.999999747378752e-05,3.232564267818816e-06,,,,,,,,,,,,,,,,,,,,,,,,,,,,,,,,,,,,,,,,,,,,,
9,2469,,,,,,,,,,,,,,,,0.9304924607276917,0.2988252639770508,0.2992328405380249,0.4249035716056824,0.5722302794456482,0.9320406913757324,0.9681715369224548,0.6123309135437012,0.5360734462738037,0.8674102425575256,0.3975939154624939,0.9601758718490601,0.8691984415054321,0.9966471791267395,0.9588049054145813,0.903518557548523,0.8518407344818115,0.8563429713249207,0.9299523830413818,0.315229594707489,0.3202139735221863,0.454177588224411,0.5647469162940979,0.9333821535110474,0.9687273502349854,0.6121856570243835,0.5310468673706055,0.8647537231445312,0.4064871668815613,0.9590380191802979,0.8682047128677368,0.9964671730995178,0.9563516974449158,0.905950129032135,0.8510658144950867,0.8921679258346558,0.731645941734314,0.753934383392334,0.8582206964492798,0.8921679258346558,0.731645941734314,0.753934383392334,0.8582206964492798,0.8745315670967102,0.8513004183769226
9,2469,33.670799255371094,33.351341247558594,33.6391716003418,33.09147262573242,0.0530092790722847,2.452646255493164,0.015094934962689877,0.06316997110843658,0.2994838058948517,1.0701112747192383,0.07552052289247513,0.27034205198287964,,,,,,,,,,,,,,,,,,,,,,,,,,,,,,,,,,,,,,,,,,,,,,,,
10,2499,,,,,,,,,,,,,9.999999747378752e-05,9.999999747378752e-05,3.232564267818816e-06,,,,,,,,,,,,,,,,,,,,,,,,,,,,,,,,,,,,,,,,,,,,,
10,2549,,,,,,,,,,,,,9.999999747378752e-05,9.999999747378752e-05,3.232564267818816e-06,,,,,,,,,,,,,,,,,,,,,,,,,,,,,,,,,,,,,,,,,,,,,
10,2599,,,,,,,,,,,,,9.999999747378752e-05,9.999999747378752e-05,3.232564267818816e-06,,,,,,,,,,,,,,,,,,,,,,,,,,,,,,,,,,,,,,,,,,,,,
10,2649,,,,,,,,,,,,,9.999999747378752e-05,9.999999747378752e-05,3.232564267818816e-06,,,,,,,,,,,,,,,,,,,,,,,,,,,,,,,,,,,,,,,,,,,,,
10,2699,,,,,,,,,,,,,9.999999747378752e-05,9.999999747378752e-05,3.232564267818816e-06,,,,,,,,,,,,,,,,,,,,,,,,,,,,,,,,,,,,,,,,,,,,,
10,2716,,,,,,,,,,,,,,,,0.9285385012626648,0.3254084885120392,0.3205645680427551,0.4467531740665436,0.5607193112373352,0.9314863681793213,0.9676698446273804,0.6121203303337097,0.5218087434768677,0.8693243265151978,0.38852906227111816,0.9583966135978699,0.8681230545043945,0.9965459108352661,0.9551993608474731,0.9040338397026062,0.8525515794754028,0.8541231155395508,0.9271246194839478,0.33558738231658936,0.3209151327610016,0.43932875990867615,0.5566917061805725,0.9295905828475952,0.9666123986244202,0.6120550036430359,0.5125706195831299,0.8738949298858643,0.37057098746299744,0.9577552080154419,0.868041455745697,0.9966246485710144,0.9540469646453857,0.9021175503730774,0.8540372848510742,0.8877313733100891,0.7280920743942261,0.7410232424736023,0.8590978980064392,0.8877313733100891,0.7280920743942261,0.7410232424736023,0.8590978980064392,0.8660286068916321,0.8491982817649841
10,2716,33.6530876159668,33.41624450683594,33.62360763549805,33.1287956237793,0.04167391359806061,2.448805093765259,0.014989432878792286,0.06370332092046738,0.2955170273780823,1.068801760673523,0.07522529363632202,0.27028581500053406,,,,,,,,,,,,,,,,,,,,,,,,,,,,,,,,,,,,,,,,,,,,,,,,
11,2749,,,,,,,,,,,,,9.999999747378752e-05,9.999999747378752e-05,3.232564267818816e-06,,,,,,,,,,,,,,,,,,,,,,,,,,,,,,,,,,,,,,,,,,,,,
11,2799,,,,,,,,,,,,,9.999999747378752e-05,9.999999747378752e-05,3.232564267818816e-06,,,,,,,,,,,,,,,,,,,,,,,,,,,,,,,,,,,,,,,,,,,,,
11,2849,,,,,,,,,,,,,9.999999747378752e-05,9.999999747378752e-05,3.232564267818816e-06,,,,,,,,,,,,,,,,,,,,,,,,,,,,,,,,,,,,,,,,,,,,,
11,2899,,,,,,,,,,,,,9.999999747378752e-05,9.999999747378752e-05,3.232564267818816e-06,,,,,,,,,,,,,,,,,,,,,,,,,,,,,,,,,,,,,,,,,,,,,
11,2949,,,,,,,,,,,,,9.999999747378752e-05,9.999999747378752e-05,3.232564267818816e-06,,,,,,,,,,,,,,,,,,,,,,,,,,,,,,,,,,,,,,,,,,,,,
11,2963,,,,,,,,,,,,,,,,0.9288971424102783,0.34854254126548767,0.3418506979942322,0.4476920962333679,0.5415273904800415,0.9295589327812195,0.9665111899375916,0.6151440739631653,0.5168309807777405,0.8747236728668213,0.3966623544692993,0.9586689472198486,0.8690341711044312,0.9965008497238159,0.9568918943405151,0.9000943899154663,0.8525965213775635,0.8689277172088623,0.9306697249412537,0.361497700214386,0.36278629302978516,0.4560554623603821,0.5263631343841553,0.9295272827148438,0.9664099812507629,0.6182331442832947,0.5210913419723511,0.8755523562431335,0.4227536916732788,0.9595826864242554,0.8700268864631653,0.9963771104812622,0.9597368240356445,0.8980712294578552,0.8511558175086975,0.8945733904838562,0.7356406450271606,0.7681397795677185,0.8600886464118958,0.8945733904838562,0.7356406450271606,0.7681397795677185,0.8600886464118958,0.9044204950332642,0.8490670323371887
11,2963,33.798583984375,33.52024459838867,33.82021713256836,33.359310150146484,0.061663515865802765,2.388800859451294,0.014918798580765724,0.06177340820431709,0.29012709856033325,1.0370632410049438,0.07446199655532837,0.26461318135261536,,,,,,,,,,,,,,,,,,,,,,,,,,,,,,,,,,,,,,,,,,,,,,,,
12,2999,,,,,,,,,,,,,9.999999747378752e-05,9.999999747378752e-05,3.232564267818816e-06,,,,,,,,,,,,,,,,,,,,,,,,,,,,,,,,,,,,,,,,,,,,,
12,3049,,,,,,,,,,,,,9.999999747378752e-05,9.999999747378752e-05,3.232564267818816e-06,,,,,,,,,,,,,,,,,,,,,,,,,,,,,,,,,,,,,,,,,,,,,
12,3099,,,,,,,,,,,,,9.999999747378752e-05,9.999999747378752e-05,3.232564267818816e-06,,,,,,,,,,,,,,,,,,,,,,,,,,,,,,,,,,,,,,,,,,,,,
12,3149,,,,,,,,,,,,,9.999999747378752e-05,9.999999747378752e-05,3.232564267818816e-06,,,,,,,,,,,,,,,,,,,,,,,,,,,,,,,,,,,,,,,,,,,,,
12,3199,,,,,,,,,,,,,9.999999747378752e-05,9.999999747378752e-05,3.232564267818816e-06,,,,,,,,,,,,,,,,,,,,,,,,,,,,,,,,,,,,,,,,,,,,,
12,3210,,,,,,,,,,,,,,,,0.9283855557441711,0.3595823645591736,0.3688427209854126,0.4633519649505615,0.5521101355552673,0.9296778440475464,0.9666180610656738,0.6139395236968994,0.5030608773231506,0.8787536025047302,0.41044968366622925,0.9609929919242859,0.8686199188232422,0.9964783787727356,0.9587265253067017,0.8997100591659546,0.8521199226379395,0.8684994578361511,0.9261013865470886,0.3576669991016388,0.37489911913871765,0.4706484377384186,0.5778571367263794,0.9298284649848938,0.9668260812759399,0.6096459627151489,0.4850304126739502,0.8819548487663269,0.3981457054615021,0.9624032974243164,0.8672128915786743,0.996579647064209,0.957716166973114,0.901348888874054,0.8530840873718262,0.8970961570739746,0.7362911701202393,0.7515779137611389,0.8552798628807068,0.8970961570739746,0.7362911701202393,0.7515779137611389,0.8552798628807068,0.9183622002601624,0.83967125415802
12,3210,33.736717224121094,33.50670623779297,33.72026824951172,33.37980651855469,0.04097194969654083,2.3105525970458984,0.014318671077489853,0.058496493846178055,0.28364765644073486,1.0076420307159424,0.07249929010868073,0.2550946772098541,,,,,,,,,,,,,,,,,,,,,,,,,,,,,,,,,,,,,,,,,,,,,,,,
13,3249,,,,,,,,,,,,,9.999999747378752e-05,9.999999747378752e-05,3.232564267818816e-06,,,,,,,,,,,,,,,,,,,,,,,,,,,,,,,,,,,,,,,,,,,,,
13,3299,,,,,,,,,,,,,9.999999747378752e-05,9.999999747378752e-05,3.232564267818816e-06,,,,,,,,,,,,,,,,,,,,,,,,,,,,,,,,,,,,,,,,,,,,,
13,3349,,,,,,,,,,,,,9.999999747378752e-05,9.999999747378752e-05,3.232564267818816e-06,,,,,,,,,,,,,,,,,,,,,,,,,,,,,,,,,,,,,,,,,,,,,
13,3399,,,,,,,,,,,,,9.999999747378752e-05,9.999999747378752e-05,3.232564267818816e-06,,,,,,,,,,,,,,,,,,,,,,,,,,,,,,,,,,,,,,,,,,,,,
13,3449,,,,,,,,,,,,,9.999999747378752e-05,9.999999747378752e-05,3.232564267818816e-06,,,,,,,,,,,,,,,,,,,,,,,,,,,,,,,,,,,,,,,,,,,,,
13,3457,,,,,,,,,,,,,,,,0.9265015125274658,0.3623254597187042,0.36574888229370117,0.46880006790161133,0.5863003730773926,0.9234560132026672,0.9663525819778442,0.6131254434585571,0.4381369352340698,0.8810960054397583,0.4077054560184479,0.9641445279121399,0.8655637502670288,0.9982898235321045,0.9608862400054932,0.8992444276809692,0.8531316518783569,0.8706191778182983,0.9269016981124878,0.36698392033576965,0.3565986156463623,0.46695172786712646,0.594743549823761,0.9170835614204407,0.9658790230751038,0.6166048645973206,0.39124342799186707,0.8802371025085449,0.4172652065753937,0.9658857583999634,0.8639145493507385,1.0,0.9640563726425171,0.8971400260925293,0.8531792163848877,0.9016932249069214,0.7320393323898315,0.7441272139549255,0.8566121459007263,0.9016932249069214,0.7320393323898315,0.7441272139549255,0.8566121459007263,0.922872006893158,0.8430684804916382
13,3457,33.8156623840332,33.621585845947266,33.80503463745117,33.41763687133789,0.05702885985374451,2.296431303024292,0.014169915579259396,0.059022389352321625,0.2800053656101227,0.9972749352455139,0.07197222113609314,0.25462204217910767,,,,,,,,,,,,,,,,,,,,,,,,,,,,,,,,,,,,,,,,,,,,,,,,
14,3499,,,,,,,,,,,,,9.999999747378752e-05,9.999999747378752e-05,3.232564267818816e-06,,,,,,,,,,,,,,,,,,,,,,,,,,,,,,,,,,,,,,,,,,,,,
14,3549,,,,,,,,,,,,,9.999999747378752e-05,9.999999747378752e-05,3.232564267818816e-06,,,,,,,,,,,,,,,,,,,,,,,,,,,,,,,,,,,,,,,,,,,,,
14,3599,,,,,,,,,,,,,9.999999747378752e-05,9.999999747378752e-05,3.232564267818816e-06,,,,,,,,,,,,,,,,,,,,,,,,,,,,,,,,,,,,,,,,,,,,,
14,3649,,,,,,,,,,,,,9.999999747378752e-05,9.999999747378752e-05,3.232564267818816e-06,,,,,,,,,,,,,,,,,,,,,,,,,,,,,,,,,,,,,,,,,,,,,
14,3699,,,,,,,,,,,,,9.999999747378752e-05,9.999999747378752e-05,3.232564267818816e-06,,,,,,,,,,,,,,,,,,,,,,,,,,,,,,,,,,,,,,,,,,,,,
14,3704,,,,,,,,,,,,,,,,0.9255043268203735,0.35313767194747925,0.32527726888656616,0.46164631843566895,0.5918821096420288,0.9207423329353333,0.965823769569397,0.6189627051353455,0.40146562457084656,0.8786767721176147,0.4088064432144165,0.9648772478103638,0.8613035678863525,0.9983910918235779,0.963569700717926,0.8990089893341064,0.8540282249450684,0.8650217056274414,0.9241069555282593,0.33929139375686646,0.2939559519290924,0.4563409090042114,0.5890207290649414,0.9244011044502258,0.965768575668335,0.6213205456733704,0.41168782114982605,0.8771164417266846,0.40034767985343933,0.9638686776161194,0.8586926460266113,0.9967821836471558,0.963083028793335,0.9008778929710388,0.8548771739006042,0.8945179581642151,0.7259729504585266,0.7463949918746948,0.8558279871940613,0.8945179581642151,0.7259729504585266,0.7463949918746948,0.8558279871940613,0.8953259587287903,0.8503746390342712
14,3704,33.82312774658203,33.79225540161133,33.85842514038086,33.4545783996582,0.028973568230867386,2.308558940887451,0.013994142413139343,0.06026588752865791,0.2765200436115265,1.0044934749603271,0.07135047018527985,0.2567720413208008,,,,,,,,,,,,,,,,,,,,,,,,,,,,,,,,,,,,,,,,,,,,,,,,
15,3749,,,,,,,,,,,,,9.999999747378752e-05,9.999999747378752e-05,3.232564267818816e-06,,,,,,,,,,,,,,,,,,,,,,,,,,,,,,,,,,,,,,,,,,,,,
15,3799,,,,,,,,,,,,,9.999999747378752e-05,9.999999747378752e-05,3.232564267818816e-06,,,,,,,,,,,,,,,,,,,,,,,,,,,,,,,,,,,,,,,,,,,,,
15,3849,,,,,,,,,,,,,9.999999747378752e-05,9.999999747378752e-05,3.232564267818816e-06,,,,,,,,,,,,,,,,,,,,,,,,,,,,,,,,,,,,,,,,,,,,,
15,3899,,,,,,,,,,,,,9.999999747378752e-05,9.999999747378752e-05,3.232564267818816e-06,,,,,,,,,,,,,,,,,,,,,,,,,,,,,,,,,,,,,,,,,,,,,
15,3949,,,,,,,,,,,,,9.999999747378752e-05,9.999999747378752e-05,3.232564267818816e-06,,,,,,,,,,,,,,,,,,,,,,,,,,,,,,,,,,,,,,,,,,,,,
15,3951,,,,,,,,,,,,,,,,0.9252021312713623,0.35195478796958923,0.2897894084453583,0.46050310134887695,0.5893371105194092,0.9278010725975037,0.9652179479598999,0.6215572357177734,0.40467679500579834,0.8754793405532837,0.40140217542648315,0.9662082195281982,0.8606139421463013,0.9967138767242432,0.9611101150512695,0.9013760089874268,0.8544111251831055,0.8642529845237732,0.9262972474098206,0.364618182182312,0.28562286496162415,0.4646652638912201,0.5896534323692322,0.9312010407447815,0.9646672606468201,0.6217939257621765,0.397665798664093,0.8738422393798828,0.40245670080184937,0.9685477018356323,0.862535297870636,0.9966455101966858,0.9591372013092041,0.9018741250038147,0.8539450764656067,0.8961905837059021,0.727362871170044,0.7391480207443237,0.8500056266784668,0.8961905837059021,0.727362871170044,0.7391480207443237,0.8500056266784668,0.888382613658905,0.8593577742576599
15,3951,33.81844711303711,33.74190139770508,33.865257263183594,33.62702560424805,0.015749171376228333,2.2614614963531494,0.013828241266310215,0.05911989137530327,0.27175837755203247,0.9786784648895264,0.07024572044610977,0.2528964579105377,,,,,,,,,,,,,,,,,,,,,,,,,,,,,,,,,,,,,,,,,,,,,,,,
16,3999,,,,,,,,,,,,,9.999999747378752e-05,9.999999747378752e-05,3.232564267818816e-06,,,,,,,,,,,,,,,,,,,,,,,,,,,,,,,,,,,,,,,,,,,,,
16,4049,,,,,,,,,,,,,9.999999747378752e-05,9.999999747378752e-05,3.232564267818816e-06,,,,,,,,,,,,,,,,,,,,,,,,,,,,,,,,,,,,,,,,,,,,,
16,4099,,,,,,,,,,,,,9.999999747378752e-05,9.999999747378752e-05,3.232564267818816e-06,,,,,,,,,,,,,,,,,,,,,,,,,,,,,,,,,,,,,,,,,,,,,
16,4149,,,,,,,,,,,,,9.999999747378752e-05,9.999999747378752e-05,3.232564267818816e-06,,,,,,,,,,,,,,,,,,,,,,,,,,,,,,,,,,,,,,,,,,,,,
16,4198,,,,,,,,,,,,,,,,0.929571270942688,0.37858009338378906,0.2963751256465912,0.4651303291320801,0.5993720293045044,0.92922043800354,0.9663071632385254,0.6215894222259521,0.4452354311943054,0.8717734813690186,0.4023337960243225,0.9648488759994507,0.8625469207763672,0.9967363476753235,0.9600321054458618,0.9014654159545898,0.8546733260154724,0.8706910610198975,0.9328452944755554,0.3925419747829437,0.3071273863315582,0.4655953645706177,0.6090906858444214,0.9272397756576538,0.9679470062255859,0.6213849186897278,0.49280503392219543,0.8697046637535095,0.40221086144447327,0.9611501097679138,0.8625585436820984,0.9968271851539612,0.9609269499778748,0.901056706905365,0.8554015755653381,0.8994213938713074,0.7368478775024414,0.7530696988105774,0.8563675284385681,0.8994213938713074,0.7368478775024414,0.7530696988105774,0.8563675284385681,0.8895940780639648,0.8626406788825989
16,4198,33.83198547363281,33.75986862182617,33.82844161987305,33.524925231933594,0.04792192578315735,2.2703709602355957,0.01381324976682663,0.05978456139564514,0.2727935016155243,0.9812502264976501,0.07035462558269501,0.2538144588470459,,,,,,,,,,,,,,,,,,,,,,,,,,,,,,,,,,,,,,,,,,,,,,,,
17,4199,,,,,,,,,,,,,9.999999747378752e-05,9.999999747378752e-05,3.232564267818816e-06,,,,,,,,,,,,,,,,,,,,,,,,,,,,,,,,,,,,,,,,,,,,,
17,4249,,,,,,,,,,,,,9.999999747378752e-05,9.999999747378752e-05,3.232564267818816e-06,,,,,,,,,,,,,,,,,,,,,,,,,,,,,,,,,,,,,,,,,,,,,
17,4299,,,,,,,,,,,,,9.999999747378752e-05,9.999999747378752e-05,3.232564267818816e-06,,,,,,,,,,,,,,,,,,,,,,,,,,,,,,,,,,,,,,,,,,,,,
17,4349,,,,,,,,,,,,,9.999999747378752e-05,9.999999747378752e-05,3.232564267818816e-06,,,,,,,,,,,,,,,,,,,,,,,,,,,,,,,,,,,,,,,,,,,,,
17,4399,,,,,,,,,,,,,9.999999747378752e-05,9.999999747378752e-05,3.232564267818816e-06,,,,,,,,,,,,,,,,,,,,,,,,,,,,,,,,,,,,,,,,,,,,,
17,4445,,,,,,,,,,,,,,,,0.9320673942565918,0.3799489140510559,0.32477787137031555,0.4619620144367218,0.6246047019958496,0.9285238981246948,0.9667869806289673,0.6249595880508423,0.5017726421356201,0.8693040609359741,0.4131672978401184,0.9627683758735657,0.8606204986572266,0.9968047142028809,0.9597731828689575,0.8992011547088623,0.8548393845558167,0.8851895928382874,0.931289553642273,0.3673558831214905,0.3424283564090729,0.4583286643028259,0.6401187777519226,0.9298080205917358,0.9656269550323486,0.628534197807312,0.5107402801513672,0.8689035177230835,0.42412376403808594,0.9643866419792175,0.8586824536323547,0.9967821836471558,0.9586194157600403,0.8973456025123596,0.8542771935462952,0.9062296152114868,0.741020679473877,0.7599371671676636,0.8542540073394775,0.9062296152114868,0.741020679473877,0.7599371671676636,0.8542540073394775,0.913458526134491,0.8706951141357422
17,4445,33.83388137817383,33.794532775878906,33.87348175048828,33.61652374267578,0.04326867312192917,2.2177085876464844,0.013569501228630543,0.058185797184705734,0.2646063566207886,0.9576138257980347,0.06923656165599823,0.24911947548389435,,,,,,,,,,,,,,,,,,,,,,,,,,,,,,,,,,,,,,,,,,,,,,,,
18,4449,,,,,,,,,,,,,9.999999747378752e-05,9.999999747378752e-05,3.232564267818816e-06,,,,,,,,,,,,,,,,,,,,,,,,,,,,,,,,,,,,,,,,,,,,,
18,4499,,,,,,,,,,,,,9.999999747378752e-05,9.999999747378752e-05,3.232564267818816e-06,,,,,,,,,,,,,,,,,,,,,,,,,,,,,,,,,,,,,,,,,,,,,
18,4549,,,,,,,,,,,,,9.999999747378752e-05,9.999999747378752e-05,3.232564267818816e-06,,,,,,,,,,,,,,,,,,,,,,,,,,,,,,,,,,,,,,,,,,,,,
18,4599,,,,,,,,,,,,,9.999999747378752e-05,9.999999747378752e-05,3.232564267818816e-06,,,,,,,,,,,,,,,,,,,,,,,,,,,,,,,,,,,,,,,,,,,,,
18,4649,,,,,,,,,,,,,9.999999747378752e-05,9.999999747378752e-05,3.232564267818816e-06,,,,,,,,,,,,,,,,,,,,,,,,,,,,,,,,,,,,,,,,,,,,,
18,4692,,,,,,,,,,,,,,,,0.9336662888526917,0.3662410378456116,0.35422325134277344,0.44532403349876404,0.6266535520553589,0.9318625926971436,0.9652730822563171,0.6288166046142578,0.5273802280426025,0.8681401014328003,0.40736091136932373,0.9637402296066284,0.8577889204025269,0.9968609809875488,0.961601734161377,0.8974096179008484,0.8542015552520752,0.8679417967796326,0.9360430240631104,0.3651261627674103,0.3660181164741516,0.43231940269470215,0.6131883859634399,0.9339171051979065,0.9649192094802856,0.6290989518165588,0.5440201759338379,0.8673767447471619,0.3905980885028839,0.9630938172340393,0.8568953275680542,0.9969397187232971,0.9645840525627136,0.8974736332893372,0.8541259169578552,0.899449348449707,0.7397493124008179,0.756962776184082,0.8576749563217163,0.899449348449707,0.7397493124008179,0.756962776184082,0.8576749563217163,0.905028760433197,0.8488667011260986
18,4692,33.9170036315918,33.833248138427734,33.92282485961914,33.525428771972656,0.02617836743593216,2.1840603351593018,0.013382392935454845,0.05701116472482681,0.2599707841873169,0.9456173181533813,0.06820393353700638,0.2450483739376068,,,,,,,,,,,,,,,,,,,,,,,,,,,,,,,,,,,,,,,,,,,,,,,,
19,4699,,,,,,,,,,,,,9.999999747378752e-05,9.999999747378752e-05,3.232564267818816e-06,,,,,,,,,,,,,,,,,,,,,,,,,,,,,,,,,,,,,,,,,,,,,
19,4749,,,,,,,,,,,,,9.999999747378752e-05,9.999999747378752e-05,3.232564267818816e-06,,,,,,,,,,,,,,,,,,,,,,,,,,,,,,,,,,,,,,,,,,,,,
19,4799,,,,,,,,,,,,,9.999999747378752e-05,9.999999747378752e-05,3.232564267818816e-06,,,,,,,,,,,,,,,,,,,,,,,,,,,,,,,,,,,,,,,,,,,,,
19,4849,,,,,,,,,,,,,9.999999747378752e-05,9.999999747378752e-05,3.232564267818816e-06,,,,,,,,,,,,,,,,,,,,,,,,,,,,,,,,,,,,,,,,,,,,,
19,4899,,,,,,,,,,,,,9.999999747378752e-05,9.999999747378752e-05,3.232564267818816e-06,,,,,,,,,,,,,,,,,,,,,,,,,,,,,,,,,,,,,,,,,,,,,
19,4939,,,,,,,,,,,,,,,,0.9323991537094116,0.36976367235183716,0.37954509258270264,0.4513775110244751,0.6066188216209412,0.9325743913650513,0.9660605788230896,0.6276677846908569,0.5298478603363037,0.865311861038208,0.3912256360054016,0.9648377895355225,0.8607510328292847,0.9967371821403503,0.9648930430412292,0.8933795094490051,0.8558551073074341,0.8737744688987732,0.9287552833557129,0.37440118193626404,0.39307206869125366,0.47043564915657043,0.6000492572784424,0.9312317371368408,0.9672019481658936,0.6262365579605103,0.5156756043434143,0.8632469177246094,0.3918531537055969,0.9665817022323608,0.8646067380905151,0.9965346455574036,0.9652020335197449,0.8892853856086731,0.8575842380523682,0.9021139740943909,0.7412914037704468,0.7611550092697144,0.8568543195724487,0.9021139740943909,0.7412914037704468,0.7611550092697144,0.8568543195724487,0.8777672052383423,0.877335786819458
19,4939,33.887020111083984,33.79643249511719,33.866397857666016,33.630062103271484,0.008957711979746819,2.164884567260742,0.013387894257903099,0.05645473301410675,0.2573617696762085,0.9328451156616211,0.06833477318286896,0.24439723789691925,,,,,,,,,,,,,,,,,,,,,,,,,,,,,,,,,,,,,,,,,,,,,,,,
20,4949,,,,,,,,,,,,,9.999999747378752e-05,9.999999747378752e-05,3.232564267818816e-06,,,,,,,,,,,,,,,,,,,,,,,,,,,,,,,,,,,,,,,,,,,,,
20,4999,,,,,,,,,,,,,9.999999747378752e-05,9.999999747378752e-05,3.232564267818816e-06,,,,,,,,,,,,,,,,,,,,,,,,,,,,,,,,,,,,,,,,,,,,,
20,5049,,,,,,,,,,,,,9.999999747378752e-05,9.999999747378752e-05,3.232564267818816e-06,,,,,,,,,,,,,,,,,,,,,,,,,,,,,,,,,,,,,,,,,,,,,
20,5099,,,,,,,,,,,,,9.999999747378752e-05,9.999999747378752e-05,3.232564267818816e-06,,,,,,,,,,,,,,,,,,,,,,,,,,,,,,,,,,,,,,,,,,,,,
20,5149,,,,,,,,,,,,,9.999999747378752e-05,9.999999747378752e-05,3.232564267818816e-06,,,,,,,,,,,,,,,,,,,,,,,,,,,,,,,,,,,,,,,,,,,,,
20,5186,,,,,,,,,,,,,,,,0.928388237953186,0.3774765729904175,0.3625633716583252,0.4757390022277832,0.5924136638641357,0.9315897226333618,0.9661948680877686,0.6238094568252563,0.5087642669677734,0.8673779964447021,0.39642995595932007,0.9658025503158569,0.8619776368141174,0.9965817928314209,0.9644622802734375,0.8927462100982666,0.8570423722267151,0.8815656900405884,0.9280211925506592,0.38055193424224854,0.33205464482307434,0.48104238510131836,0.5847781300544739,0.9319477677345276,0.9651877284049988,0.6213824152946472,0.5018529295921326,0.8715090751647949,0.4010067582130432,0.9650233387947083,0.8593485355377197,0.9966289401054382,0.9637224674224854,0.8962069749832153,0.856500506401062,0.9018887877464294,0.7374567985534668,0.7622218132019043,0.8596302270889282,0.9018887877464294,0.7374567985534668,0.7622218132019043,0.8596302270889282,0.9186938405036926,0.8592472672462463
20,5186,33.92788314819336,33.74607849121094,33.92586135864258,33.29934310913086,0.014331616461277008,2.159677267074585,0.012998471967875957,0.05619882047176361,0.25342321395874023,0.9454612135887146,0.06664322316646576,0.24076002836227417,,,,,,,,,,,,,,,,,,,,,,,,,,,,,,,,,,,,,,,,,,,,,,,,
21,5199,,,,,,,,,,,,,9.999999747378752e-05,9.999999747378752e-05,3.232564267818816e-06,,,,,,,,,,,,,,,,,,,,,,,,,,,,,,,,,,,,,,,,,,,,,
21,5249,,,,,,,,,,,,,9.999999747378752e-05,9.999999747378752e-05,3.232564267818816e-06,,,,,,,,,,,,,,,,,,,,,,,,,,,,,,,,,,,,,,,,,,,,,
21,5299,,,,,,,,,,,,,9.999999747378752e-05,9.999999747378752e-05,3.232564267818816e-06,,,,,,,,,,,,,,,,,,,,,,,,,,,,,,,,,,,,,,,,,,,,,
21,5349,,,,,,,,,,,,,9.999999747378752e-05,9.999999747378752e-05,3.232564267818816e-06,,,,,,,,,,,,,,,,,,,,,,,,,,,,,,,,,,,,,,,,,,,,,
21,5399,,,,,,,,,,,,,9.999999747378752e-05,9.999999747378752e-05,3.232564267818816e-06,,,,,,,,,,,,,,,,,,,,,,,,,,,,,,,,,,,,,,,,,,,,,
21,5433,,,,,,,,,,,,,,,,0.9269881248474121,0.39146268367767334,0.34421536326408386,0.47980064153671265,0.5847693681716919,0.9286932945251465,0.9648523330688477,0.6208084225654602,0.5086988210678101,0.8704007863998413,0.4039735496044159,0.9640293121337891,0.8580994606018066,0.9966224431991577,0.9627830982208252,0.893616259098053,0.8556573390960693,0.8806672692298889,0.925955057144165,0.40237343311309814,0.3563760817050934,0.47855886816978455,0.5847605466842651,0.9254387617111206,0.9645169973373413,0.6202344298362732,0.5155447125434875,0.8692924380302429,0.4069403409957886,0.9630352258682251,0.8568504452705383,0.996616005897522,0.9618437886238098,0.8910255432128906,0.8548141717910767,0.9020223021507263,0.739657461643219,0.7708893418312073,0.8574585318565369,0.9020223021507263,0.739657461643219,0.7708893418312073,0.8574585318565369,0.8924384713172913,0.875763475894928
21,5433,33.875885009765625,33.79782485961914,33.912574768066406,33.47203826904297,0.018705515190958977,2.110811710357666,0.012920694425702095,0.05428823083639145,0.25198477506637573,0.917256236076355,0.06637778133153915,0.23638510704040527,,,,,,,,,,,,,,,,,,,,,,,,,,,,,,,,,,,,,,,,,,,,,,,,
22,5449,,,,,,,,,,,,,9.999999747378752e-05,9.999999747378752e-05,3.232564267818816e-06,,,,,,,,,,,,,,,,,,,,,,,,,,,,,,,,,,,,,,,,,,,,,
22,5499,,,,,,,,,,,,,9.999999747378752e-05,9.999999747378752e-05,3.232564267818816e-06,,,,,,,,,,,,,,,,,,,,,,,,,,,,,,,,,,,,,,,,,,,,,
22,5549,,,,,,,,,,,,,9.999999747378752e-05,9.999999747378752e-05,3.232564267818816e-06,,,,,,,,,,,,,,,,,,,,,,,,,,,,,,,,,,,,,,,,,,,,,
22,5599,,,,,,,,,,,,,9.999999747378752e-05,9.999999747378752e-05,3.232564267818816e-06,,,,,,,,,,,,,,,,,,,,,,,,,,,,,,,,,,,,,,,,,,,,,
22,5649,,,,,,,,,,,,,9.999999747378752e-05,9.999999747378752e-05,3.232564267818816e-06,,,,,,,,,,,,,,,,,,,,,,,,,,,,,,,,,,,,,,,,,,,,,
22,5680,,,,,,,,,,,,,,,,0.9254530072212219,0.37758269906044006,0.3650984764099121,0.4694175124168396,0.6016483306884766,0.9260551333427429,0.9658433198928833,0.624890148639679,0.49957555532455444,0.8708257675170898,0.4002268612384796,0.964664101600647,0.8583953976631165,0.9964402914047241,0.9641492366790771,0.8914796113967896,0.8559383749961853,0.8743545413017273,0.9249509572982788,0.352791965007782,0.3738209009170532,0.46027612686157227,0.6185361742973328,0.9266715049743652,0.9671697020530701,0.6295458674430847,0.48360639810562134,0.8723591566085815,0.39351338148117065,0.9662929177284241,0.8599403500556946,0.996264636516571,0.9664546847343445,0.8919336795806885,0.857062578201294,0.8980827331542969,0.7377170920372009,0.7645270824432373,0.8565235733985901,0.8980827331542969,0.7377170920372009,0.7645270824432373,0.8565235733985901,0.9170603156089783,0.8474475741386414
22,5680,33.94344711303711,33.8958740234375,33.941802978515625,33.69154739379883,0.023808252066373825,2.1343612670898438,0.013142921961843967,0.05645465850830078,0.25183597207069397,0.9197655320167542,0.06669364124536514,0.2406918704509735,,,,,,,,,,,,,,,,,,,,,,,,,,,,,,,,,,,,,,,,,,,,,,,,
23,5699,,,,,,,,,,,,,9.999999747378752e-05,9.999999747378752e-05,3.232564267818816e-06,,,,,,,,,,,,,,,,,,,,,,,,,,,,,,,,,,,,,,,,,,,,,
23,5749,,,,,,,,,,,,,9.999999747378752e-05,9.999999747378752e-05,3.232564267818816e-06,,,,,,,,,,,,,,,,,,,,,,,,,,,,,,,,,,,,,,,,,,,,,
23,5799,,,,,,,,,,,,,9.999999747378752e-05,9.999999747378752e-05,3.232564267818816e-06,,,,,,,,,,,,,,,,,,,,,,,,,,,,,,,,,,,,,,,,,,,,,
23,5849,,,,,,,,,,,,,9.999999747378752e-05,9.999999747378752e-05,3.232564267818816e-06,,,,,,,,,,,,,,,,,,,,,,,,,,,,,,,,,,,,,,,,,,,,,
23,5899,,,,,,,,,,,,,9.999999747378752e-05,9.999999747378752e-05,3.232564267818816e-06,,,,,,,,,,,,,,,,,,,,,,,,,,,,,,,,,,,,,,,,,,,,,
23,5927,,,,,,,,,,,,,,,,0.9231035709381104,0.36297017335891724,0.36273959279060364,0.4603022336959839,0.6001476049423218,0.927166223526001,0.9658472537994385,0.6280332803726196,0.5050845146179199,0.8732635974884033,0.3919868469238281,0.9654920101165771,0.8582061529159546,0.99530428647995,0.9668300151824951,0.8930523991584778,0.8561891317367554,0.8765528798103333,0.9212561249732971,0.3731484115123749,0.35165828466415405,0.4603283405303955,0.5817590951919556,0.9276609420776367,0.9645248055458069,0.6265207529067993,0.5265626311302185,0.8741679787635803,0.3904603123664856,0.964691162109375,0.8564719557762146,0.9943439364433289,0.9672054052352905,0.8941711187362671,0.8553157448768616,0.8990182876586914,0.7370733618736267,0.7617754936218262,0.8487128019332886,0.8990182876586914,0.7370733618736267,0.7617754936218262,0.8487128019332886,0.8763926029205322,0.8805570602416992
23,5927,33.893978118896484,33.92092514038086,33.90726089477539,33.6287956237793,0.018322840332984924,2.100639820098877,0.012805218808352947,0.05440943315625191,0.24803228676319122,0.9152008891105652,0.06555718928575516,0.23510897159576416,,,,,,,,,,,,,,,,,,,,,,,,,,,,,,,,,,,,,,,,,,,,,,,,
24,5949,,,,,,,,,,,,,9.999999747378752e-05,9.999999747378752e-05,3.232564267818816e-06,,,,,,,,,,,,,,,,,,,,,,,,,,,,,,,,,,,,,,,,,,,,,
24,5999,,,,,,,,,,,,,9.999999747378752e-05,9.999999747378752e-05,3.232564267818816e-06,,,,,,,,,,,,,,,,,,,,,,,,,,,,,,,,,,,,,,,,,,,,,
24,6049,,,,,,,,,,,,,9.999999747378752e-05,9.999999747378752e-05,3.232564267818816e-06,,,,,,,,,,,,,,,,,,,,,,,,,,,,,,,,,,,,,,,,,,,,,
24,6099,,,,,,,,,,,,,9.999999747378752e-05,9.999999747378752e-05,3.232564267818816e-06,,,,,,,,,,,,,,,,,,,,,,,,,,,,,,,,,,,,,,,,,,,,,
24,6149,,,,,,,,,,,,,9.999999747378752e-05,9.999999747378752e-05,3.232564267818816e-06,,,,,,,,,,,,,,,,,,,,,,,,,,,,,,,,,,,,,,,,,,,,,
24,6174,,,,,,,,,,,,,,,,0.9208425283432007,0.3776369094848633,0.3441939353942871,0.45540332794189453,0.6029181480407715,0.928019642829895,0.9659609794616699,0.6241737604141235,0.5332130193710327,0.8715956211090088,0.40932387113571167,0.9639402627944946,0.854978084564209,0.994213879108429,0.9674500226974487,0.892774224281311,0.8559595346450806,0.8801220655441284,0.9204289317131042,0.3821253776550293,0.3367295563220978,0.45047831535339355,0.6240772008895874,0.9283784031867981,0.9673970937728882,0.6218267679214478,0.5398634672164917,0.869023323059082,0.42818745970726013,0.9631893634796143,0.8534841537475586,0.994083821773529,0.9676946997642517,0.8913773894309998,0.8566033840179443,0.902660608291626,0.7408793568611145,0.7660749554634094,0.8517611026763916,0.902660608291626,0.7408793568611145,0.7660749554634094,0.8517611026763916,0.9162791967391968,0.8580418825149536
24,6174,33.924468994140625,33.955718994140625,33.96027374267578,33.83388137817383,0.013068040832877159,2.0549426078796387,0.012770069763064384,0.05338532477617264,0.24597501754760742,0.8881255388259888,0.06476444005966187,0.23026791214942932,,,,,,,,,,,,,,,,,,,,,,,,,,,,,,,,,,,,,,,,,,,,,,,,
25,6199,,,,,,,,,,,,,9.999999747378752e-05,9.999999747378752e-05,3.232564267818816e-06,,,,,,,,,,,,,,,,,,,,,,,,,,,,,,,,,,,,,,,,,,,,,
25,6249,,,,,,,,,,,,,9.999999747378752e-05,9.999999747378752e-05,3.232564267818816e-06,,,,,,,,,,,,,,,,,,,,,,,,,,,,,,,,,,,,,,,,,,,,,
25,6299,,,,,,,,,,,,,9.999999747378752e-05,9.999999747378752e-05,3.232564267818816e-06,,,,,,,,,,,,,,,,,,,,,,,,,,,,,,,,,,,,,,,,,,,,,
25,6349,,,,,,,,,,,,,9.999999747378752e-05,9.999999747378752e-05,3.232564267818816e-06,,,,,,,,,,,,,,,,,,,,,,,,,,,,,,,,,,,,,,,,,,,,,
25,6399,,,,,,,,,,,,,9.999999747378752e-05,9.999999747378752e-05,3.232564267818816e-06,,,,,,,,,,,,,,,,,,,,,,,,,,,,,,,,,,,,,,,,,,,,,
25,6421,,,,,,,,,,,,,,,,0.9194769263267517,0.38107389211654663,0.3513103127479553,0.45892593264579773,0.6184492111206055,0.9282611608505249,0.967637300491333,0.6224364638328552,0.517392098903656,0.8680986166000366,0.4121096730232239,0.9638969898223877,0.8548238277435303,0.99543297290802,0.9655882120132446,0.8950530290603638,0.8561735153198242,0.8754239678382874,0.9185249209403992,0.38002243638038635,0.36589109897613525,0.4673735499382019,0.6128212213516235,0.9281439781188965,0.9678774476051331,0.6230461597442627,0.4949207007884979,0.867173969745636,0.3960318863391876,0.9646046161651611,0.8561635613441467,0.9967821836471558,0.9634817838668823,0.898728609085083,0.8557437062263489,0.9056979417800903,0.7386665940284729,0.7546705007553101,0.8542875051498413,0.9056979417800903,0.7386665940284729,0.7546705007553101,0.8542875051498413,0.9097141623497009,0.856168806552887
25,6421,33.91447448730469,33.94268798828125,33.931678771972656,33.82755661010742,0.0052415793761610985,2.047562837600708,0.012608797289431095,0.05328156426548958,0.24342487752437592,0.8854204416275024,0.06446342915296555,0.23016983270645142,,,,,,,,,,,,,,,,,,,,,,,,,,,,,,,,,,,,,,,,,,,,,,,,
26,6449,,,,,,,,,,,,,9.999999747378752e-05,9.999999747378752e-05,3.232564267818816e-06,,,,,,,,,,,,,,,,,,,,,,,,,,,,,,,,,,,,,,,,,,,,,
26,6499,,,,,,,,,,,,,9.999999747378752e-05,9.999999747378752e-05,3.232564267818816e-06,,,,,,,,,,,,,,,,,,,,,,,,,,,,,,,,,,,,,,,,,,,,,
26,6549,,,,,,,,,,,,,9.999999747378752e-05,9.999999747378752e-05,3.232564267818816e-06,,,,,,,,,,,,,,,,,,,,,,,,,,,,,,,,,,,,,,,,,,,,,
26,6599,,,,,,,,,,,,,9.999999747378752e-05,9.999999747378752e-05,3.232564267818816e-06,,,,,,,,,,,,,,,,,,,,,,,,,,,,,,,,,,,,,,,,,,,,,
26,6649,,,,,,,,,,,,,9.999999747378752e-05,9.999999747378752e-05,3.232564267818816e-06,,,,,,,,,,,,,,,,,,,,,,,,,,,,,,,,,,,,,,,,,,,,,
26,6668,,,,,,,,,,,,,,,,0.9222149848937988,0.3597520589828491,0.35292887687683105,0.4537379741668701,0.630902886390686,0.9254181385040283,0.9681442975997925,0.6170910596847534,0.4908071458339691,0.8645169734954834,0.39944523572921753,0.9656609296798706,0.8577494025230408,0.9964221715927124,0.9641395807266235,0.8972307443618774,0.8557696342468262,0.8759222030639648,0.9259051084518433,0.3394817113876343,0.33996662497520447,0.4401024281978607,0.6489845514297485,0.9226922392845154,0.9684110879898071,0.6111360192298889,0.4866935908794403,0.861859917640686,0.40285858511924744,0.9667172431945801,0.8593352437019348,0.9960620999336243,0.9647973775863647,0.8957328796386719,0.8557955622673035,0.9010844826698303,0.7345018982887268,0.7583247423171997,0.8490651845932007,0.9010844826698303,0.7345018982887268,0.7583247423171997,0.8490651845932007,0.9154516458511353,0.8541699647903442
26,6668,33.91244888305664,33.88220977783203,33.91434860229492,33.87575912475586,0.030922770500183105,1.9892361164093018,0.012224911712110043,0.050524644553661346,0.2409275472164154,0.8628547191619873,0.06303716450929642,0.22281575202941895,,,,,,,,,,,,,,,,,,,,,,,,,,,,,,,,,,,,,,,,,,,,,,,,
27,6699,,,,,,,,,,,,,9.999999747378752e-05,9.999999747378752e-05,3.232564267818816e-06,,,,,,,,,,,,,,,,,,,,,,,,,,,,,,,,,,,,,,,,,,,,,
27,6749,,,,,,,,,,,,,9.999999747378752e-05,9.999999747378752e-05,3.232564267818816e-06,,,,,,,,,,,,,,,,,,,,,,,,,,,,,,,,,,,,,,,,,,,,,
27,6799,,,,,,,,,,,,,9.999999747378752e-05,9.999999747378752e-05,3.232564267818816e-06,,,,,,,,,,,,,,,,,,,,,,,,,,,,,,,,,,,,,,,,,,,,,
27,6849,,,,,,,,,,,,,9.999999747378752e-05,9.999999747378752e-05,3.232564267818816e-06,,,,,,,,,,,,,,,,,,,,,,,,,,,,,,,,,,,,,,,,,,,,,
27,6899,,,,,,,,,,,,,9.999999747378752e-05,9.999999747378752e-05,3.232564267818816e-06,,,,,,,,,,,,,,,,,,,,,,,,,,,,,,,,,,,,,,,,,,,,,
27,6915,,,,,,,,,,,,,,,,0.9266350865364075,0.3421093225479126,0.3531532883644104,0.44278764724731445,0.637564480304718,0.9219504594802856,0.9663528800010681,0.6115809679031372,0.4952690601348877,0.8626604080200195,0.39984020590782166,0.9659672975540161,0.8592929840087891,0.9958820939064026,0.9622304439544678,0.8956587314605713,0.8550920486450195,0.8748785853385925,0.9273650646209717,0.34473690390586853,0.36633992195129395,0.4454728960990906,0.6261444091796875,0.9212086200714111,0.9642946720123291,0.6120259761810303,0.5038445591926575,0.8634609580039978,0.3968218266963959,0.9652173519134521,0.8592507839202881,0.9957020878791809,0.959663450717926,0.8955846428871155,0.8543885946273804,0.8991808295249939,0.7353836894035339,0.7529557347297668,0.8534129858016968,0.8991808295249939,0.7353836894035339,0.7529557347297668,0.8534129858016968,0.9099313020706177,0.8572150468826294
27,6915,33.91358947753906,34.00075912475586,33.95711135864258,33.89081573486328,0.003968767821788788,2.0011723041534424,0.012498820200562477,0.05213457718491554,0.23983871936798096,0.8597452640533447,0.06369425356388092,0.22551694512367249,,,,,,,,,,,,,,,,,,,,,,,,,,,,,,,,,,,,,,,,,,,,,,,,
28,6949,,,,,,,,,,,,,9.999999747378752e-05,9.999999747378752e-05,3.232564267818816e-06,,,,,,,,,,,,,,,,,,,,,,,,,,,,,,,,,,,,,,,,,,,,,
28,6999,,,,,,,,,,,,,9.999999747378752e-05,9.999999747378752e-05,3.232564267818816e-06,,,,,,,,,,,,,,,,,,,,,,,,,,,,,,,,,,,,,,,,,,,,,
28,7049,,,,,,,,,,,,,9.999999747378752e-05,9.999999747378752e-05,3.232564267818816e-06,,,,,,,,,,,,,,,,,,,,,,,,,,,,,,,,,,,,,,,,,,,,,
28,7099,,,,,,,,,,,,,9.999999747378752e-05,9.999999747378752e-05,3.232564267818816e-06,,,,,,,,,,,,,,,,,,,,,,,,,,,,,,,,,,,,,,,,,,,,,
28,7149,,,,,,,,,,,,,9.999999747378752e-05,9.999999747378752e-05,3.232564267818816e-06,,,,,,,,,,,,,,,,,,,,,,,,,,,,,,,,,,,,,,,,,,,,,
28,7162,,,,,,,,,,,,,,,,0.9269700050354004,0.36986243724823,0.3778216242790222,0.4373626112937927,0.6130875945091248,0.9248871207237244,0.9651123881340027,0.6140091419219971,0.4950482249259949,0.8660305738449097,0.4065384864807129,0.9635727405548096,0.8579729795455933,0.9940121173858643,0.959486722946167,0.8955892324447632,0.855004072189331,0.8788818717002869,0.9265749454498291,0.3949880003929138,0.3893032968044281,0.4292522966861725,0.600030779838562,0.9285656213760376,0.9659301042556763,0.6159923076629639,0.48625192046165466,0.8686001896858215,0.4162551462650299,0.9619280695915222,0.8566952347755432,0.9923221468925476,0.9593099355697632,0.8955938220024109,0.8556196093559265,0.9007695913314819,0.7378360629081726,0.7583722472190857,0.8491727709770203,0.9007695913314819,0.7378360629081726,0.7583722472190857,0.8491727709770203,0.9018990993499756,0.8693495988845825
28,7162,33.96622085571289,34.0621223449707,33.98456573486328,33.933956146240234,0.017074894160032272,1.970937967300415,0.012098300270736217,0.05072171613574028,0.23670543730258942,0.850647509098053,0.06244293227791786,0.22229944169521332,,,,,,,,,,,,,,,,,,,,,,,,,,,,,,,,,,,,,,,,,,,,,,,,
29,7199,,,,,,,,,,,,,9.999999747378752e-05,9.999999747378752e-05,3.232564267818816e-06,,,,,,,,,,,,,,,,,,,,,,,,,,,,,,,,,,,,,,,,,,,,,
29,7249,,,,,,,,,,,,,9.999999747378752e-05,9.999999747378752e-05,3.232564267818816e-06,,,,,,,,,,,,,,,,,,,,,,,,,,,,,,,,,,,,,,,,,,,,,
29,7299,,,,,,,,,,,,,9.999999747378752e-05,9.999999747378752e-05,3.232564267818816e-06,,,,,,,,,,,,,,,,,,,,,,,,,,,,,,,,,,,,,,,,,,,,,
29,7349,,,,,,,,,,,,,9.999999747378752e-05,9.999999747378752e-05,3.232564267818816e-06,,,,,,,,,,,,,,,,,,,,,,,,,,,,,,,,,,,,,,,,,,,,,
29,7399,,,,,,,,,,,,,9.999999747378752e-05,9.999999747378752e-05,3.232564267818816e-06,,,,,,,,,,,,,,,,,,,,,,,,,,,,,,,,,,,,,,,,,,,,,
29,7409,,,,,,,,,,,,,,,,0.9257124662399292,0.39121055603027344,0.37672775983810425,0.44065117835998535,0.5860744714736938,0.9270020723342896,0.9646446704864502,0.6188123226165771,0.4838789701461792,0.8680039644241333,0.410065233707428,0.9605571031570435,0.8577061891555786,0.9945746660232544,0.9599452018737793,0.8940160274505615,0.8555322885513306,0.8780756592750549,0.9248499870300293,0.38743314146995544,0.3641522526741028,0.4520500898361206,0.5721182227134705,0.9254385828971863,0.9633592367172241,0.6216323375701904,0.4815060496330261,0.8674076795578003,0.40387535095214844,0.9591861963272095,0.8587172031402588,0.9968271851539612,0.9605805277824402,0.8924382328987122,0.8554449081420898,0.8993771076202393,0.7345304489135742,0.7554394006729126,0.8457925915718079,0.8993771076202393,0.7345304489135742,0.7554394006729126,0.8457925915718079,0.8987542986869812,0.8693783283233643
29,7409,33.931678771972656,34.112979888916016,33.9305419921875,33.89119338989258,0.030424294993281364,1.9475980997085571,0.012063492089509964,0.049613527953624725,0.2346307337284088,0.8431432247161865,0.062032390385866165,0.21868710219860077,,,,,,,,,,,,,,,,,,,,,,,,,,,,,,,,,,,,,,,,,,,,,,,,
30,7449,,,,,,,,,,,,,9.999999747378752e-05,9.999999747378752e-05,3.232564267818816e-06,,,,,,,,,,,,,,,,,,,,,,,,,,,,,,,,,,,,,,,,,,,,,
30,7499,,,,,,,,,,,,,9.999999747378752e-05,9.999999747378752e-05,3.232564267818816e-06,,,,,,,,,,,,,,,,,,,,,,,,,,,,,,,,,,,,,,,,,,,,,
30,7549,,,,,,,,,,,,,9.999999747378752e-05,9.999999747378752e-05,3.232564267818816e-06,,,,,,,,,,,,,,,,,,,,,,,,,,,,,,,,,,,,,,,,,,,,,
30,7599,,,,,,,,,,,,,9.999999747378752e-05,9.999999747378752e-05,3.232564267818816e-06,,,,,,,,,,,,,,,,,,,,,,,,,,,,,,,,,,,,,,,,,,,,,
30,7649,,,,,,,,,,,,,9.999999747378752e-05,9.999999747378752e-05,3.232564267818816e-06,,,,,,,,,,,,,,,,,,,,,,,,,,,,,,,,,,,,,,,,,,,,,
30,7656,,,,,,,,,,,,,,,,0.925139844417572,0.3892710208892822,0.3568166494369507,0.45201462507247925,0.5833837985992432,0.9258154034614563,0.9642902612686157,0.622997522354126,0.48881372809410095,0.8689216375350952,0.40847593545913696,0.9596796035766602,0.8576335906982422,0.9967033863067627,0.9635359644889832,0.8903192281723022,0.855013370513916,0.881483256816864,0.9254297018051147,0.3911088705062866,0.3494810461997986,0.4519791305065155,0.5946493744850159,0.9261922240257263,0.9652213454246521,0.6243626475334167,0.4961214065551758,0.8704355955123901,0.4130765199661255,0.9601730704307556,0.8565499782562256,0.996579647064209,0.9664914011955261,0.8882002830505371,0.8545817732810974,0.9020106792449951,0.7370961308479309,0.7536628842353821,0.851524293422699,0.9020106792449951,0.7370961308479309,0.7536628842353821,0.851524293422699,0.9186294674873352,0.8611820340156555
30,7656,33.95736312866211,33.924217224121094,33.96128463745117,33.892333984375,4.0154708358386415e-07,1.966361403465271,0.012037627398967743,0.050066955387592316,0.23506681621074677,0.8566241264343262,0.061700958758592606,0.22037288546562195,,,,,,,,,,,,,,,,,,,,,,,,,,,,,,,,,,,,,,,,,,,,,,,,
31,7699,,,,,,,,,,,,,9.999999747378752e-05,9.999999747378752e-05,3.232564267818816e-06,,,,,,,,,,,,,,,,,,,,,,,,,,,,,,,,,,,,,,,,,,,,,
31,7749,,,,,,,,,,,,,9.999999747378752e-05,9.999999747378752e-05,3.232564267818816e-06,,,,,,,,,,,,,,,,,,,,,,,,,,,,,,,,,,,,,,,,,,,,,
31,7799,,,,,,,,,,,,,9.999999747378752e-05,9.999999747378752e-05,3.232564267818816e-06,,,,,,,,,,,,,,,,,,,,,,,,,,,,,,,,,,,,,,,,,,,,,
31,7849,,,,,,,,,,,,,9.999999747378752e-05,9.999999747378752e-05,3.232564267818816e-06,,,,,,,,,,,,,,,,,,,,,,,,,,,,,,,,,,,,,,,,,,,,,
31,7899,,,,,,,,,,,,,9.999999747378752e-05,9.999999747378752e-05,3.232564267818816e-06,,,,,,,,,,,,,,,,,,,,,,,,,,,,,,,,,,,,,,,,,,,,,
31,7903,,,,,,,,,,,,,,,,0.9257996678352356,0.37655171751976013,0.3506677746772766,0.4471108913421631,0.5878428220748901,0.924031138420105,0.9653388261795044,0.6284698247909546,0.45774269104003906,0.8704624176025391,0.42717593908309937,0.9589558243751526,0.8569046258926392,0.9966246485710144,0.9637481570243835,0.8871400952339172,0.8545056581497192,0.8810200691223145,0.9261696338653564,0.36199456453323364,0.351854532957077,0.44224268198013306,0.5810363292694092,0.9218699932098389,0.9654563665390015,0.6325769424438477,0.41936400532722473,0.870489239692688,0.44127538800239563,0.9577385783195496,0.8572593331336975,0.9966696500778198,0.961004912853241,0.8860799074172974,0.8544294834136963,0.9015629291534424,0.7310301065444946,0.7499645948410034,0.8549448847770691,0.9015629291534424,0.7310301065444946,0.7499645948410034,0.8549448847770691,0.883446455001831,0.8842384815216064
31,7903,33.93130111694336,34.021888732910156,33.955718994140625,33.82869338989258,0.025209804996848106,1.9743229150772095,0.01208330038934946,0.05184824392199516,0.23332810401916504,0.8539217114448547,0.06154784932732582,0.22216010093688965,,,,,,,,,,,,,,,,,,,,,,,,,,,,,,,,,,,,,,,,,,,,,,,,
32,7949,,,,,,,,,,,,,9.999999747378752e-05,9.999999747378752e-05,3.232564267818816e-06,,,,,,,,,,,,,,,,,,,,,,,,,,,,,,,,,,,,,,,,,,,,,
32,7999,,,,,,,,,,,,,9.999999747378752e-05,9.999999747378752e-05,3.232564267818816e-06,,,,,,,,,,,,,,,,,,,,,,,,,,,,,,,,,,,,,,,,,,,,,
32,8049,,,,,,,,,,,,,9.999999747378752e-05,9.999999747378752e-05,3.232564267818816e-06,,,,,,,,,,,,,,,,,,,,,,,,,,,,,,,,,,,,,,,,,,,,,
32,8099,,,,,,,,,,,,,9.999999747378752e-05,9.999999747378752e-05,3.232564267818816e-06,,,,,,,,,,,,,,,,,,,,,,,,,,,,,,,,,,,,,,,,,,,,,
32,8149,,,,,,,,,,,,,9.999999747378752e-05,9.999999747378752e-05,3.232564267818816e-06,,,,,,,,,,,,,,,,,,,,,,,,,,,,,,,,,,,,,,,,,,,,,
32,8150,,,,,,,,,,,,,,,,0.9232993125915527,0.3710727095603943,0.3417511582374573,0.43982458114624023,0.5794243812561035,0.9185290336608887,0.9656403660774231,0.6316283941268921,0.4478312134742737,0.8685417771339417,0.44049692153930664,0.9586089253425598,0.8557984828948975,0.9965722560882568,0.9632540941238403,0.886082112789154,0.8555905818939209,0.874954104423523,0.9204290509223938,0.38015085458755493,0.33164775371551514,0.4374065101146698,0.5778124928474426,0.9151880741119385,0.9658243656158447,0.6306798458099365,0.47629839181900024,0.8665943145751953,0.43971842527389526,0.9594792723655701,0.8543375730514526,0.9964748024940491,0.9655032157897949,0.8860843181610107,0.8567517399787903,0.8984153866767883,0.7329635620117188,0.7506661415100098,0.8496415615081787,0.8984153866767883,0.7329635620117188,0.7506661415100098,0.8496415615081787,0.9107816219329834,0.8563708066940308
32,8150,33.912574768066406,33.94041061401367,33.93674087524414,33.8996696472168,0.005152188707143068,1.9405227899551392,0.011871261522173882,0.05013471841812134,0.23029594123363495,0.8429728746414185,0.06098267063498497,0.21763017773628235,,,,,,,,,,,,,,,,,,,,,,,,,,,,,,,,,,,,,,,,,,,,,,,,
33,8199,,,,,,,,,,,,,9.999999747378752e-05,9.999999747378752e-05,3.232564267818816e-06,,,,,,,,,,,,,,,,,,,,,,,,,,,,,,,,,,,,,,,,,,,,,
33,8249,,,,,,,,,,,,,9.999999747378752e-05,9.999999747378752e-05,3.232564267818816e-06,,,,,,,,,,,,,,,,,,,,,,,,,,,,,,,,,,,,,,,,,,,,,
33,8299,,,,,,,,,,,,,9.999999747378752e-05,9.999999747378752e-05,3.232564267818816e-06,,,,,,,,,,,,,,,,,,,,,,,,,,,,,,,,,,,,,,,,,,,,,
33,8349,,,,,,,,,,,,,9.999999747378752e-05,9.999999747378752e-05,3.232564267818816e-06,,,,,,,,,,,,,,,,,,,,,,,,,,,,,,,,,,,,,,,,,,,,,
33,8397,,,,,,,,,,,,,,,,0.9257010221481323,0.39123597741127014,0.3433123826980591,0.44572558999061584,0.5911173820495605,0.9174099564552307,0.9661694765090942,0.6290467977523804,0.4631728529930115,0.8660920858383179,0.42780086398124695,0.9593843221664429,0.8558013439178467,0.996553361415863,0.9663430452346802,0.8890066742897034,0.8563721179962158,0.8838921189308167,0.9309730529785156,0.40232110023498535,0.354977011680603,0.4540446698665619,0.6044223308563232,0.919631838798523,0.966514527797699,0.627413809299469,0.4500472843647003,0.8655899167060852,0.41588330268859863,0.9592893719673157,0.857265055179596,0.996631920337677,0.9671828746795654,0.891929030418396,0.8559925556182861,0.9022216796875,0.7364770174026489,0.7522844672203064,0.8552390933036804,0.9022216796875,0.7364770174026489,0.7522844672203064,0.8552390933036804,0.9187151193618774,0.864434003829956
33,8397,33.9267463684082,34.00645065307617,33.9482536315918,33.886512756347656,0.00630518514662981,1.9890611171722412,0.012313184328377247,0.05319911614060402,0.23418278992176056,0.8535404801368713,0.0621010847389698,0.22478699684143066,,,,,,,,,,,,,,,,,,,,,,,,,,,,,,,,,,,,,,,,,,,,,,,,
34,8399,,,,,,,,,,,,,9.999999747378752e-05,9.999999747378752e-05,3.232564267818816e-06,,,,,,,,,,,,,,,,,,,,,,,,,,,,,,,,,,,,,,,,,,,,,
34,8449,,,,,,,,,,,,,9.999999747378752e-05,9.999999747378752e-05,3.232564267818816e-06,,,,,,,,,,,,,,,,,,,,,,,,,,,,,,,,,,,,,,,,,,,,,
34,8499,,,,,,,,,,,,,9.999999747378752e-05,9.999999747378752e-05,3.232564267818816e-06,,,,,,,,,,,,,,,,,,,,,,,,,,,,,,,,,,,,,,,,,,,,,
34,8549,,,,,,,,,,,,,9.999999747378752e-05,9.999999747378752e-05,3.232564267818816e-06,,,,,,,,,,,,,,,,,,,,,,,,,,,,,,,,,,,,,,,,,,,,,
34,8599,,,,,,,,,,,,,9.999999747378752e-05,9.999999747378752e-05,3.232564267818816e-06,,,,,,,,,,,,,,,,,,,,,,,,,,,,,,,,,,,,,,,,,,,,,
34,8644,,,,,,,,,,,,,,,,0.9296072721481323,0.39637264609336853,0.3601900041103363,0.4587908387184143,0.5849412679672241,0.92214035987854,0.966259777545929,0.6251481175422668,0.4782697558403015,0.8666723966598511,0.4194621443748474,0.9611179232597351,0.854932427406311,0.9966282844543457,0.9637420177459717,0.8895612955093384,0.8559535145759583,0.8763253092765808,0.928241491317749,0.3904241919517517,0.3654029965400696,0.4635370075702667,0.565460205078125,0.9246488809585571,0.9660050272941589,0.6228824257850647,0.5064921975135803,0.8677548766136169,0.4230409562587738,0.9629464745521545,0.8525998592376709,0.9966246485710144,0.9603012204170227,0.887193500995636,0.8559144735336304,0.902301549911499,0.7376158833503723,0.7537784576416016,0.8460978269577026,0.902301549911499,0.7376158833503723,0.7537784576416016,0.8460978269577026,0.8985518217086792,0.8671669960021973
34,8644,33.956729888916016,33.90498352050781,33.96925735473633,33.861968994140625,0.004877932369709015,1.9200968742370605,0.011809274554252625,0.05019999295473099,0.22777587175369263,0.8317906260490417,0.05986790359020233,0.2153739333152771,,,,,,,,,,,,,,,,,,,,,,,,,,,,,,,,,,,,,,,,,,,,,,,,
35,8649,,,,,,,,,,,,,9.999999747378752e-05,9.999999747378752e-05,3.232564267818816e-06,,,,,,,,,,,,,,,,,,,,,,,,,,,,,,,,,,,,,,,,,,,,,
35,8699,,,,,,,,,,,,,9.999999747378752e-05,9.999999747378752e-05,3.232564267818816e-06,,,,,,,,,,,,,,,,,,,,,,,,,,,,,,,,,,,,,,,,,,,,,
35,8749,,,,,,,,,,,,,9.999999747378752e-05,9.999999747378752e-05,3.232564267818816e-06,,,,,,,,,,,,,,,,,,,,,,,,,,,,,,,,,,,,,,,,,,,,,
35,8799,,,,,,,,,,,,,9.999999747378752e-05,9.999999747378752e-05,3.232564267818816e-06,,,,,,,,,,,,,,,,,,,,,,,,,,,,,,,,,,,,,,,,,,,,,
35,8849,,,,,,,,,,,,,9.999999747378752e-05,9.999999747378752e-05,3.232564267818816e-06,,,,,,,,,,,,,,,,,,,,,,,,,,,,,,,,,,,,,,,,,,,,,
35,8891,,,,,,,,,,,,,,,,0.9277353286743164,0.39435943961143494,0.3596264719963074,0.46125102043151855,0.5662113428115845,0.925830602645874,0.9663533568382263,0.6247552037239075,0.5380533933639526,0.867404580116272,0.407742440700531,0.9638326168060303,0.8525329828262329,0.9966809153556824,0.9575035572052002,0.8878490328788757,0.8555469512939453,0.8795373439788818,0.9272292256355286,0.39829468727111816,0.35384994745254517,0.4589650630950928,0.566962480545044,0.9270123243331909,0.9667016863822937,0.6266279816627502,0.569614589214325,0.8670542240142822,0.3924439251422882,0.9647188186645508,0.8524661660194397,0.9967371821403503,0.9547058939933777,0.8885045647621155,0.855179488658905,0.9008767008781433,0.7392393350601196,0.7670412659645081,0.847385823726654,0.9008767008781433,0.7392393350601196,0.7670412659645081,0.847385823726654,0.9248216152191162,0.8560450077056885
35,8891,33.92750549316406,33.93623352050781,33.93534851074219,33.825279235839844,0.011673776432871819,1.91376531124115,0.011613335460424423,0.049115799367427826,0.2278362363576889,0.8346583843231201,0.05948909744620323,0.21432362496852875,,,,,,,,,,,,,,,,,,,,,,,,,,,,,,,,,,,,,,,,,,,,,,,,
36,8899,,,,,,,,,,,,,9.999999747378752e-05,9.999999747378752e-05,3.232564267818816e-06,,,,,,,,,,,,,,,,,,,,,,,,,,,,,,,,,,,,,,,,,,,,,
36,8949,,,,,,,,,,,,,9.999999747378752e-05,9.999999747378752e-05,3.232564267818816e-06,,,,,,,,,,,,,,,,,,,,,,,,,,,,,,,,,,,,,,,,,,,,,
36,8999,,,,,,,,,,,,,9.999999747378752e-05,9.999999747378752e-05,3.232564267818816e-06,,,,,,,,,,,,,,,,,,,,,,,,,,,,,,,,,,,,,,,,,,,,,
36,9049,,,,,,,,,,,,,9.999999747378752e-05,9.999999747378752e-05,3.232564267818816e-06,,,,,,,,,,,,,,,,,,,,,,,,,,,,,,,,,,,,,,,,,,,,,
36,9099,,,,,,,,,,,,,9.999999747378752e-05,9.999999747378752e-05,3.232564267818816e-06,,,,,,,,,,,,,,,,,,,,,,,,,,,,,,,,,,,,,,,,,,,,,
36,9138,,,,,,,,,,,,,,,,0.9276830554008484,0.3836810886859894,0.3544052243232727,0.4653235077857971,0.5619306564331055,0.9259135723114014,0.9669545888900757,0.6263090372085571,0.555239737033844,0.8690102100372314,0.4080136716365814,0.9634212255477905,0.8535350561141968,0.9964559078216553,0.95658940076828,0.8889490962028503,0.8537766337394714,0.870850682258606,0.9281368851661682,0.3690674901008606,0.35496047139167786,0.47168198227882385,0.556898832321167,0.9248148202896118,0.9672074317932129,0.6259900331497192,0.540864884853363,0.8709661364555359,0.42358341813087463,0.9621235728263855,0.8546040058135986,0.9961746335029602,0.9584729075431824,0.8893936276435852,0.8523737788200378,0.8963268399238586,0.7380773425102234,0.765894889831543,0.8523760437965393,0.8963268399238586,0.7380773425102234,0.765894889831543,0.8523760437965393,0.9043609499931335,0.8543026447296143
36,9138,33.943824768066406,33.98886489868164,33.94395065307617,33.88094711303711,0.013311316259205341,1.9025890827178955,0.011658253148198128,0.049441199749708176,0.22447048127651215,0.8264625072479248,0.05927251651883125,0.21380746364593506,,,,,,,,,,,,,,,,,,,,,,,,,,,,,,,,,,,,,,,,,,,,,,,,
37,9149,,,,,,,,,,,,,9.999999747378752e-05,9.999999747378752e-05,3.232564267818816e-06,,,,,,,,,,,,,,,,,,,,,,,,,,,,,,,,,,,,,,,,,,,,,
37,9199,,,,,,,,,,,,,9.999999747378752e-05,9.999999747378752e-05,3.232564267818816e-06,,,,,,,,,,,,,,,,,,,,,,,,,,,,,,,,,,,,,,,,,,,,,
37,9249,,,,,,,,,,,,,9.999999747378752e-05,9.999999747378752e-05,3.232564267818816e-06,,,,,,,,,,,,,,,,,,,,,,,,,,,,,,,,,,,,,,,,,,,,,
37,9299,,,,,,,,,,,,,9.999999747378752e-05,9.999999747378752e-05,3.232564267818816e-06,,,,,,,,,,,,,,,,,,,,,,,,,,,,,,,,,,,,,,,,,,,,,
37,9349,,,,,,,,,,,,,9.999999747378752e-05,9.999999747378752e-05,3.232564267818816e-06,,,,,,,,,,,,,,,,,,,,,,,,,,,,,,,,,,,,,,,,,,,,,
37,9385,,,,,,,,,,,,,,,,0.9259154796600342,0.37268882989883423,0.354704886674881,0.4626438021659851,0.5716871023178101,0.9241607189178467,0.9672940969467163,0.6228173971176147,0.5370068550109863,0.8672869205474854,0.42242684960365295,0.963128924369812,0.85362708568573,0.9980872869491577,0.9574229717254639,0.8879419565200806,0.8519099950790405,0.8721741437911987,0.9236940145492554,0.37631019949913025,0.3544493019580841,0.45360565185546875,0.5864754319190979,0.9235066771507263,0.967380702495575,0.6196447610855103,0.5331488251686096,0.8636077046394348,0.4212702810764313,0.9641342163085938,0.8526502251625061,1.0,0.9563729763031006,0.8864902257919312,0.8514462113380432,0.8946428298950195,0.7373051643371582,0.7640345692634583,0.8496401906013489,0.8946428298950195,0.7373051643371582,0.7640345692634583,0.8496401906013489,0.9289770126342773,0.8430750966072083
37,9385,33.95875549316406,34.01163864135742,33.99949264526367,33.893978118896484,0.0044984701089560986,1.8913836479187012,0.011525444686412811,0.04892497509717941,0.2238292396068573,0.8216357231140137,0.05907004699110985,0.21276356279850006,,,,,,,,,,,,,,,,,,,,,,,,,,,,,,,,,,,,,,,,,,,,,,,,
38,9399,,,,,,,,,,,,,9.999999747378752e-05,9.999999747378752e-05,3.232564267818816e-06,,,,,,,,,,,,,,,,,,,,,,,,,,,,,,,,,,,,,,,,,,,,,
38,9449,,,,,,,,,,,,,9.999999747378752e-05,9.999999747378752e-05,3.232564267818816e-06,,,,,,,,,,,,,,,,,,,,,,,,,,,,,,,,,,,,,,,,,,,,,
38,9499,,,,,,,,,,,,,9.999999747378752e-05,9.999999747378752e-05,3.232564267818816e-06,,,,,,,,,,,,,,,,,,,,,,,,,,,,,,,,,,,,,,,,,,,,,
38,9549,,,,,,,,,,,,,9.999999747378752e-05,9.999999747378752e-05,3.232564267818816e-06,,,,,,,,,,,,,,,,,,,,,,,,,,,,,,,,,,,,,,,,,,,,,
38,9599,,,,,,,,,,,,,9.999999747378752e-05,9.999999747378752e-05,3.232564267818816e-06,,,,,,,,,,,,,,,,,,,,,,,,,,,,,,,,,,,,,,,,,,,,,
38,9632,,,,,,,,,,,,,,,,0.9269055128097534,0.3788398504257202,0.3659692406654358,0.446342408657074,0.5979233980178833,0.9235376119613647,0.9670419692993164,0.6235055923461914,0.5130741596221924,0.8639119863510132,0.41452163457870483,0.9652836918830872,0.8529490232467651,0.9979860782623291,0.9540438055992126,0.8860440850257874,0.8514699935913086,0.880102276802063,0.9301170110702515,0.3813694715499878,0.3774891793727875,0.4390791952610016,0.6093714237213135,0.9235684871673584,0.9667032361030579,0.6273664832115173,0.4929995536804199,0.8642163276672363,0.407772958278656,0.9664331674575806,0.853247880935669,0.9959720969200134,0.9517146348953247,0.8855979442596436,0.851493775844574,0.8984671235084534,0.7367360591888428,0.7659647464752197,0.8516968488693237,0.8984671235084534,0.7367360591888428,0.7659647464752197,0.8516968488693237,0.934019148349762,0.8477972149848938
38,9632,33.94622802734375,33.99456024169922,33.97393798828125,33.85893249511719,0.006074171978980303,1.9106680154800415,0.01181111205369234,0.05049284175038338,0.224277526140213,0.8286331295967102,0.05926038697361946,0.21385839581489563,,,,,,,,,,,,,,,,,,,,,,,,,,,,,,,,,,,,,,,,,,,,,,,,
39,9649,,,,,,,,,,,,,9.999999747378752e-05,9.999999747378752e-05,3.232564267818816e-06,,,,,,,,,,,,,,,,,,,,,,,,,,,,,,,,,,,,,,,,,,,,,
39,9699,,,,,,,,,,,,,9.999999747378752e-05,9.999999747378752e-05,3.232564267818816e-06,,,,,,,,,,,,,,,,,,,,,,,,,,,,,,,,,,,,,,,,,,,,,
39,9749,,,,,,,,,,,,,9.999999747378752e-05,9.999999747378752e-05,3.232564267818816e-06,,,,,,,,,,,,,,,,,,,,,,,,,,,,,,,,,,,,,,,,,,,,,
39,9799,,,,,,,,,,,,,9.999999747378752e-05,9.999999747378752e-05,3.232564267818816e-06,,,,,,,,,,,,,,,,,,,,,,,,,,,,,,,,,,,,,,,,,,,,,
39,9849,,,,,,,,,,,,,9.999999747378752e-05,9.999999747378752e-05,3.232564267818816e-06,,,,,,,,,,,,,,,,,,,,,,,,,,,,,,,,,,,,,,,,,,,,,
39,9879,,,,,,,,,,,,,,,,0.9286213517189026,0.3678348660469055,0.35960155725479126,0.4317360520362854,0.5889713764190674,0.9229422807693481,0.9663491249084473,0.6287894248962402,0.5030840635299683,0.8653949499130249,0.40441980957984924,0.9645476341247559,0.8535953760147095,0.9959383010864258,0.9526563286781311,0.8874390125274658,0.8516697287559509,0.8790133595466614,0.9271256923675537,0.35430029034614563,0.34171393513679504,0.4243929386138916,0.5685712695121765,0.9223161339759827,0.9659950733184814,0.6302123069763184,0.5131685137748718,0.8665736317634583,0.4010666608810425,0.9626621007919312,0.8539428114891052,0.9959045648574829,0.9535980224609375,0.8892800807952881,0.8518456816673279,0.8916151523590088,0.730745255947113,0.7547593116760254,0.848778486251831,0.8916151523590088,0.730745255947113,0.7547593116760254,0.848778486251831,0.9254952669143677,0.8517821431159973
39,9879,33.9309196472168,34.08464050292969,33.940284729003906,33.920291900634766,0.004571335390210152,1.8680870532989502,0.011401554569602013,0.048111509531736374,0.2227376103401184,0.8114541172981262,0.05859147384762764,0.2095739096403122,,,,,,,,,,,,,,,,,,,,,,,,,,,,,,,,,,,,,,,,,,,,,,,,
40,9899,,,,,,,,,,,,,9.999999747378752e-05,9.999999747378752e-05,3.232564267818816e-06,,,,,,,,,,,,,,,,,,,,,,,,,,,,,,,,,,,,,,,,,,,,,
40,9949,,,,,,,,,,,,,9.999999747378752e-05,9.999999747378752e-05,3.232564267818816e-06,,,,,,,,,,,,,,,,,,,,,,,,,,,,,,,,,,,,,,,,,,,,,
40,9999,,,,,,,,,,,,,9.999999747378752e-05,9.999999747378752e-05,3.232564267818816e-06,,,,,,,,,,,,,,,,,,,,,,,,,,,,,,,,,,,,,,,,,,,,,
40,10049,,,,,,,,,,,,,9.999999747378752e-05,9.999999747378752e-05,3.232564267818816e-06,,,,,,,,,,,,,,,,,,,,,,,,,,,,,,,,,,,,,,,,,,,,,
40,10099,,,,,,,,,,,,,9.999999747378752e-05,9.999999747378752e-05,3.232564267818816e-06,,,,,,,,,,,,,,,,,,,,,,,,,,,,,,,,,,,,,,,,,,,,,
40,10126,,,,,,,,,,,,,,,,0.9260239601135254,0.3612390160560608,0.3384072184562683,0.427263468503952,0.5520613789558411,0.9225484132766724,0.9668610095977783,0.6264937520027161,0.5151185989379883,0.8653967976570129,0.40897881984710693,0.9622024297714233,0.852124035358429,0.9960058331489563,0.9545005559921265,0.8866783380508423,0.851498007774353,0.8782562613487244,0.9249221682548523,0.36817774176597595,0.3351004719734192,0.43013399839401245,0.5355514883995056,0.9227806329727173,0.9677269458770752,0.6227751970291138,0.51706862449646,0.8642199635505676,0.4168910086154938,0.9617427587509155,0.8503052592277527,0.9961071014404297,0.9554030299186707,0.8840765357017517,0.851150393486023,0.8893938064575195,0.7296549081802368,0.7580333948135376,0.8536095023155212,0.8893938064575195,0.7296549081802368,0.7580333948135376,0.8536095023155212,0.9032208919525146,0.8615857362747192
40,10126,33.92560577392578,34.006324768066406,33.95280838012695,33.960906982421875,0.0017627299530431628,1.867314338684082,0.011584964580833912,0.048764899373054504,0.22315935790538788,0.8094534873962402,0.05834117904305458,0.20813480019569397,,,,,,,,,,,,,,,,,,,,,,,,,,,,,,,,,,,,,,,,,,,,,,,,
41,10149,,,,,,,,,,,,,9.999999747378752e-05,9.999999747378752e-05,3.232564267818816e-06,,,,,,,,,,,,,,,,,,,,,,,,,,,,,,,,,,,,,,,,,,,,,
41,10199,,,,,,,,,,,,,9.999999747378752e-05,9.999999747378752e-05,3.232564267818816e-06,,,,,,,,,,,,,,,,,,,,,,,,,,,,,,,,,,,,,,,,,,,,,
41,10249,,,,,,,,,,,,,9.999999747378752e-05,9.999999747378752e-05,3.232564267818816e-06,,,,,,,,,,,,,,,,,,,,,,,,,,,,,,,,,,,,,,,,,,,,,
41,10299,,,,,,,,,,,,,9.999999747378752e-05,9.999999747378752e-05,3.232564267818816e-06,,,,,,,,,,,,,,,,,,,,,,,,,,,,,,,,,,,,,,,,,,,,,
41,10349,,,,,,,,,,,,,9.999999747378752e-05,9.999999747378752e-05,3.232564267818816e-06,,,,,,,,,,,,,,,,,,,,,,,,,,,,,,,,,,,,,,,,,,,,,
41,10373,,,,,,,,,,,,,,,,0.9261292219161987,0.3751330077648163,0.3380388617515564,0.4232929050922394,0.5290359258651733,0.9260004758834839,0.9668881893157959,0.6182305216789246,0.5134900808334351,0.864814043045044,0.43015986680984497,0.9616034030914307,0.8508089184761047,0.996264636516571,0.9545879364013672,0.8832796812057495,0.8510655760765076,0.8756486177444458,0.9273362159729004,0.3820882737636566,0.340977281332016,0.4164518117904663,0.5225203037261963,0.9292203783988953,0.9660494923591614,0.6136858463287354,0.5099115967750549,0.8654080629348755,0.44342872500419617,0.961463987827301,0.8513125777244568,0.9964221715927124,0.953772783279419,0.8824828267097473,0.8509807586669922,0.8886932134628296,0.7302066683769226,0.7575976848602295,0.851076602935791,0.8886932134628296,0.7302066683769226,0.7575976848602295,0.851076602935791,0.9199032783508301,0.8497233390808105
41,10373,33.94483947753906,34.02644348144531,33.97520065307617,33.96976089477539,0.0054608858190476894,1.829569697380066,0.011244584806263447,0.04801778867840767,0.2174244225025177,0.7919776439666748,0.0571981817483902,0.20472979545593262,,,,,,,,,,,,,,,,,,,,,,,,,,,,,,,,,,,,,,,,,,,,,,,,
42,10399,,,,,,,,,,,,,9.999999747378752e-05,9.999999747378752e-05,3.232564267818816e-06,,,,,,,,,,,,,,,,,,,,,,,,,,,,,,,,,,,,,,,,,,,,,
42,10449,,,,,,,,,,,,,9.999999747378752e-05,9.999999747378752e-05,3.232564267818816e-06,,,,,,,,,,,,,,,,,,,,,,,,,,,,,,,,,,,,,,,,,,,,,
42,10499,,,,,,,,,,,,,9.999999747378752e-05,9.999999747378752e-05,3.232564267818816e-06,,,,,,,,,,,,,,,,,,,,,,,,,,,,,,,,,,,,,,,,,,,,,
42,10549,,,,,,,,,,,,,9.999999747378752e-05,9.999999747378752e-05,3.232564267818816e-06,,,,,,,,,,,,,,,,,,,,,,,,,,,,,,,,,,,,,,,,,,,,,
42,10599,,,,,,,,,,,,,9.999999747378752e-05,9.999999747378752e-05,3.232564267818816e-06,,,,,,,,,,,,,,,,,,,,,,,,,,,,,,,,,,,,,,,,,,,,,
42,10620,,,,,,,,,,,,,,,,0.9242615699768066,0.364380419254303,0.3416212499141693,0.4195809066295624,0.5100312829017639,0.9265799522399902,0.9659060835838318,0.6160383224487305,0.5090187788009644,0.8647708892822266,0.4393831491470337,0.9615894556045532,0.8487970232963562,0.9963996410369873,0.9514896869659424,0.8819979429244995,0.8511770367622375,0.8788117170333862,0.9211869835853577,0.34667259454727173,0.34226521849632263,0.42271000146865845,0.49754226207733154,0.92393958568573,0.9657626748085022,0.6183907389640808,0.5081259608268738,0.8641336560249329,0.4353376030921936,0.9617149829864502,0.8462814688682556,0.9963771104812622,0.9492066502571106,0.8815131187438965,0.8513733148574829,0.8855842351913452,0.7254431843757629,0.7514451742172241,0.8463863730430603,0.8855842351913452,0.7254431843757629,0.7514451742172241,0.8463863730430603,0.9080708622932434,0.8624481558799744
42,10620,33.94041061401367,34.03276824951172,33.947242736816406,33.823760986328125,0.0030667076352983713,1.8260093927383423,0.011133117601275444,0.047254528850317,0.2168111652135849,0.7941656708717346,0.056870438158512115,0.2046768069267273,,,,,,,,,,,,,,,,,,,,,,,,,,,,,,,,,,,,,,,,,,,,,,,,
43,10649,,,,,,,,,,,,,9.999999747378752e-05,9.999999747378752e-05,3.232564267818816e-06,,,,,,,,,,,,,,,,,,,,,,,,,,,,,,,,,,,,,,,,,,,,,
43,10699,,,,,,,,,,,,,9.999999747378752e-05,9.999999747378752e-05,3.232564267818816e-06,,,,,,,,,,,,,,,,,,,,,,,,,,,,,,,,,,,,,,,,,,,,,
43,10749,,,,,,,,,,,,,9.999999747378752e-05,9.999999747378752e-05,3.232564267818816e-06,,,,,,,,,,,,,,,,,,,,,,,,,,,,,,,,,,,,,,,,,,,,,
43,10799,,,,,,,,,,,,,9.999999747378752e-05,9.999999747378752e-05,3.232564267818816e-06,,,,,,,,,,,,,,,,,,,,,,,,,,,,,,,,,,,,,,,,,,,,,
43,10849,,,,,,,,,,,,,9.999999747378752e-05,9.999999747378752e-05,3.232564267818816e-06,,,,,,,,,,,,,,,,,,,,,,,,,,,,,,,,,,,,,,,,,,,,,
43,10867,,,,,,,,,,,,,,,,0.9224145412445068,0.3521125316619873,0.3371284008026123,0.42028528451919556,0.4925522208213806,0.9204434156417847,0.9661149978637695,0.6185005903244019,0.48368579149246216,0.8647567629814148,0.43189194798469543,0.9615905284881592,0.8472426533699036,0.9951146841049194,0.9505652189254761,0.8795057535171509,0.8512680530548096,0.869846522808075,0.923642098903656,0.35755249857902527,0.331991583108902,0.41786059737205505,0.4875621795654297,0.9169472455978394,0.9664673805236816,0.6186105012893677,0.45924559235572815,0.8653798699378967,0.42844629287719727,0.9614660739898682,0.8482038378715515,0.9938521981239319,0.9519238471984863,0.8774983882904053,0.851162850856781,0.8845516443252563,0.7210478186607361,0.7442135214805603,0.8436737656593323,0.8845516443252563,0.7210478186607361,0.7442135214805603,0.8436737656593323,0.8978046774864197,0.8581662178039551
43,10867,33.92143249511719,34.045799255371094,33.94559860229492,33.889930725097656,0.003930435515940189,1.8383506536483765,0.01132176537066698,0.048480186611413956,0.2175699770450592,0.7942599654197693,0.057117145508527756,0.2066384255886078,,,,,,,,,,,,,,,,,,,,,,,,,,,,,,,,,,,,,,,,,,,,,,,,
44,10899,,,,,,,,,,,,,9.999999747378752e-05,9.999999747378752e-05,3.232564267818816e-06,,,,,,,,,,,,,,,,,,,,,,,,,,,,,,,,,,,,,,,,,,,,,
44,10949,,,,,,,,,,,,,9.999999747378752e-05,9.999999747378752e-05,3.232564267818816e-06,,,,,,,,,,,,,,,,,,,,,,,,,,,,,,,,,,,,,,,,,,,,,
44,10999,,,,,,,,,,,,,9.999999747378752e-05,9.999999747378752e-05,3.232564267818816e-06,,,,,,,,,,,,,,,,,,,,,,,,,,,,,,,,,,,,,,,,,,,,,
44,11049,,,,,,,,,,,,,9.999999747378752e-05,9.999999747378752e-05,3.232564267818816e-06,,,,,,,,,,,,,,,,,,,,,,,,,,,,,,,,,,,,,,,,,,,,,
44,11099,,,,,,,,,,,,,9.999999747378752e-05,9.999999747378752e-05,3.232564267818816e-06,,,,,,,,,,,,,,,,,,,,,,,,,,,,,,,,,,,,,,,,,,,,,
44,11114,,,,,,,,,,,,,,,,0.9229400157928467,0.3522133231163025,0.3397442102432251,0.41325539350509644,0.49366772174835205,0.9163802266120911,0.9670632481575012,0.6180378198623657,0.4692012667655945,0.8662155866622925,0.43141618371009827,0.9626632928848267,0.8476468324661255,0.994837760925293,0.9523270130157471,0.8793700337409973,0.8508163690567017,0.8740187883377075,0.9222379922866821,0.3468741476535797,0.34749680757522583,0.40865015983581543,0.499773234128952,0.9158132076263428,0.9676591157913208,0.6174651980400085,0.4791569113731384,0.8670513033866882,0.43438607454299927,0.9638605117797852,0.8470898866653442,0.9958232641220093,0.9527301788330078,0.8812416791915894,0.8504699468612671,0.8832288384437561,0.7233988046646118,0.7425829172134399,0.841644823551178,0.8832288384437561,0.7233988046646118,0.7425829172134399,0.841644823551178,0.928240954875946,0.8455101847648621
44,11114,33.95774459838867,34.04111862182617,33.972164154052734,33.963687896728516,0.009628635831177235,1.8149874210357666,0.011167828924953938,0.04771995544433594,0.21605649590492249,0.7849656939506531,0.056388240307569504,0.20337535440921783,,,,,,,,,,,,,,,,,,,,,,,,,,,,,,,,,,,,,,,,,,,,,,,,
45,11149,,,,,,,,,,,,,9.999999747378752e-05,9.999999747378752e-05,3.232564267818816e-06,,,,,,,,,,,,,,,,,,,,,,,,,,,,,,,,,,,,,,,,,,,,,
45,11199,,,,,,,,,,,,,9.999999747378752e-05,9.999999747378752e-05,3.232564267818816e-06,,,,,,,,,,,,,,,,,,,,,,,,,,,,,,,,,,,,,,,,,,,,,
45,11249,,,,,,,,,,,,,9.999999747378752e-05,9.999999747378752e-05,3.232564267818816e-06,,,,,,,,,,,,,,,,,,,,,,,,,,,,,,,,,,,,,,,,,,,,,
45,11299,,,,,,,,,,,,,9.999999747378752e-05,9.999999747378752e-05,3.232564267818816e-06,,,,,,,,,,,,,,,,,,,,,,,,,,,,,,,,,,,,,,,,,,,,,
45,11349,,,,,,,,,,,,,9.999999747378752e-05,9.999999747378752e-05,3.232564267818816e-06,,,,,,,,,,,,,,,,,,,,,,,,,,,,,,,,,,,,,,,,,,,,,
45,11361,,,,,,,,,,,,,,,,0.9224319458007812,0.3342263698577881,0.35211414098739624,0.41105300188064575,0.5235943794250488,0.919070839881897,0.9676203727722168,0.614815890789032,0.496524840593338,0.8637435436248779,0.44837069511413574,0.9621500372886658,0.8455326557159424,0.9979116320610046,0.9542738199234009,0.8863075971603394,0.8497222065925598,0.8778102397918701,0.9226258397102356,0.32157859206199646,0.35673144459724426,0.4134558439254761,0.5474154949188232,0.9223284721374512,0.9675816893577576,0.6121665835380554,0.5138927698135376,0.8604357838630676,0.46235528588294983,0.9604395627975464,0.8439754247665405,1.0,0.9558175206184387,0.8913735151290894,0.8489744663238525,0.8898571729660034,0.7294793128967285,0.7502967715263367,0.8434215784072876,0.8898571729660034,0.7294793128967285,0.7502967715263367,0.8434215784072876,0.9067124724388123,0.8624204993247986
45,11361,33.925987243652344,34.037071228027344,33.95344161987305,33.96331024169922,-6.177647549066023e-08,1.7774078845977783,0.010891205631196499,0.04592103883624077,0.212405726313591,0.7720888257026672,0.05548035725951195,0.1989458203315735,,,,,,,,,,,,,,,,,,,,,,,,,,,,,,,,,,,,,,,,,,,,,,,,
46,11399,,,,,,,,,,,,,9.999999747378752e-05,9.999999747378752e-05,3.232564267818816e-06,,,,,,,,,,,,,,,,,,,,,,,,,,,,,,,,,,,,,,,,,,,,,
46,11449,,,,,,,,,,,,,9.999999747378752e-05,9.999999747378752e-05,3.232564267818816e-06,,,,,,,,,,,,,,,,,,,,,,,,,,,,,,,,,,,,,,,,,,,,,
46,11499,,,,,,,,,,,,,9.999999747378752e-05,9.999999747378752e-05,3.232564267818816e-06,,,,,,,,,,,,,,,,,,,,,,,,,,,,,,,,,,,,,,,,,,,,,
46,11549,,,,,,,,,,,,,9.999999747378752e-05,9.999999747378752e-05,3.232564267818816e-06,,,,,,,,,,,,,,,,,,,,,,,,,,,,,,,,,,,,,,,,,,,,,
46,11599,,,,,,,,,,,,,9.999999747378752e-05,9.999999747378752e-05,3.232564267818816e-06,,,,,,,,,,,,,,,,,,,,,,,,,,,,,,,,,,,,,,,,,,,,,
46,11608,,,,,,,,,,,,,,,,0.9193445444107056,0.334369957447052,0.35172590613365173,0.41912057995796204,0.5600351691246033,0.9237946271896362,0.9670248031616211,0.6108033657073975,0.5007756948471069,0.8644488453865051,0.4513847827911377,0.9613455533981323,0.8454119563102722,0.9980310201644897,0.9566655158996582,0.8878145813941956,0.849485456943512,0.877981424331665,0.9160632491111755,0.34716129302978516,0.3467203676700592,0.424785315990448,0.5726548433303833,0.9252607822418213,0.9664679765701294,0.6094400882720947,0.48765861988067627,0.8684619069099426,0.44041427969932556,0.9622515439987183,0.8468484878540039,0.9960620999336243,0.9575135111808777,0.8842556476593018,0.8499964475631714,0.8930339217185974,0.729530394077301,0.7455576658248901,0.8453425765037537,0.8930339217185974,0.729530394077301,0.7455576658248901,0.8453425765037537,0.9034176468849182,0.8648523092269897
46,11608,33.95508575439453,34.07540512084961,33.966346740722656,33.96925735473633,0.005470430478453636,1.7672431468963623,0.010798501782119274,0.045278485864400864,0.21271081268787384,0.7688442468643188,0.055349212139844894,0.19730237126350403,,,,,,,,,,,,,,,,,,,,,,,,,,,,,,,,,,,,,,,,,,,,,,,,
47,11649,,,,,,,,,,,,,9.999999747378752e-05,9.999999747378752e-05,3.232564267818816e-06,,,,,,,,,,,,,,,,,,,,,,,,,,,,,,,,,,,,,,,,,,,,,
47,11699,,,,,,,,,,,,,9.999999747378752e-05,9.999999747378752e-05,3.232564267818816e-06,,,,,,,,,,,,,,,,,,,,,,,,,,,,,,,,,,,,,,,,,,,,,
47,11749,,,,,,,,,,,,,9.999999747378752e-05,9.999999747378752e-05,3.232564267818816e-06,,,,,,,,,,,,,,,,,,,,,,,,,,,,,,,,,,,,,,,,,,,,,
47,11799,,,,,,,,,,,,,9.999999747378752e-05,9.999999747378752e-05,3.232564267818816e-06,,,,,,,,,,,,,,,,,,,,,,,,,,,,,,,,,,,,,,,,,,,,,
47,11849,,,,,,,,,,,,,9.999999747378752e-05,9.999999747378752e-05,3.232564267818816e-06,,,,,,,,,,,,,,,,,,,,,,,,,,,,,,,,,,,,,,,,,,,,,
47,11855,,,,,,,,,,,,,,,,0.9206069707870483,0.35259515047073364,0.3490351438522339,0.41900813579559326,0.552512526512146,0.9274611473083496,0.966579794883728,0.6171114444732666,0.5057097673416138,0.8678537607192993,0.446189284324646,0.9618464708328247,0.8462151885032654,0.9961408376693726,0.9555743932723999,0.8804327845573425,0.8496649861335754,0.8726569414138794,0.9251506924629211,0.35802900791168213,0.35134992003440857,0.4132309854030609,0.5323701500892639,0.9296615719795227,0.9666916728019714,0.6247828006744385,0.5237608551979065,0.867245614528656,0.4519643187522888,0.9614413976669312,0.8455818891525269,0.9962196350097656,0.9536352753639221,0.8766099214553833,0.8493335247039795,0.8880855441093445,0.73100346326828,0.751259446144104,0.8447831273078918,0.8880855441093445,0.73100346326828,0.751259446144104,0.8447831273078918,0.9299977421760559,0.844556450843811
47,11855,33.962425231933594,34.070343017578125,33.96065139770508,33.9795036315918,0.004130993038415909,1.7636334896087646,0.010743696242570877,0.04568945989012718,0.20955276489257812,0.7679091095924377,0.05476127937436104,0.1972416192293167,,,,,,,,,,,,,,,,,,,,,,,,,,,,,,,,,,,,,,,,,,,,,,,,
48,11899,,,,,,,,,,,,,9.999999747378752e-05,9.999999747378752e-05,3.232564267818816e-06,,,,,,,,,,,,,,,,,,,,,,,,,,,,,,,,,,,,,,,,,,,,,
48,11949,,,,,,,,,,,,,9.999999747378752e-05,9.999999747378752e-05,3.232564267818816e-06,,,,,,,,,,,,,,,,,,,,,,,,,,,,,,,,,,,,,,,,,,,,,
48,11999,,,,,,,,,,,,,9.999999747378752e-05,9.999999747378752e-05,3.232564267818816e-06,,,,,,,,,,,,,,,,,,,,,,,,,,,,,,,,,,,,,,,,,,,,,
48,12049,,,,,,,,,,,,,9.999999747378752e-05,9.999999747378752e-05,3.232564267818816e-06,,,,,,,,,,,,,,,,,,,,,,,,,,,,,,,,,,,,,,,,,,,,,
48,12099,,,,,,,,,,,,,9.999999747378752e-05,9.999999747378752e-05,3.232564267818816e-06,,,,,,,,,,,,,,,,,,,,,,,,,,,,,,,,,,,,,,,,,,,,,
48,12102,,,,,,,,,,,,,,,,0.9238426685333252,0.3703222870826721,0.3305181562900543,0.433516263961792,0.544096827507019,0.9325128793716431,0.967073917388916,0.6234352588653564,0.5052476525306702,0.8647263050079346,0.44144728779792786,0.9612458348274231,0.844151496887207,0.996264636516571,0.9579471349716187,0.8787409067153931,0.8499624729156494,0.8717697858810425,0.9225346446037292,0.3826155960559845,0.3096863925457001,0.4538015127182007,0.5558234453201294,0.9353641867637634,0.9674562215805054,0.6220877766609192,0.48673442006111145,0.8622069954872131,0.4309302568435669,0.961050271987915,0.8427211046218872,0.9963096380233765,0.9622589945793152,0.8808718323707581,0.8505913615226746,0.8908310532569885,0.7307673096656799,0.7520947456359863,0.8476815819740295,0.8908310532569885,0.7307673096656799,0.7520947456359863,0.8476815819740295,0.9030900597572327,0.8562700748443604
48,12102,33.967864990234375,34.17763137817383,33.99949264526367,33.980262756347656,0.00036179390735924244,1.7618985176086426,0.010592911392450333,0.044255927205085754,0.21303360164165497,0.772575318813324,0.054979950189590454,0.19604292511940002,,,,,,,,,,,,,,,,,,,,,,,,,,,,,,,,,,,,,,,,,,,,,,,,
49,12149,,,,,,,,,,,,,9.999999747378752e-05,9.999999747378752e-05,3.232564267818816e-06,,,,,,,,,,,,,,,,,,,,,,,,,,,,,,,,,,,,,,,,,,,,,
49,12199,,,,,,,,,,,,,9.999999747378752e-05,9.999999747378752e-05,3.232564267818816e-06,,,,,,,,,,,,,,,,,,,,,,,,,,,,,,,,,,,,,,,,,,,,,
49,12249,,,,,,,,,,,,,9.999999747378752e-05,9.999999747378752e-05,3.232564267818816e-06,,,,,,,,,,,,,,,,,,,,,,,,,,,,,,,,,,,,,,,,,,,,,
49,12299,,,,,,,,,,,,,9.999999747378752e-05,9.999999747378752e-05,3.232564267818816e-06,,,,,,,,,,,,,,,,,,,,,,,,,,,,,,,,,,,,,,,,,,,,,
49,12349,,,,,,,,,,,,,9.999999747378752e-05,9.999999747378752e-05,3.232564267818816e-06,,,,,,,,,,,,,,,,,,,,,,,,,,,,,,,,,,,,,,,,,,,,,
49,12349,,,,,,,,,,,,,,,,0.9235708713531494,0.37571394443511963,0.310674250125885,0.432856023311615,0.5353556871414185,0.9319948554039001,0.9669684171676636,0.6198725700378418,0.4749515652656555,0.8641899824142456,0.4321041703224182,0.9600843191146851,0.8448521494865417,0.9963884353637695,0.9624099731445312,0.8795918226242065,0.850078821182251,0.8725958466529846,0.9246070384979248,0.36881229281425476,0.31166213750839233,0.4119105339050293,0.5148879885673523,0.9286255240440369,0.9664806723594666,0.6176573634147644,0.4631686806678772,0.8661729097366333,0.43327808380126953,0.9591183662414551,0.8469831943511963,0.9964671730995178,0.9625608921051025,0.8783117532730103,0.8495662212371826,0.8893054127693176,0.7235453128814697,0.7409992218017578,0.8446428775787354,0.8893054127693176,0.7235453128814697,0.7409992218017578,0.8446428775787354,0.9193075299263,0.8466260433197021
49,12349,33.9412956237793,34.04466247558594,33.960906982421875,33.938385009765625,0.005046674516052008,1.7618218660354614,0.010576292872428894,0.04487837478518486,0.20950819551944733,0.771986186504364,0.0545712374150753,0.19695578515529633,,,,,,,,,,,,,,,,,,,,,,,,,,,,,,,,,,,,,,,,,,,,,,,,
50,12399,,,,,,,,,,,,,9.999999747378752e-05,9.999999747378752e-05,3.232564267818816e-06,,,,,,,,,,,,,,,,,,,,,,,,,,,,,,,,,,,,,,,,,,,,,
50,12449,,,,,,,,,,,,,9.999999747378752e-05,9.999999747378752e-05,3.232564267818816e-06,,,,,,,,,,,,,,,,,,,,,,,,,,,,,,,,,,,,,,,,,,,,,
50,12499,,,,,,,,,,,,,9.999999747378752e-05,9.999999747378752e-05,3.232564267818816e-06,,,,,,,,,,,,,,,,,,,,,,,,,,,,,,,,,,,,,,,,,,,,,
50,12549,,,,,,,,,,,,,9.999999747378752e-05,9.999999747378752e-05,3.232564267818816e-06,,,,,,,,,,,,,,,,,,,,,,,,,,,,,,,,,,,,,,,,,,,,,
50,12596,,,,,,,,,,,,,,,,0.9252207279205322,0.35850316286087036,0.3099671006202698,0.3998836576938629,0.5208890438079834,0.9277980923652649,0.9657546877861023,0.6166630983352661,0.46245014667510986,0.8633756637573242,0.4391440451145172,0.9606317281723022,0.8466181755065918,0.9966471791267395,0.9614307880401611,0.8807770013809204,0.8495815396308899,0.8711041212081909,0.9258344769477844,0.34819403290748596,0.3082720637321472,0.38785678148269653,0.5268901586532593,0.9269706606864929,0.965028703212738,0.6156688332557678,0.4617316424846649,0.8605784177780151,0.4450100064277649,0.9621450901031494,0.8462532162666321,0.9968271851539612,0.9603007435798645,0.8832421898841858,0.8495968580245972,0.8835641145706177,0.7217882871627808,0.7413231134414673,0.8437731266021729,0.8835641145706177,0.7217882871627808,0.7413231134414673,0.8437731266021729,0.9085624814033508,0.8491498827934265
50,12596,33.94306564331055,34.02226638793945,33.96381759643555,34.01783752441406,0.0016560727963224053,1.7641617059707642,0.010613304562866688,0.04492554813623428,0.20995047688484192,0.7725928425788879,0.05470903590321541,0.19725288450717926,,,,,,,,,,,,,,,,,,,,,,,,,,,,,,,,,,,,,,,,,,,,,,,,
51,12599,,,,,,,,,,,,,9.999999747378752e-05,9.999999747378752e-05,3.232564267818816e-06,,,,,,,,,,,,,,,,,,,,,,,,,,,,,,,,,,,,,,,,,,,,,
51,12649,,,,,,,,,,,,,9.999999747378752e-05,9.999999747378752e-05,3.232564267818816e-06,,,,,,,,,,,,,,,,,,,,,,,,,,,,,,,,,,,,,,,,,,,,,
51,12699,,,,,,,,,,,,,9.999999747378752e-05,9.999999747378752e-05,3.232564267818816e-06,,,,,,,,,,,,,,,,,,,,,,,,,,,,,,,,,,,,,,,,,,,,,
51,12749,,,,,,,,,,,,,9.999999747378752e-05,9.999999747378752e-05,3.232564267818816e-06,,,,,,,,,,,,,,,,,,,,,,,,,,,,,,,,,,,,,,,,,,,,,
51,12799,,,,,,,,,,,,,9.999999747378752e-05,9.999999747378752e-05,3.232564267818816e-06,,,,,,,,,,,,,,,,,,,,,,,,,,,,,,,,,,,,,,,,,,,,,
51,12843,,,,,,,,,,,,,,,,0.9273959994316101,0.36617469787597656,0.32832491397857666,0.3995446264743805,0.5176759958267212,0.9285979270935059,0.9664585590362549,0.6143862009048462,0.47628477215766907,0.861355185508728,0.43717628717422485,0.9629150629043579,0.847010612487793,0.9967259168624878,0.9597795009613037,0.8832722902297974,0.8491300940513611,0.8766303062438965,0.9289575219154358,0.38415536284446716,0.3483777344226837,0.41123247146606445,0.5084617733955383,0.930225133895874,0.9678884744644165,0.6131035685539246,0.4908379018306732,0.8621320128440857,0.4293425977230072,0.9636849761009216,0.8477680683135986,0.9966246485710144,0.9592582583427429,0.8833024501800537,0.848663330078125,0.8907290697097778,0.7278833389282227,0.7434415817260742,0.8475705981254578,0.8907290697097778,0.7278833389282227,0.7434415817260742,0.8475705981254578,0.9246601462364197,0.848690927028656
51,12843,33.912574768066406,34.182945251464844,33.96039962768555,33.930416107177734,0.014688005670905113,1.7596548795700073,0.010536393150687218,0.04497899115085602,0.21038608253002167,0.772464394569397,0.05422433838248253,0.19538940489292145,,,,,,,,,,,,,,,,,,,,,,,,,,,,,,,,,,,,,,,,,,,,,,,,
52,12849,,,,,,,,,,,,,9.999999747378752e-05,9.999999747378752e-05,3.232564267818816e-06,,,,,,,,,,,,,,,,,,,,,,,,,,,,,,,,,,,,,,,,,,,,,
52,12899,,,,,,,,,,,,,9.999999747378752e-05,9.999999747378752e-05,3.232564267818816e-06,,,,,,,,,,,,,,,,,,,,,,,,,,,,,,,,,,,,,,,,,,,,,
52,12949,,,,,,,,,,,,,9.999999747378752e-05,9.999999747378752e-05,3.232564267818816e-06,,,,,,,,,,,,,,,,,,,,,,,,,,,,,,,,,,,,,,,,,,,,,
52,12999,,,,,,,,,,,,,9.999999747378752e-05,9.999999747378752e-05,3.232564267818816e-06,,,,,,,,,,,,,,,,,,,,,,,,,,,,,,,,,,,,,,,,,,,,,
52,13049,,,,,,,,,,,,,9.999999747378752e-05,9.999999747378752e-05,3.232564267818816e-06,,,,,,,,,,,,,,,,,,,,,,,,,,,,,,,,,,,,,,,,,,,,,
52,13090,,,,,,,,,,,,,,,,0.9260912537574768,0.38493719696998596,0.34827083349227905,0.42472532391548157,0.5222484469413757,0.9293265342712402,0.9686168432235718,0.6083260774612427,0.522982120513916,0.8616732358932495,0.43691372871398926,0.9612494707107544,0.8505511283874512,0.9963996410369873,0.9616900682449341,0.8847728967666626,0.8471798896789551,0.8779737949371338,0.9232249855995178,0.38571903109550476,0.348163902759552,0.4382181763648987,0.5360351204872131,0.9284278750419617,0.9693451523780823,0.603548526763916,0.5551263689994812,0.8612145185470581,0.4444848895072937,0.9588139653205872,0.8533341884613037,0.9961746335029602,0.96412193775177,0.8862434029579163,0.8456964492797852,0.8929430842399597,0.7351701855659485,0.7526013851165771,0.8446897268295288,0.8929430842399597,0.7351701855659485,0.7526013851165771,0.8446897268295288,0.9148345589637756,0.8530046939849854
52,13090,33.926239013671875,34.09969711303711,33.93281936645508,33.9170036315918,-2.4710590196264093e-07,1.7669275999069214,0.010542145930230618,0.04557393863797188,0.21064454317092896,0.7747355103492737,0.05423751473426819,0.19624611735343933,,,,,,,,,,,,,,,,,,,,,,,,,,,,,,,,,,,,,,,,,,,,,,,,
53,13099,,,,,,,,,,,,,9.999999747378752e-05,9.999999747378752e-05,3.232564267818816e-06,,,,,,,,,,,,,,,,,,,,,,,,,,,,,,,,,,,,,,,,,,,,,
53,13149,,,,,,,,,,,,,9.999999747378752e-05,9.999999747378752e-05,3.232564267818816e-06,,,,,,,,,,,,,,,,,,,,,,,,,,,,,,,,,,,,,,,,,,,,,
53,13199,,,,,,,,,,,,,9.999999747378752e-05,9.999999747378752e-05,3.232564267818816e-06,,,,,,,,,,,,,,,,,,,,,,,,,,,,,,,,,,,,,,,,,,,,,
53,13249,,,,,,,,,,,,,9.999999747378752e-05,9.999999747378752e-05,3.232564267818816e-06,,,,,,,,,,,,,,,,,,,,,,,,,,,,,,,,,,,,,,,,,,,,,
53,13299,,,,,,,,,,,,,9.999999747378752e-05,9.999999747378752e-05,3.232564267818816e-06,,,,,,,,,,,,,,,,,,,,,,,,,,,,,,,,,,,,,,,,,,,,,
53,13337,,,,,,,,,,,,,,,,0.9240413904190063,0.378731369972229,0.3549754321575165,0.4466012120246887,0.5249873399734497,0.9266080260276794,0.9694422483444214,0.6073967218399048,0.544735848903656,0.8618793487548828,0.4390222430229187,0.9568296670913696,0.8514879941940308,0.9964559078216553,0.9645124673843384,0.885273277759552,0.8456255197525024,0.8707935214042664,0.9248577356338501,0.37174373865127563,0.36178696155548096,0.45498421788215637,0.5139394998550415,0.9247881770133972,0.9695392847061157,0.6112449765205383,0.5343453288078308,0.8625441193580627,0.4335595965385437,0.9548453688621521,0.849641740322113,0.9967371821403503,0.964902937412262,0.8843031525611877,0.8455546498298645,0.8920058608055115,0.7329010963439941,0.7557533979415894,0.8398971557617188,0.8920058608055115,0.7329010963439941,0.7557533979415894,0.8398971557617188,0.9236825704574585,0.8389004468917847
53,13337,33.92940139770508,33.85665512084961,33.95888137817383,33.858299255371094,0.0058668190613389015,1.7941601276397705,0.010511042550206184,0.04717697575688362,0.20839834213256836,0.7945792078971863,0.05358769744634628,0.19778363406658173,,,,,,,,,,,,,,,,,,,,,,,,,,,,,,,,,,,,,,,,,,,,,,,,
54,13349,,,,,,,,,,,,,9.999999747378752e-05,9.999999747378752e-05,3.232564267818816e-06,,,,,,,,,,,,,,,,,,,,,,,,,,,,,,,,,,,,,,,,,,,,,
54,13399,,,,,,,,,,,,,9.999999747378752e-05,9.999999747378752e-05,3.232564267818816e-06,,,,,,,,,,,,,,,,,,,,,,,,,,,,,,,,,,,,,,,,,,,,,
54,13449,,,,,,,,,,,,,9.999999747378752e-05,9.999999747378752e-05,3.232564267818816e-06,,,,,,,,,,,,,,,,,,,,,,,,,,,,,,,,,,,,,,,,,,,,,
54,13499,,,,,,,,,,,,,9.999999747378752e-05,9.999999747378752e-05,3.232564267818816e-06,,,,,,,,,,,,,,,,,,,,,,,,,,,,,,,,,,,,,,,,,,,,,
54,13549,,,,,,,,,,,,,9.999999747378752e-05,9.999999747378752e-05,3.232564267818816e-06,,,,,,,,,,,,,,,,,,,,,,,,,,,,,,,,,,,,,,,,,,,,,
54,13584,,,,,,,,,,,,,,,,0.922849714756012,0.3705900013446808,0.3614031672477722,0.44912803173065186,0.49030160903930664,0.9239447116851807,0.9687052965164185,0.6147480607032776,0.5326384902000427,0.8615646362304688,0.4407556653022766,0.9568337202072144,0.8476431369781494,0.9964221715927124,0.9599527716636658,0.883965015411377,0.8476646542549133,0.881281316280365,0.9208416938781738,0.36943626403808594,0.36101940274238586,0.44327181577682495,0.46666374802589417,0.9231013059616089,0.9678712487220764,0.6182511448860168,0.5309316515922546,0.8605851531028748,0.4479517340660095,0.9588221311569214,0.845644474029541,0.9961071014404297,0.9550026059150696,0.8836268782615662,0.8497746586799622,0.8878974318504333,0.7293472290039062,0.7535091042518616,0.8372893929481506,0.8878974318504333,0.7293472290039062,0.7535091042518616,0.8372893929481506,0.9108373522758484,0.8619014620780945
54,13584,33.92662048339844,34.06034851074219,33.94192886352539,33.91877365112305,0.004131301771849394,1.781943678855896,0.01063048467040062,0.04659348726272583,0.2084163874387741,0.7854694724082947,0.05400388687849045,0.1969648152589798,,,,,,,,,,,,,,,,,,,,,,,,,,,,,,,,,,,,,,,,,,,,,,,,
55,13599,,,,,,,,,,,,,9.999999747378752e-05,9.999999747378752e-05,3.232564267818816e-06,,,,,,,,,,,,,,,,,,,,,,,,,,,,,,,,,,,,,,,,,,,,,
55,13649,,,,,,,,,,,,,9.999999747378752e-05,9.999999747378752e-05,3.232564267818816e-06,,,,,,,,,,,,,,,,,,,,,,,,,,,,,,,,,,,,,,,,,,,,,
55,13699,,,,,,,,,,,,,9.999999747378752e-05,9.999999747378752e-05,3.232564267818816e-06,,,,,,,,,,,,,,,,,,,,,,,,,,,,,,,,,,,,,,,,,,,,,
55,13749,,,,,,,,,,,,,9.999999747378752e-05,9.999999747378752e-05,3.232564267818816e-06,,,,,,,,,,,,,,,,,,,,,,,,,,,,,,,,,,,,,,,,,,,,,
55,13799,,,,,,,,,,,,,9.999999747378752e-05,9.999999747378752e-05,3.232564267818816e-06,,,,,,,,,,,,,,,,,,,,,,,,,,,,,,,,,,,,,,,,,,,,,
55,13831,,,,,,,,,,,,,,,,0.919638991355896,0.3746340572834015,0.3622746467590332,0.43003636598587036,0.480640172958374,0.9221594333648682,0.966891884803772,0.6202256679534912,0.5212104320526123,0.859330415725708,0.4457331895828247,0.9572721719741821,0.8452793955802917,0.996039628982544,0.9540834426879883,0.885692834854126,0.8512386679649353,0.8797501921653748,0.9184362292289734,0.37983185052871704,0.36352992057800293,0.41680091619491577,0.4946165680885315,0.9212175607681274,0.9659124612808228,0.6222001910209656,0.51148921251297,0.8580756783485413,0.4435146749019623,0.9557221531867981,0.8449143171310425,0.9959720969200134,0.9531642198562622,0.887758731842041,0.8527026772499084,0.8892071843147278,0.7285799980163574,0.754024088382721,0.8437405824661255,0.8892071843147278,0.7285799980163574,0.754024088382721,0.8437405824661255,0.9133471250534058,0.8596681952476501
55,13831,33.943572998046875,33.96546173095703,33.95685577392578,34.00898361206055,0.0012331202160567045,1.752055048942566,0.010559426620602608,0.045171093195676804,0.2088446170091629,0.7669573426246643,0.054048750549554825,0.19475160539150238,,,,,,,,,,,,,,,,,,,,,,,,,,,,,,,,,,,,,,,,,,,,,,,,
56,13849,,,,,,,,,,,,,9.999999747378752e-05,9.999999747378752e-05,3.232564267818816e-06,,,,,,,,,,,,,,,,,,,,,,,,,,,,,,,,,,,,,,,,,,,,,
56,13899,,,,,,,,,,,,,9.999999747378752e-05,9.999999747378752e-05,3.232564267818816e-06,,,,,,,,,,,,,,,,,,,,,,,,,,,,,,,,,,,,,,,,,,,,,
56,13949,,,,,,,,,,,,,9.999999747378752e-05,9.999999747378752e-05,3.232564267818816e-06,,,,,,,,,,,,,,,,,,,,,,,,,,,,,,,,,,,,,,,,,,,,,
56,13999,,,,,,,,,,,,,9.999999747378752e-05,9.999999747378752e-05,3.232564267818816e-06,,,,,,,,,,,,,,,,,,,,,,,,,,,,,,,,,,,,,,,,,,,,,
56,14049,,,,,,,,,,,,,9.999999747378752e-05,9.999999747378752e-05,3.232564267818816e-06,,,,,,,,,,,,,,,,,,,,,,,,,,,,,,,,,,,,,,,,,,,,,
56,14078,,,,,,,,,,,,,,,,0.916621744632721,0.3700043559074402,0.36726319789886475,0.41665568947792053,0.483432412147522,0.9183627963066101,0.9653164148330688,0.6217387914657593,0.5092536807060242,0.8572459816932678,0.4454580545425415,0.9587829113006592,0.8447302579879761,0.9959945678710938,0.9554226994514465,0.8804571628570557,0.8516731858253479,0.8795902729034424,0.9148072600364685,0.36017683148384094,0.3709964454174042,0.4165104627609253,0.47224822640419006,0.9155080318450928,0.9647203087806702,0.6212774515151978,0.5070181488990784,0.8564162850379944,0.4474014341831207,0.961843729019165,0.8445461988449097,0.9960170984268188,0.9576811790466309,0.8731555938720703,0.8506436944007874,0.8912119269371033,0.725351095199585,0.7445135116577148,0.8362089395523071,0.8912119269371033,0.725351095199585,0.7445135116577148,0.8362089395523071,0.9151972532272339,0.8586124181747437
56,14078,33.92877197265625,34.0170783996582,33.94521713256836,33.951416015625,0.009294209070503712,1.7775404453277588,0.010764862410724163,0.04713980853557587,0.208876833319664,0.7724946737289429,0.05417858436703682,0.19914403557777405,,,,,,,,,,,,,,,,,,,,,,,,,,,,,,,,,,,,,,,,,,,,,,,,
57,14099,,,,,,,,,,,,,9.999999747378752e-05,9.999999747378752e-05,3.232564267818816e-06,,,,,,,,,,,,,,,,,,,,,,,,,,,,,,,,,,,,,,,,,,,,,
57,14149,,,,,,,,,,,,,9.999999747378752e-05,9.999999747378752e-05,3.232564267818816e-06,,,,,,,,,,,,,,,,,,,,,,,,,,,,,,,,,,,,,,,,,,,,,
57,14199,,,,,,,,,,,,,9.999999747378752e-05,9.999999747378752e-05,3.232564267818816e-06,,,,,,,,,,,,,,,,,,,,,,,,,,,,,,,,,,,,,,,,,,,,,
57,14249,,,,,,,,,,,,,9.999999747378752e-05,9.999999747378752e-05,3.232564267818816e-06,,,,,,,,,,,,,,,,,,,,,,,,,,,,,,,,,,,,,,,,,,,,,
57,14299,,,,,,,,,,,,,9.999999747378752e-05,9.999999747378752e-05,3.232564267818816e-06,,,,,,,,,,,,,,,,,,,,,,,,,,,,,,,,,,,,,,,,,,,,,
57,14325,,,,,,,,,,,,,,,,0.9190365076065063,0.3707851767539978,0.35637280344963074,0.4193432331085205,0.49250632524490356,0.9197919368743896,0.9645979404449463,0.6196370124816895,0.5363250970840454,0.8562546968460083,0.44699347019195557,0.9623773097991943,0.8451462984085083,0.9961230754852295,0.9575064182281494,0.8743312954902649,0.8512335419654846,0.8742913007736206,0.9232657551765442,0.3813934922218323,0.3417491614818573,0.42217597365379333,0.5127643942832947,0.9240757822990417,0.9644756317138672,0.6179965138435364,0.5656321048736572,0.856093168258667,0.4465855062007904,0.9629108905792236,0.8457463979721069,0.9962291121482849,0.9573315978050232,0.8755069971084595,0.8518233895301819,0.8916329741477966,0.7321032881736755,0.768919825553894,0.840410590171814,0.8916329741477966,0.7321032881736755,0.768919825553894,0.840410590171814,0.9026895761489868,0.8589433431625366
57,14325,33.932186126708984,33.86652374267578,33.94192886352539,33.859439849853516,-2.4710590196264093e-07,1.7521016597747803,0.010416988283395767,0.04566863179206848,0.2047969251871109,0.7677789926528931,0.05304121971130371,0.1965072900056839,,,,,,,,,,,,,,,,,,,,,,,,,,,,,,,,,,,,,,,,,,,,,,,,
58,14349,,,,,,,,,,,,,9.999999747378752e-05,9.999999747378752e-05,3.232564267818816e-06,,,,,,,,,,,,,,,,,,,,,,,,,,,,,,,,,,,,,,,,,,,,,
58,14399,,,,,,,,,,,,,9.999999747378752e-05,9.999999747378752e-05,3.232564267818816e-06,,,,,,,,,,,,,,,,,,,,,,,,,,,,,,,,,,,,,,,,,,,,,
58,14449,,,,,,,,,,,,,9.999999747378752e-05,9.999999747378752e-05,3.232564267818816e-06,,,,,,,,,,,,,,,,,,,,,,,,,,,,,,,,,,,,,,,,,,,,,
58,14499,,,,,,,,,,,,,9.999999747378752e-05,9.999999747378752e-05,3.232564267818816e-06,,,,,,,,,,,,,,,,,,,,,,,,,,,,,,,,,,,,,,,,,,,,,
58,14549,,,,,,,,,,,,,9.999999747378752e-05,9.999999747378752e-05,3.232564267818816e-06,,,,,,,,,,,,,,,,,,,,,,,,,,,,,,,,,,,,,,,,,,,,,
58,14572,,,,,,,,,,,,,,,,0.9218209981918335,0.3891279101371765,0.3297378718852997,0.4209410548210144,0.5201764106750488,0.921147346496582,0.9645441770553589,0.6147869825363159,0.5487034320831299,0.8570036292076111,0.4380866289138794,0.9614942073822021,0.8461265563964844,0.9961456060409546,0.9594582319259644,0.8762365579605103,0.8506805896759033,0.8791781067848206,0.9203763008117676,0.39686235785484314,0.31772658228874207,0.41970616579055786,0.5275883674621582,0.9182188510894775,0.9646126627922058,0.6115774512290955,0.5317746996879578,0.8579140901565552,0.4295877516269684,0.9600775241851807,0.8465067744255066,0.9960620999336243,0.9615849256515503,0.8769660592079163,0.84953773021698,0.8914740085601807,0.7286282777786255,0.7504616379737854,0.8452578783035278,0.8914740085601807,0.7286282777786255,0.7504616379737854,0.8452578783035278,0.9097474813461304,0.8608033061027527
58,14572,33.92649459838867,34.064903259277344,33.95369338989258,33.91029739379883,0.011190839111804962,1.7610678672790527,0.010367991402745247,0.04619152471423149,0.20583371818065643,0.7729350924491882,0.052997883409261703,0.19675308465957642,,,,,,,,,,,,,,,,,,,,,,,,,,,,,,,,,,,,,,,,,,,,,,,,
59,14599,,,,,,,,,,,,,9.999999747378752e-05,9.999999747378752e-05,3.232564267818816e-06,,,,,,,,,,,,,,,,,,,,,,,,,,,,,,,,,,,,,,,,,,,,,
59,14649,,,,,,,,,,,,,9.999999747378752e-05,9.999999747378752e-05,3.232564267818816e-06,,,,,,,,,,,,,,,,,,,,,,,,,,,,,,,,,,,,,,,,,,,,,
59,14699,,,,,,,,,,,,,9.999999747378752e-05,9.999999747378752e-05,3.232564267818816e-06,,,,,,,,,,,,,,,,,,,,,,,,,,,,,,,,,,,,,,,,,,,,,
59,14749,,,,,,,,,,,,,9.999999747378752e-05,9.999999747378752e-05,3.232564267818816e-06,,,,,,,,,,,,,,,,,,,,,,,,,,,,,,,,,,,,,,,,,,,,,
59,14799,,,,,,,,,,,,,9.999999747378752e-05,9.999999747378752e-05,3.232564267818816e-06,,,,,,,,,,,,,,,,,,,,,,,,,,,,,,,,,,,,,,,,,,,,,
59,14819,,,,,,,,,,,,,,,,0.9191387891769409,0.3853929042816162,0.3234670162200928,0.4169149100780487,0.5467830896377563,0.9213199019432068,0.9653743505477905,0.608383297920227,0.5181501507759094,0.8578377962112427,0.4253438115119934,0.9553674459457397,0.8450074791908264,0.9980310201644897,0.9616014957427979,0.8744641542434692,0.8494201302528381,0.8689943552017212,0.9179012775421143,0.3739234209060669,0.3292074203491211,0.41412365436553955,0.5659778118133545,0.924420952796936,0.9661360383033752,0.6051891446113586,0.5045256018638611,0.8577614426612854,0.4210999011993408,0.9506574273109436,0.8435081839561462,1.0,0.9616180062294006,0.8719622492790222,0.8493025302886963,0.8830260038375854,0.7269008755683899,0.7460829019546509,0.8431673645973206,0.8830260038375854,0.7269008755683899,0.7460829019546509,0.8431673645973206,0.9126226305961609,0.844422459602356
59,14819,33.950531005859375,34.026947021484375,33.977352142333984,34.007083892822266,0.004997964017093182,1.7368494272232056,0.010459528304636478,0.04592231661081314,0.20501910150051117,0.7604919075965881,0.052637722343206406,0.1920769363641739,,,,,,,,,,,,,,,,,,,,,,,,,,,,,,,,,,,,,,,,,,,,,,,,
60,14849,,,,,,,,,,,,,9.999999747378752e-05,9.999999747378752e-05,3.232564267818816e-06,,,,,,,,,,,,,,,,,,,,,,,,,,,,,,,,,,,,,,,,,,,,,
60,14899,,,,,,,,,,,,,9.999999747378752e-05,9.999999747378752e-05,3.232564267818816e-06,,,,,,,,,,,,,,,,,,,,,,,,,,,,,,,,,,,,,,,,,,,,,
60,14949,,,,,,,,,,,,,9.999999747378752e-05,9.999999747378752e-05,3.232564267818816e-06,,,,,,,,,,,,,,,,,,,,,,,,,,,,,,,,,,,,,,,,,,,,,
60,14999,,,,,,,,,,,,,9.999999747378752e-05,9.999999747378752e-05,3.232564267818816e-06,,,,,,,,,,,,,,,,,,,,,,,,,,,,,,,,,,,,,,,,,,,,,
60,15049,,,,,,,,,,,,,9.999999747378752e-05,9.999999747378752e-05,3.232564267818816e-06,,,,,,,,,,,,,,,,,,,,,,,,,,,,,,,,,,,,,,,,,,,,,
60,15066,,,,,,,,,,,,,,,,0.9143912196159363,0.3618473410606384,0.3295045793056488,0.39979642629623413,0.5703743100166321,0.9269915819168091,0.9643169045448303,0.6046068668365479,0.49136704206466675,0.857760488986969,0.43926680088043213,0.9525244235992432,0.8441028594970703,0.9979522824287415,0.956339955329895,0.865024209022522,0.8489826321601868,0.8728924989700317,0.9108811616897583,0.3497712314128876,0.3298017382621765,0.3854691982269287,0.5747708082199097,0.9295622110366821,0.9624977707862854,0.6040246486663818,0.4782085120677948,0.8577595353126526,0.4574337303638458,0.9543914794921875,0.8446975350379944,0.9959045648574829,0.9510619640350342,0.858086109161377,0.8486627340316772,0.8842329978942871,0.7231167554855347,0.7417902946472168,0.8383198976516724,0.8842329978942871,0.7231167554855347,0.7417902946472168,0.8383198976516724,0.9033324718475342,0.8574655055999756
60,15066,33.9476203918457,34.10981750488281,33.965335845947266,33.921051025390625,0.001111945603042841,1.7269630432128906,0.010320955887436867,0.04464827850461006,0.20444366335868835,0.7574516534805298,0.0526239387691021,0.19248704612255096,,,,,,,,,,,,,,,,,,,,,,,,,,,,,,,,,,,,,,,,,,,,,,,,
61,15099,,,,,,,,,,,,,9.999999747378752e-05,9.999999747378752e-05,3.232564267818816e-06,,,,,,,,,,,,,,,,,,,,,,,,,,,,,,,,,,,,,,,,,,,,,
61,15149,,,,,,,,,,,,,9.999999747378752e-05,9.999999747378752e-05,3.232564267818816e-06,,,,,,,,,,,,,,,,,,,,,,,,,,,,,,,,,,,,,,,,,,,,,
61,15199,,,,,,,,,,,,,9.999999747378752e-05,9.999999747378752e-05,3.232564267818816e-06,,,,,,,,,,,,,,,,,,,,,,,,,,,,,,,,,,,,,,,,,,,,,
61,15249,,,,,,,,,,,,,9.999999747378752e-05,9.999999747378752e-05,3.232564267818816e-06,,,,,,,,,,,,,,,,,,,,,,,,,,,,,,,,,,,,,,,,,,,,,
61,15299,,,,,,,,,,,,,9.999999747378752e-05,9.999999747378752e-05,3.232564267818816e-06,,,,,,,,,,,,,,,,,,,,,,,,,,,,,,,,,,,,,,,,,,,,,
61,15313,,,,,,,,,,,,,,,,0.9086841940879822,0.36003267765045166,0.33278656005859375,0.3854551315307617,0.5563093423843384,0.9306003451347351,0.9627479314804077,0.6068646907806396,0.48850247263908386,0.8559751510620117,0.4497707188129425,0.9551928043365479,0.8454878330230713,0.9955832958221436,0.9530922174453735,0.8633831739425659,0.8490180969238281,0.8707228302955627,0.906487226486206,0.37029409408569336,0.3357713520526886,0.3854410648345947,0.5378478169441223,0.9316384792327881,0.96299809217453,0.6097047328948975,0.4987964332103729,0.8541907072067261,0.4421077072620392,0.955994188785553,0.8462781310081482,0.9952619671821594,0.9551224708557129,0.8686801791191101,0.8493735194206238,0.8847929835319519,0.7238816618919373,0.7417485117912292,0.8370177149772644,0.8847929835319519,0.7238816618919373,0.7417485117912292,0.8370177149772644,0.898883581161499,0.8584375381469727
61,15313,33.92408752441406,33.920040130615234,33.952049255371094,33.85564422607422,-4.6332354486366967e-07,1.7506804466247559,0.010184988379478455,0.0449594147503376,0.203416645526886,0.7762003540992737,0.052390869706869125,0.195280060172081,,,,,,,,,,,,,,,,,,,,,,,,,,,,,,,,,,,,,,,,,,,,,,,,
62,15349,,,,,,,,,,,,,9.999999747378752e-05,9.999999747378752e-05,3.232564267818816e-06,,,,,,,,,,,,,,,,,,,,,,,,,,,,,,,,,,,,,,,,,,,,,
62,15399,,,,,,,,,,,,,9.999999747378752e-05,9.999999747378752e-05,3.232564267818816e-06,,,,,,,,,,,,,,,,,,,,,,,,,,,,,,,,,,,,,,,,,,,,,
62,15449,,,,,,,,,,,,,9.999999747378752e-05,9.999999747378752e-05,3.232564267818816e-06,,,,,,,,,,,,,,,,,,,,,,,,,,,,,,,,,,,,,,,,,,,,,
62,15499,,,,,,,,,,,,,9.999999747378752e-05,9.999999747378752e-05,3.232564267818816e-06,,,,,,,,,,,,,,,,,,,,,,,,,,,,,,,,,,,,,,,,,,,,,
62,15549,,,,,,,,,,,,,9.999999747378752e-05,9.999999747378752e-05,3.232564267818816e-06,,,,,,,,,,,,,,,,,,,,,,,,,,,,,,,,,,,,,,,,,,,,,
62,15560,,,,,,,,,,,,,,,,0.9082480669021606,0.3726678788661957,0.35112982988357544,0.3990883231163025,0.5455013513565063,0.9354931116104126,0.9622074961662292,0.6054583787918091,0.4840676188468933,0.8568336367607117,0.43180400133132935,0.954452633857727,0.8461783528327942,0.9953357577323914,0.9531760215759277,0.8730294108390808,0.8482969999313354,0.8714986443519592,0.9100089073181152,0.375041663646698,0.3664882779121399,0.41273561120033264,0.5531548261642456,0.9393478035926819,0.9614169001579285,0.6012119650840759,0.4693388044834137,0.8594765663146973,0.4215002954006195,0.9529110789299011,0.8460785746574402,0.9954095482826233,0.9512295126914978,0.8773786425590515,0.8472204804420471,0.887245774269104,0.7258793711662292,0.7406045794487,0.8402564525604248,0.887245774269104,0.7258793711662292,0.7406045794487,0.8402564525604248,0.9155277013778687,0.8484808802604675
62,15560,33.94395065307617,34.031375885009766,33.960147857666016,33.933326721191406,0.005326985381543636,1.716079831123352,0.010132134892046452,0.0446920208632946,0.20319707691669464,0.752865731716156,0.05187598243355751,0.1910722255706787,,,,,,,,,,,,,,,,,,,,,,,,,,,,,,,,,,,,,,,,,,,,,,,,
63,15599,,,,,,,,,,,,,9.999999747378752e-05,9.999999747378752e-05,3.232564267818816e-06,,,,,,,,,,,,,,,,,,,,,,,,,,,,,,,,,,,,,,,,,,,,,
63,15649,,,,,,,,,,,,,9.999999747378752e-05,9.999999747378752e-05,3.232564267818816e-06,,,,,,,,,,,,,,,,,,,,,,,,,,,,,,,,,,,,,,,,,,,,,
63,15699,,,,,,,,,,,,,9.999999747378752e-05,9.999999747378752e-05,3.232564267818816e-06,,,,,,,,,,,,,,,,,,,,,,,,,,,,,,,,,,,,,,,,,,,,,
63,15749,,,,,,,,,,,,,9.999999747378752e-05,9.999999747378752e-05,3.232564267818816e-06,,,,,,,,,,,,,,,,,,,,,,,,,,,,,,,,,,,,,,,,,,,,,
63,15799,,,,,,,,,,,,,9.999999747378752e-05,9.999999747378752e-05,3.232564267818816e-06,,,,,,,,,,,,,,,,,,,,,,,,,,,,,,,,,,,,,,,,,,,,,
63,15807,,,,,,,,,,,,,,,,0.9078097343444824,0.3610785901546478,0.34395480155944824,0.3876458704471588,0.5342795848846436,0.9360121488571167,0.9623380899429321,0.5998759865760803,0.4844615161418915,0.8582181930541992,0.43663543462753296,0.955925464630127,0.8453551530838013,0.9955558180809021,0.9520326852798462,0.8750416040420532,0.8482953310012817,0.8645731806755066,0.9056105017662048,0.34711551666259766,0.3214213252067566,0.362556129693985,0.5154043436050415,0.9326765537261963,0.9632592797279358,0.5985400080680847,0.49958422780036926,0.8569597601890564,0.4517706036567688,0.9589398503303528,0.8446317315101624,0.9957020878791809,0.9528358578681946,0.8727046251296997,0.8493702411651611,0.8753251433372498,0.7193577885627747,0.7402273416519165,0.835508406162262,0.8753251433372498,0.7193577885627747,0.7402273416519165,0.835508406162262,0.9229440689086914,0.8348150849342346
63,15807,33.95976638793945,33.99152374267578,33.9757080078125,33.86184310913086,0.008845093660056591,1.752520203590393,0.010536959394812584,0.04579232633113861,0.20585232973098755,0.7695620059967041,0.053094908595085144,0.1946347951889038,,,,,,,,,,,,,,,,,,,,,,,,,,,,,,,,,,,,,,,,,,,,,,,,
64,15849,,,,,,,,,,,,,9.999999747378752e-05,9.999999747378752e-05,3.232564267818816e-06,,,,,,,,,,,,,,,,,,,,,,,,,,,,,,,,,,,,,,,,,,,,,
64,15899,,,,,,,,,,,,,9.999999747378752e-05,9.999999747378752e-05,3.232564267818816e-06,,,,,,,,,,,,,,,,,,,,,,,,,,,,,,,,,,,,,,,,,,,,,
64,15949,,,,,,,,,,,,,9.999999747378752e-05,9.999999747378752e-05,3.232564267818816e-06,,,,,,,,,,,,,,,,,,,,,,,,,,,,,,,,,,,,,,,,,,,,,
64,15999,,,,,,,,,,,,,9.999999747378752e-05,9.999999747378752e-05,3.232564267818816e-06,,,,,,,,,,,,,,,,,,,,,,,,,,,,,,,,,,,,,,,,,,,,,
64,16049,,,,,,,,,,,,,9.999999747378752e-05,9.999999747378752e-05,3.232564267818816e-06,,,,,,,,,,,,,,,,,,,,,,,,,,,,,,,,,,,,,,,,,,,,,
64,16054,,,,,,,,,,,,,,,,0.9069380760192871,0.348308801651001,0.34078705310821533,0.37286093831062317,0.5172615647315979,0.9345498085021973,0.9625765085220337,0.6015642881393433,0.506546676158905,0.8590034246444702,0.4431147873401642,0.9607717990875244,0.8436428904533386,0.9957582950592041,0.9522662162780762,0.8705376386642456,0.8486034274101257,0.8755149245262146,0.9082657098770142,0.3495020866394043,0.3601527810096741,0.38316574692726135,0.5191187858581543,0.936423122882843,0.9618937373161316,0.604588508605957,0.5135091543197632,0.8610471487045288,0.43445897102355957,0.9626036882400513,0.8426540493965149,0.9958145618438721,0.951696515083313,0.8683707118034363,0.8478366136550903,0.8814918994903564,0.7235942482948303,0.748013973236084,0.8420476913452148,0.8814918994903564,0.7235942482948303,0.748013973236084,0.8420476913452148,0.892635703086853,0.8669607639312744
64,16054,33.922698974609375,34.04491424560547,33.96204376220703,33.888916015625,0.0020971877966076136,1.744765043258667,0.010279389098286629,0.04582706838846207,0.20443548262119293,0.7666279673576355,0.05246133729815483,0.19412288069725037,,,,,,,,,,,,,,,,,,,,,,,,,,,,,,,,,,,,,,,,,,,,,,,,
65,16099,,,,,,,,,,,,,9.999999747378752e-05,9.999999747378752e-05,3.232564267818816e-06,,,,,,,,,,,,,,,,,,,,,,,,,,,,,,,,,,,,,,,,,,,,,
65,16149,,,,,,,,,,,,,9.999999747378752e-05,9.999999747378752e-05,3.232564267818816e-06,,,,,,,,,,,,,,,,,,,,,,,,,,,,,,,,,,,,,,,,,,,,,
65,16199,,,,,,,,,,,,,9.999999747378752e-05,9.999999747378752e-05,3.232564267818816e-06,,,,,,,,,,,,,,,,,,,,,,,,,,,,,,,,,,,,,,,,,,,,,
65,16249,,,,,,,,,,,,,9.999999747378752e-05,9.999999747378752e-05,3.232564267818816e-06,,,,,,,,,,,,,,,,,,,,,,,,,,,,,,,,,,,,,,,,,,,,,
65,16299,,,,,,,,,,,,,9.999999747378752e-05,9.999999747378752e-05,3.232564267818816e-06,,,,,,,,,,,,,,,,,,,,,,,,,,,,,,,,,,,,,,,,,,,,,
65,16301,,,,,,,,,,,,,,,,0.9071496725082397,0.3697507381439209,0.3686498999595642,0.3990824818611145,0.5220816135406494,0.9310967922210693,0.9613584876060486,0.6052560806274414,0.5088123083114624,0.8610509634017944,0.4369429051876068,0.9631416201591492,0.8454796075820923,0.9942498207092285,0.9534682035446167,0.8736540079116821,0.848379373550415,0.8748413324356079,0.9060335755348206,0.3899993896484375,0.37714704871177673,0.41499918699264526,0.5250445008277893,0.9257704615592957,0.9608232378959656,0.6059236526489258,0.5041154026985168,0.8610547780990601,0.43942683935165405,0.9636795520782471,0.8483051657676697,0.9926850199699402,0.9552399516105652,0.8789373636245728,0.848922073841095,0.8863534331321716,0.7293004393577576,0.7546120285987854,0.8443194031715393,0.8863534331321716,0.7293004393577576,0.7546120285987854,0.8443194031715393,0.9027535319328308,0.8560535907745361
65,16301,33.93775177001953,34.092105865478516,33.950531005859375,33.90485763549805,0.009578380733728409,1.7690236568450928,0.010487007908523083,0.04761150851845741,0.20571276545524597,0.7723079323768616,0.052720144391059875,0.19753491878509521,,,,,,,,,,,,,,,,,,,,,,,,,,,,,,,,,,,,,,,,,,,,,,,,
66,16349,,,,,,,,,,,,,9.999999747378752e-05,9.999999747378752e-05,3.232564267818816e-06,,,,,,,,,,,,,,,,,,,,,,,,,,,,,,,,,,,,,,,,,,,,,
66,16399,,,,,,,,,,,,,9.999999747378752e-05,9.999999747378752e-05,3.232564267818816e-06,,,,,,,,,,,,,,,,,,,,,,,,,,,,,,,,,,,,,,,,,,,,,
66,16449,,,,,,,,,,,,,9.999999747378752e-05,9.999999747378752e-05,3.232564267818816e-06,,,,,,,,,,,,,,,,,,,,,,,,,,,,,,,,,,,,,,,,,,,,,
66,16499,,,,,,,,,,,,,9.999999747378752e-05,9.999999747378752e-05,3.232564267818816e-06,,,,,,,,,,,,,,,,,,,,,,,,,,,,,,,,,,,,,,,,,,,,,
66,16548,,,,,,,,,,,,,,,,0.9083930253982544,0.3953094780445099,0.37010177969932556,0.4032398462295532,0.541577935218811,0.9264470338821411,0.9601813554763794,0.6032296419143677,0.5189831256866455,0.8613304495811462,0.43410491943359375,0.9633291959762573,0.8488655090332031,0.9939347505569458,0.9556744694709778,0.8786201477050781,0.8489012122154236,0.8786473274230957,0.9107524752616882,0.4006195664405823,0.3630565106868744,0.3914804756641388,0.558111310005188,0.9271236062049866,0.959539532661438,0.6005355715751648,0.5338507890701294,0.8616061210632324,0.42878296971321106,0.9629787802696228,0.8494257926940918,0.9951845407485962,0.9561089873313904,0.8783029913902283,0.8488803505897522,0.8925691246986389,0.7309612035751343,0.7624853253364563,0.842263400554657,0.8925691246986389,0.7309612035751343,0.7624853253364563,0.842263400554657,0.909340500831604,0.8612880706787109
66,16548,33.96748352050781,34.02581024169922,33.97545623779297,33.91890335083008,-1.2355295098132046e-07,1.7238126993179321,0.010163086466491222,0.045537132769823074,0.2014659196138382,0.7560553550720215,0.05153847113251686,0.19235660135746002,,,,,,,,,,,,,,,,,,,,,,,,,,,,,,,,,,,,,,,,,,,,,,,,
67,16549,,,,,,,,,,,,,9.999999747378752e-05,9.999999747378752e-05,3.232564267818816e-06,,,,,,,,,,,,,,,,,,,,,,,,,,,,,,,,,,,,,,,,,,,,,
67,16599,,,,,,,,,,,,,9.999999747378752e-05,9.999999747378752e-05,3.232564267818816e-06,,,,,,,,,,,,,,,,,,,,,,,,,,,,,,,,,,,,,,,,,,,,,
67,16649,,,,,,,,,,,,,9.999999747378752e-05,9.999999747378752e-05,3.232564267818816e-06,,,,,,,,,,,,,,,,,,,,,,,,,,,,,,,,,,,,,,,,,,,,,
67,16699,,,,,,,,,,,,,9.999999747378752e-05,9.999999747378752e-05,3.232564267818816e-06,,,,,,,,,,,,,,,,,,,,,,,,,,,,,,,,,,,,,,,,,,,,,
67,16749,,,,,,,,,,,,,9.999999747378752e-05,9.999999747378752e-05,3.232564267818816e-06,,,,,,,,,,,,,,,,,,,,,,,,,,,,,,,,,,,,,,,,,,,,,
67,16795,,,,,,,,,,,,,,,,0.9126948714256287,0.3945552110671997,0.34818553924560547,0.3768824636936188,0.5597207546234131,0.9236493706703186,0.9607630372047424,0.6015616655349731,0.5167930722236633,0.860088050365448,0.43838977813720703,0.9603241682052612,0.8477625846862793,0.9956796169281006,0.9549686908721924,0.8752058744430542,0.8498446941375732,0.8649571537971497,0.9146372675895691,0.38849085569381714,0.33331459760665894,0.36228445172309875,0.5613301396369934,0.9201751351356506,0.9619865417480469,0.6025877594947815,0.4997353255748749,0.8585699796676636,0.4479966163635254,0.9576694965362549,0.8460993766784668,0.9961746335029602,0.9538283944129944,0.8721088171005249,0.8508090972900391,0.8818948268890381,0.7251645922660828,0.7578791379928589,0.8381007313728333,0.8818948268890381,0.7251645922660828,0.7578791379928589,0.8381007313728333,0.8819343447685242,0.8610638380050659
67,16795,33.93699264526367,33.95445251464844,33.96065139770508,33.918521881103516,0.004241727292537689,1.7049012184143066,0.009937813505530357,0.04426879808306694,0.1991744190454483,0.753882110118866,0.050887130200862885,0.1895184963941574,,,,,,,,,,,,,,,,,,,,,,,,,,,,,,,,,,,,,,,,,,,,,,,,
68,16799,,,,,,,,,,,,,9.999999747378752e-05,9.999999747378752e-05,3.232564267818816e-06,,,,,,,,,,,,,,,,,,,,,,,,,,,,,,,,,,,,,,,,,,,,,
68,16849,,,,,,,,,,,,,9.999999747378752e-05,9.999999747378752e-05,3.232564267818816e-06,,,,,,,,,,,,,,,,,,,,,,,,,,,,,,,,,,,,,,,,,,,,,
68,16899,,,,,,,,,,,,,9.999999747378752e-05,9.999999747378752e-05,3.232564267818816e-06,,,,,,,,,,,,,,,,,,,,,,,,,,,,,,,,,,,,,,,,,,,,,
68,16949,,,,,,,,,,,,,9.999999747378752e-05,9.999999747378752e-05,3.232564267818816e-06,,,,,,,,,,,,,,,,,,,,,,,,,,,,,,,,,,,,,,,,,,,,,
68,16999,,,,,,,,,,,,,9.999999747378752e-05,9.999999747378752e-05,3.232564267818816e-06,,,,,,,,,,,,,,,,,,,,,,,,,,,,,,,,,,,,,,,,,,,,,
68,17042,,,,,,,,,,,,,,,,0.9121743440628052,0.38969454169273376,0.3561597466468811,0.3881429433822632,0.5621930360794067,0.9229066371917725,0.9608122110366821,0.6046102046966553,0.5088487863540649,0.8583360910415649,0.441063791513443,0.959579586982727,0.8481318950653076,0.9959608316421509,0.9540958404541016,0.8727071285247803,0.8497837781906128,0.8706957697868347,0.9097114205360413,0.3908982276916504,0.3790048658847809,0.4140014350414276,0.5630559921264648,0.9256381392478943,0.9596379399299622,0.6066325902938843,0.5179622173309326,0.8581022024154663,0.4341309666633606,0.9614896774291992,0.8501644134521484,0.9957470893859863,0.954363226890564,0.8733053803443909,0.8487585186958313,0.8913738131523132,0.7319179177284241,0.7635089755058289,0.8397802710533142,0.8913738131523132,0.7319179177284241,0.7635089755058289,0.8397802710533142,0.9027643799781799,0.8541361093521118
68,17042,33.95445251464844,34.12247085571289,33.97279739379883,33.91586685180664,0.01018474716693163,1.7219423055648804,0.010391534306108952,0.04577145725488663,0.2027062028646469,0.7527703046798706,0.05160583555698395,0.19121967256069183,,,,,,,,,,,,,,,,,,,,,,,,,,,,,,,,,,,,,,,,,,,,,,,,
69,17049,,,,,,,,,,,,,9.999999747378752e-05,9.999999747378752e-05,3.232564267818816e-06,,,,,,,,,,,,,,,,,,,,,,,,,,,,,,,,,,,,,,,,,,,,,
69,17099,,,,,,,,,,,,,9.999999747378752e-05,9.999999747378752e-05,3.232564267818816e-06,,,,,,,,,,,,,,,,,,,,,,,,,,,,,,,,,,,,,,,,,,,,,
69,17149,,,,,,,,,,,,,9.999999747378752e-05,9.999999747378752e-05,3.232564267818816e-06,,,,,,,,,,,,,,,,,,,,,,,,,,,,,,,,,,,,,,,,,,,,,
69,17199,,,,,,,,,,,,,9.999999747378752e-05,9.999999747378752e-05,3.232564267818816e-06,,,,,,,,,,,,,,,,,,,,,,,,,,,,,,,,,,,,,,,,,,,,,
69,17249,,,,,,,,,,,,,9.999999747378752e-05,9.999999747378752e-05,3.232564267818816e-06,,,,,,,,,,,,,,,,,,,,,,,,,,,,,,,,,,,,,,,,,,,,,
69,17289,,,,,,,,,,,,,,,,0.9109252691268921,0.38108617067337036,0.39933115243911743,0.4206981062889099,0.5652027130126953,0.9239234328269958,0.9596442580223083,0.6068110466003418,0.4879258871078491,0.8581475615501404,0.43365877866744995,0.9607923030853271,0.850005567073822,0.9958820939064026,0.9569369554519653,0.8747646808624268,0.8479479551315308,0.8728600144386292,0.9121391177177429,0.37127411365509033,0.4196574091911316,0.4273947477340698,0.5673494935035706,0.9222087264060974,0.9596505761146545,0.6069895029067993,0.45788952708244324,0.8581929206848145,0.4331866204738617,0.9600948691368103,0.8498467206954956,0.9960170984268188,0.9595106840133667,0.8762239813804626,0.8471373319625854,0.8909374475479126,0.7308684587478638,0.7516502141952515,0.8400053977966309,0.8909374475479126,0.7308684587478638,0.7516502141952515,0.8400053977966309,0.9176203608512878,0.8481015563011169
69,17289,33.955718994140625,34.144989013671875,33.97418975830078,33.96229934692383,0.005124389193952084,1.6757267713546753,0.009827842004597187,0.04303570091724396,0.19875867664813995,0.7374229431152344,0.05054574832320213,0.18706804513931274,,,,,,,,,,,,,,,,,,,,,,,,,,,,,,,,,,,,,,,,,,,,,,,,
70,17299,,,,,,,,,,,,,9.999999747378752e-05,9.999999747378752e-05,3.232564267818816e-06,,,,,,,,,,,,,,,,,,,,,,,,,,,,,,,,,,,,,,,,,,,,,
70,17349,,,,,,,,,,,,,9.999999747378752e-05,9.999999747378752e-05,3.232564267818816e-06,,,,,,,,,,,,,,,,,,,,,,,,,,,,,,,,,,,,,,,,,,,,,
70,17399,,,,,,,,,,,,,9.999999747378752e-05,9.999999747378752e-05,3.232564267818816e-06,,,,,,,,,,,,,,,,,,,,,,,,,,,,,,,,,,,,,,,,,,,,,
70,17449,,,,,,,,,,,,,9.999999747378752e-05,9.999999747378752e-05,3.232564267818816e-06,,,,,,,,,,,,,,,,,,,,,,,,,,,,,,,,,,,,,,,,,,,,,
70,17499,,,,,,,,,,,,,9.999999747378752e-05,9.999999747378752e-05,3.232564267818816e-06,,,,,,,,,,,,,,,,,,,,,,,,,,,,,,,,,,,,,,,,,,,,,
70,17536,,,,,,,,,,,,,,,,0.9113612174987793,0.35491687059402466,0.3825778365135193,0.44321802258491516,0.5537713766098022,0.9244362115859985,0.9599609375,0.6106470823287964,0.4407079815864563,0.8609694242477417,0.4267381727695465,0.9611477255821228,0.8497368693351746,0.9955782890319824,0.9580535888671875,0.870125412940979,0.8475430011749268,0.8714959621429443,0.9105833768844604,0.338559627532959,0.345498263835907,0.4590412974357605,0.5401932001113892,0.9266636967658997,0.9602712988853455,0.6143047213554382,0.42352646589279175,0.8637459874153137,0.4202897250652313,0.9622005820274353,0.8496270179748535,0.9951395392417908,0.9565964937210083,0.8640268445014954,0.8479487299919128,0.88664311170578,0.7222480773925781,0.739467442035675,0.8376901149749756,0.88664311170578,0.7222480773925781,0.739467442035675,0.8376901149749756,0.9067245125770569,0.8477197885513306
70,17536,33.95508575439453,34.07945251464844,33.970645904541016,33.948001861572266,0.0032129634637385607,1.6778160333633423,0.010096482001245022,0.044346898794174194,0.19791769981384277,0.733182966709137,0.05081046372652054,0.18643848598003387,,,,,,,,,,,,,,,,,,,,,,,,,,,,,,,,,,,,,,,,,,,,,,,,
71,17549,,,,,,,,,,,,,9.999999747378752e-05,9.999999747378752e-05,3.232564267818816e-06,,,,,,,,,,,,,,,,,,,,,,,,,,,,,,,,,,,,,,,,,,,,,
71,17599,,,,,,,,,,,,,9.999999747378752e-05,9.999999747378752e-05,3.232564267818816e-06,,,,,,,,,,,,,,,,,,,,,,,,,,,,,,,,,,,,,,,,,,,,,
71,17649,,,,,,,,,,,,,9.999999747378752e-05,9.999999747378752e-05,3.232564267818816e-06,,,,,,,,,,,,,,,,,,,,,,,,,,,,,,,,,,,,,,,,,,,,,
71,17699,,,,,,,,,,,,,9.999999747378752e-05,9.999999747378752e-05,3.232564267818816e-06,,,,,,,,,,,,,,,,,,,,,,,,,,,,,,,,,,,,,,,,,,,,,
71,17749,,,,,,,,,,,,,9.999999747378752e-05,9.999999747378752e-05,3.232564267818816e-06,,,,,,,,,,,,,,,,,,,,,,,,,,,,,,,,,,,,,,,,,,,,,
71,17783,,,,,,,,,,,,,,,,0.9143669605255127,0.3381720185279846,0.36017924547195435,0.4535045027732849,0.5389074683189392,0.925937294960022,0.9612906575202942,0.6117046475410461,0.44888877868652344,0.8576885461807251,0.4397878050804138,0.9600607752799988,0.8472422361373901,0.9959383606910706,0.9555516839027405,0.867085874080658,0.848315417766571,0.8673434853553772,0.9181504845619202,0.33778443932533264,0.3748602271080017,0.4479677081108093,0.5376217365264893,0.9252108335494995,0.9623100161552429,0.609104573726654,0.4742510914802551,0.8516310453414917,0.4592858552932739,0.9579209685325623,0.844857394695282,0.9967371821403503,0.9545068740844727,0.8701449036598206,0.8486821055412292,0.8862352967262268,0.7277075052261353,0.7481628656387329,0.8400967121124268,0.8862352967262268,0.7277075052261353,0.7481628656387329,0.8400967121124268,0.9076937437057495,0.8435616493225098
71,17783,33.959007263183594,34.06376647949219,33.951290130615234,33.956478118896484,0.004389496520161629,1.6643224954605103,0.009896092116832733,0.043700702488422394,0.19655516743659973,0.7301040291786194,0.05010823905467987,0.18473155796527863,,,,,,,,,,,,,,,,,,,,,,,,,,,,,,,,,,,,,,,,,,,,,,,,
72,17799,,,,,,,,,,,,,9.999999747378752e-05,9.999999747378752e-05,3.232564267818816e-06,,,,,,,,,,,,,,,,,,,,,,,,,,,,,,,,,,,,,,,,,,,,,
72,17849,,,,,,,,,,,,,9.999999747378752e-05,9.999999747378752e-05,3.232564267818816e-06,,,,,,,,,,,,,,,,,,,,,,,,,,,,,,,,,,,,,,,,,,,,,
72,17899,,,,,,,,,,,,,9.999999747378752e-05,9.999999747378752e-05,3.232564267818816e-06,,,,,,,,,,,,,,,,,,,,,,,,,,,,,,,,,,,,,,,,,,,,,
72,17949,,,,,,,,,,,,,9.999999747378752e-05,9.999999747378752e-05,3.232564267818816e-06,,,,,,,,,,,,,,,,,,,,,,,,,,,,,,,,,,,,,,,,,,,,,
72,17999,,,,,,,,,,,,,9.999999747378752e-05,9.999999747378752e-05,3.232564267818816e-06,,,,,,,,,,,,,,,,,,,,,,,,,,,,,,,,,,,,,,,,,,,,,
72,18030,,,,,,,,,,,,,,,,0.9199146628379822,0.326943576335907,0.3709014058113098,0.45289087295532227,0.5612571239471436,0.9271958470344543,0.9618614912033081,0.6076263189315796,0.4484419822692871,0.8526397943496704,0.4656810164451599,0.9596717953681946,0.8451622724533081,0.9967596530914307,0.9556201100349426,0.8698974251747131,0.8491495847702026,0.8720800280570984,0.9216788411140442,0.3161027133464813,0.3669425845146179,0.4578140676021576,0.5848925113677979,0.9291808605194092,0.9614129066467285,0.6061481237411499,0.4226329028606415,0.8536486029624939,0.4720762073993683,0.9614226222038269,0.845467209815979,0.9967821836471558,0.9567333459854126,0.8696499466896057,0.8496171236038208,0.8888800144195557,0.7277766466140747,0.7510011196136475,0.8403122425079346,0.8888800144195557,0.7277766466140747,0.7510011196136475,0.8403122425079346,0.912936270236969,0.8487668037414551
72,18030,33.92763137817383,34.02720260620117,33.93610763549805,33.90372085571289,0.005171401426196098,1.6595953702926636,0.009853378869593143,0.0425366647541523,0.1966576874256134,0.7349542379379272,0.049776867032051086,0.1832394003868103,,,,,,,,,,,,,,,,,,,,,,,,,,,,,,,,,,,,,,,,,,,,,,,,
73,18049,,,,,,,,,,,,,9.999999747378752e-05,9.999999747378752e-05,3.232564267818816e-06,,,,,,,,,,,,,,,,,,,,,,,,,,,,,,,,,,,,,,,,,,,,,
73,18099,,,,,,,,,,,,,9.999999747378752e-05,9.999999747378752e-05,3.232564267818816e-06,,,,,,,,,,,,,,,,,,,,,,,,,,,,,,,,,,,,,,,,,,,,,
73,18149,,,,,,,,,,,,,9.999999747378752e-05,9.999999747378752e-05,3.232564267818816e-06,,,,,,,,,,,,,,,,,,,,,,,,,,,,,,,,,,,,,,,,,,,,,
73,18199,,,,,,,,,,,,,9.999999747378752e-05,9.999999747378752e-05,3.232564267818816e-06,,,,,,,,,,,,,,,,,,,,,,,,,,,,,,,,,,,,,,,,,,,,,
73,18249,,,,,,,,,,,,,9.999999747378752e-05,9.999999747378752e-05,3.232564267818816e-06,,,,,,,,,,,,,,,,,,,,,,,,,,,,,,,,,,,,,,,,,,,,,
73,18277,,,,,,,,,,,,,,,,0.9189770817756653,0.30702805519104004,0.3677561283111572,0.4490169286727905,0.5653586983680725,0.9241688847541809,0.9613003730773926,0.613196074962616,0.41879212856292725,0.8563796281814575,0.4555821418762207,0.9587533473968506,0.8455870747566223,0.9967821836471558,0.9566855430603027,0.8708452582359314,0.8495638370513916,0.86661297082901,0.9162753224372864,0.29795339703559875,0.36856964230537415,0.4402197599411011,0.5458248853683472,0.9191569089889526,0.9611878395080566,0.620244026184082,0.414951354265213,0.8591105937957764,0.43908804655075073,0.9560840725898743,0.8457069396972656,0.9967821836471558,0.9566376805305481,0.8720405697822571,0.8495104908943176,0.8852849006652832,0.7211378812789917,0.7406580448150635,0.8393254280090332,0.8852849006652832,0.7211378812789917,0.7406580448150635,0.8393254280090332,0.9021525382995605,0.847780168056488
73,18277,33.92851638793945,34.04744338989258,33.932945251464844,34.019737243652344,-1.853294264719807e-07,1.6414283514022827,0.00979677215218544,0.04276207834482193,0.1949373036623001,0.7223958969116211,0.04932011663913727,0.18133023381233215,,,,,,,,,,,,,,,,,,,,,,,,,,,,,,,,,,,,,,,,,,,,,,,,
74,18299,,,,,,,,,,,,,9.999999747378752e-05,9.999999747378752e-05,3.232564267818816e-06,,,,,,,,,,,,,,,,,,,,,,,,,,,,,,,,,,,,,,,,,,,,,
74,18349,,,,,,,,,,,,,9.999999747378752e-05,9.999999747378752e-05,3.232564267818816e-06,,,,,,,,,,,,,,,,,,,,,,,,,,,,,,,,,,,,,,,,,,,,,
74,18399,,,,,,,,,,,,,9.999999747378752e-05,9.999999747378752e-05,3.232564267818816e-06,,,,,,,,,,,,,,,,,,,,,,,,,,,,,,,,,,,,,,,,,,,,,
74,18449,,,,,,,,,,,,,9.999999747378752e-05,9.999999747378752e-05,3.232564267818816e-06,,,,,,,,,,,,,,,,,,,,,,,,,,,,,,,,,,,,,,,,,,,,,
74,18499,,,,,,,,,,,,,9.999999747378752e-05,9.999999747378752e-05,3.232564267818816e-06,,,,,,,,,,,,,,,,,,,,,,,,,,,,,,,,,,,,,,,,,,,,,
74,18524,,,,,,,,,,,,,,,,0.9131980538368225,0.31933432817459106,0.3729807138442993,0.44735434651374817,0.5389156341552734,0.922904372215271,0.9609940052032471,0.6208133101463318,0.44194114208221436,0.8580127954483032,0.43051373958587646,0.9558690190315247,0.8432556986808777,0.9963433742523193,0.9547864198684692,0.8742399215698242,0.8497976064682007,0.8726133108139038,0.9101207852363586,0.340715229511261,0.3773917853832245,0.45448893308639526,0.5320063233375549,0.9266517758369446,0.9608001112937927,0.6213825941085815,0.4689309298992157,0.8569150567054749,0.4219394326210022,0.955653965473175,0.8408044576644897,0.9959045648574829,0.9529350996017456,0.8764392733573914,0.850084662437439,0.8867253065109253,0.7260685563087463,0.7558500170707703,0.8342913389205933,0.8867253065109253,0.7260685563087463,0.7558500170707703,0.8342913389205933,0.9018228650093079,0.857767641544342
74,18524,33.94673538208008,34.05351638793945,33.957489013671875,33.95660400390625,0.008280549198389053,1.6289218664169312,0.009648776613175869,0.042866431176662445,0.1939515620470047,0.7137134671211243,0.04875962808728218,0.18058058619499207,,,,,,,,,,,,,,,,,,,,,,,,,,,,,,,,,,,,,,,,,,,,,,,,
75,18549,,,,,,,,,,,,,9.999999747378752e-05,9.999999747378752e-05,3.232564267818816e-06,,,,,,,,,,,,,,,,,,,,,,,,,,,,,,,,,,,,,,,,,,,,,
75,18599,,,,,,,,,,,,,9.999999747378752e-05,9.999999747378752e-05,3.232564267818816e-06,,,,,,,,,,,,,,,,,,,,,,,,,,,,,,,,,,,,,,,,,,,,,
75,18649,,,,,,,,,,,,,9.999999747378752e-05,9.999999747378752e-05,3.232564267818816e-06,,,,,,,,,,,,,,,,,,,,,,,,,,,,,,,,,,,,,,,,,,,,,
75,18699,,,,,,,,,,,,,9.999999747378752e-05,9.999999747378752e-05,3.232564267818816e-06,,,,,,,,,,,,,,,,,,,,,,,,,,,,,,,,,,,,,,,,,,,,,
75,18749,,,,,,,,,,,,,9.999999747378752e-05,9.999999747378752e-05,3.232564267818816e-06,,,,,,,,,,,,,,,,,,,,,,,,,,,,,,,,,,,,,,,,,,,,,
75,18771,,,,,,,,,,,,,,,,0.9073829650878906,0.33229684829711914,0.3758898675441742,0.4387521743774414,0.5409867763519287,0.9237738847732544,0.9609346389770508,0.612691342830658,0.46446776390075684,0.8559603691101074,0.420908659696579,0.9572871923446655,0.8431508541107178,0.9958033561706543,0.954479455947876,0.8807359933853149,0.8498804569244385,0.8799477815628052,0.9046450853347778,0.3238784372806549,0.3743879497051239,0.42301544547080994,0.5499672293663025,0.9208959937095642,0.9610692262649536,0.6040000915527344,0.46000462770462036,0.8550056219100952,0.41987788677215576,0.9589204788208008,0.8454973101615906,0.9957020878791809,0.9560238718986511,0.8850327730178833,0.849676251411438,0.8849436640739441,0.7228000164031982,0.7527657747268677,0.8299623727798462,0.8849436640739441,0.7228000164031982,0.7527657747268677,0.8299623727798462,0.9137542843818665,0.8613072037696838
75,18771,33.9406623840332,34.10880661010742,33.9476203918457,33.975833892822266,0.007102750241756439,1.6448718309402466,0.009962283074855804,0.0432722307741642,0.19589123129844666,0.7194998860359192,0.04950794577598572,0.18214641511440277,,,,,,,,,,,,,,,,,,,,,,,,,,,,,,,,,,,,,,,,,,,,,,,,
76,18799,,,,,,,,,,,,,9.999999747378752e-05,9.999999747378752e-05,3.232564267818816e-06,,,,,,,,,,,,,,,,,,,,,,,,,,,,,,,,,,,,,,,,,,,,,
76,18849,,,,,,,,,,,,,9.999999747378752e-05,9.999999747378752e-05,3.232564267818816e-06,,,,,,,,,,,,,,,,,,,,,,,,,,,,,,,,,,,,,,,,,,,,,
76,18899,,,,,,,,,,,,,9.999999747378752e-05,9.999999747378752e-05,3.232564267818816e-06,,,,,,,,,,,,,,,,,,,,,,,,,,,,,,,,,,,,,,,,,,,,,
76,18949,,,,,,,,,,,,,9.999999747378752e-05,9.999999747378752e-05,3.232564267818816e-06,,,,,,,,,,,,,,,,,,,,,,,,,,,,,,,,,,,,,,,,,,,,,
76,18999,,,,,,,,,,,,,9.999999747378752e-05,9.999999747378752e-05,3.232564267818816e-06,,,,,,,,,,,,,,,,,,,,,,,,,,,,,,,,,,,,,,,,,,,,,
76,19018,,,,,,,,,,,,,,,,0.9070125818252563,0.30879873037338257,0.3600426912307739,0.41611409187316895,0.5517940521240234,0.9194608926773071,0.9608423709869385,0.6081685423851013,0.4492335915565491,0.8504695892333984,0.420668363571167,0.9577047824859619,0.8461651802062988,0.9958596229553223,0.9565776586532593,0.8815158605575562,0.8506225347518921,0.8710840940475464,0.9093801379203796,0.2937190532684326,0.34569740295410156,0.40921276807785034,0.5536208152770996,0.9180258512496948,0.9606155157089233,0.6123369932174683,0.4384625256061554,0.8459335565567017,0.4214588701725006,0.9564890265464783,0.8468330502510071,0.9960170984268188,0.9571313858032227,0.8779990077018738,0.8515688180923462,0.8773007988929749,0.7173236608505249,0.7497209906578064,0.8342311382293701,0.8773007988929749,0.7173236608505249,0.7497209906578064,0.8342311382293701,0.893279492855072,0.8624996542930603
76,19018,33.94585037231445,34.09476089477539,33.951290130615234,33.987728118896484,0.0008979519479908049,1.6204273700714111,0.009843714535236359,0.042705733329057693,0.19351884722709656,0.7067884802818298,0.04900592938065529,0.1796802282333374,,,,,,,,,,,,,,,,,,,,,,,,,,,,,,,,,,,,,,,,,,,,,,,,
77,19049,,,,,,,,,,,,,9.999999747378752e-05,9.999999747378752e-05,3.232564267818816e-06,,,,,,,,,,,,,,,,,,,,,,,,,,,,,,,,,,,,,,,,,,,,,
77,19099,,,,,,,,,,,,,9.999999747378752e-05,9.999999747378752e-05,3.232564267818816e-06,,,,,,,,,,,,,,,,,,,,,,,,,,,,,,,,,,,,,,,,,,,,,
77,19149,,,,,,,,,,,,,9.999999747378752e-05,9.999999747378752e-05,3.232564267818816e-06,,,,,,,,,,,,,,,,,,,,,,,,,,,,,,,,,,,,,,,,,,,,,
77,19199,,,,,,,,,,,,,9.999999747378752e-05,9.999999747378752e-05,3.232564267818816e-06,,,,,,,,,,,,,,,,,,,,,,,,,,,,,,,,,,,,,,,,,,,,,
77,19249,,,,,,,,,,,,,9.999999747378752e-05,9.999999747378752e-05,3.232564267818816e-06,,,,,,,,,,,,,,,,,,,,,,,,,,,,,,,,,,,,,,,,,,,,,
77,19265,,,,,,,,,,,,,,,,0.9127347469329834,0.3084036707878113,0.3288932740688324,0.4001775085926056,0.5552884340286255,0.9170938730239868,0.9615287184715271,0.6100609302520752,0.46048206090927124,0.8477503061294556,0.42669570446014404,0.9572921991348267,0.8471249341964722,0.9964784383773804,0.9574978351593018,0.8763382434844971,0.85257887840271,0.8706698417663574,0.9160893559455872,0.32308825850486755,0.31208914518356323,0.39114224910736084,0.5569561123847961,0.9161619544029236,0.9624419212341309,0.6077848672866821,0.4825015664100647,0.8495671153068542,0.43193256855010986,0.9580954313278198,0.847416877746582,0.9969397187232971,0.9578642845153809,0.8746774792671204,0.8535889983177185,0.877526044845581,0.7199022173881531,0.7554888725280762,0.8326750993728638,0.877526044845581,0.7199022173881531,0.7554888725280762,0.8326750993728638,0.9065821170806885,0.8527567386627197
77,19265,33.953189849853516,34.12057113647461,33.96482849121094,33.98912048339844,0.004400245379656553,1.589930772781372,0.009378333576023579,0.04123210534453392,0.1898804008960724,0.6993241906166077,0.047884710133075714,0.1759522557258606,,,,,,,,,,,,,,,,,,,,,,,,,,,,,,,,,,,,,,,,,,,,,,,,
78,19299,,,,,,,,,,,,,9.999999747378752e-05,9.999999747378752e-05,3.232564267818816e-06,,,,,,,,,,,,,,,,,,,,,,,,,,,,,,,,,,,,,,,,,,,,,
78,19349,,,,,,,,,,,,,9.999999747378752e-05,9.999999747378752e-05,3.232564267818816e-06,,,,,,,,,,,,,,,,,,,,,,,,,,,,,,,,,,,,,,,,,,,,,
78,19399,,,,,,,,,,,,,9.999999747378752e-05,9.999999747378752e-05,3.232564267818816e-06,,,,,,,,,,,,,,,,,,,,,,,,,,,,,,,,,,,,,,,,,,,,,
78,19449,,,,,,,,,,,,,9.999999747378752e-05,9.999999747378752e-05,3.232564267818816e-06,,,,,,,,,,,,,,,,,,,,,,,,,,,,,,,,,,,,,,,,,,,,,
78,19499,,,,,,,,,,,,,9.999999747378752e-05,9.999999747378752e-05,3.232564267818816e-06,,,,,,,,,,,,,,,,,,,,,,,,,,,,,,,,,,,,,,,,,,,,,
78,19512,,,,,,,,,,,,,,,,0.917550802230835,0.33454179763793945,0.33138078451156616,0.3830987215042114,0.5609496831893921,0.9160797595977783,0.9629434943199158,0.6086854338645935,0.4812292158603668,0.8482283353805542,0.4312599003314972,0.9590675830841064,0.8469155430793762,0.9964559078216553,0.9590363502502441,0.8778469562530518,0.8526052236557007,0.8763360977172852,0.9190122485160828,0.34599536657333374,0.3506724238395691,0.375055193901062,0.5649431943893433,0.9159975051879883,0.9634450674057007,0.6095860004425049,0.47995686531066895,0.8468896150588989,0.4305872321128845,0.9600397348403931,0.8464142084121704,0.9959720969200134,0.9602084755897522,0.8810164332389832,0.8516213893890381,0.8844883441925049,0.7233772277832031,0.7543820738792419,0.8398847579956055,0.8844883441925049,0.7233772277832031,0.7543820738792419,0.8398847579956055,0.8977282047271729,0.8639749884605408
78,19512,33.94749450683594,34.064903259277344,33.966854095458984,33.96647262573242,0.004130838438868523,1.5947153568267822,0.009521164931356907,0.04172154888510704,0.19182905554771423,0.7008473873138428,0.047918930649757385,0.17499347031116486,,,,,,,,,,,,,,,,,,,,,,,,,,,,,,,,,,,,,,,,,,,,,,,,
79,19549,,,,,,,,,,,,,9.999999747378752e-05,9.999999747378752e-05,3.232564267818816e-06,,,,,,,,,,,,,,,,,,,,,,,,,,,,,,,,,,,,,,,,,,,,,
79,19599,,,,,,,,,,,,,9.999999747378752e-05,9.999999747378752e-05,3.232564267818816e-06,,,,,,,,,,,,,,,,,,,,,,,,,,,,,,,,,,,,,,,,,,,,,
79,19649,,,,,,,,,,,,,9.999999747378752e-05,9.999999747378752e-05,3.232564267818816e-06,,,,,,,,,,,,,,,,,,,,,,,,,,,,,,,,,,,,,,,,,,,,,
79,19699,,,,,,,,,,,,,9.999999747378752e-05,9.999999747378752e-05,3.232564267818816e-06,,,,,,,,,,,,,,,,,,,,,,,,,,,,,,,,,,,,,,,,,,,,,
79,19749,,,,,,,,,,,,,9.999999747378752e-05,9.999999747378752e-05,3.232564267818816e-06,,,,,,,,,,,,,,,,,,,,,,,,,,,,,,,,,,,,,,,,,,,,,
79,19759,,,,,,,,,,,,,,,,0.9169623851776123,0.3411093056201935,0.3363724946975708,0.388229101896286,0.5877993106842041,0.915152370929718,0.9632861614227295,0.6051476001739502,0.4916071891784668,0.8479430079460144,0.4339433014392853,0.9576177597045898,0.8448672294616699,0.9960733652114868,0.9617366790771484,0.8845334053039551,0.8508973121643066,0.8774318099021912,0.9149124622344971,0.3362232446670532,0.3220725655555725,0.40140300989151,0.6106553673744202,0.9143072366714478,0.9631271958351135,0.6007091403007507,0.5032575130462646,0.8489964008331299,0.43729937076568604,0.9551957249641418,0.8433202505111694,0.9961746335029602,0.9632648825645447,0.888050377368927,0.8501732349395752,0.886454701423645,0.7264201641082764,0.7688093781471252,0.8356290459632874,0.886454701423645,0.7264201641082764,0.7688093781471252,0.8356290459632874,0.9214725494384766,0.852497398853302
79,19759,33.94837951660156,34.0420036315918,33.95964050292969,33.96305847167969,0.004173587542027235,1.6212266683578491,0.009423875249922276,0.04297741875052452,0.19063282012939453,0.7152587175369263,0.0478203222155571,0.17884384095668793,,,,,,,,,,,,,,,,,,,,,,,,,,,,,,,,,,,,,,,,,,,,,,,,
80,19799,,,,,,,,,,,,,9.999999747378752e-05,9.999999747378752e-05,3.232564267818816e-06,,,,,,,,,,,,,,,,,,,,,,,,,,,,,,,,,,,,,,,,,,,,,
80,19849,,,,,,,,,,,,,9.999999747378752e-05,9.999999747378752e-05,3.232564267818816e-06,,,,,,,,,,,,,,,,,,,,,,,,,,,,,,,,,,,,,,,,,,,,,
80,19899,,,,,,,,,,,,,9.999999747378752e-05,9.999999747378752e-05,3.232564267818816e-06,,,,,,,,,,,,,,,,,,,,,,,,,,,,,,,,,,,,,,,,,,,,,
80,19949,,,,,,,,,,,,,9.999999747378752e-05,9.999999747378752e-05,3.232564267818816e-06,,,,,,,,,,,,,,,,,,,,,,,,,,,,,,,,,,,,,,,,,,,,,
80,19999,,,,,,,,,,,,,9.999999747378752e-05,9.999999747378752e-05,3.232564267818816e-06,,,,,,,,,,,,,,,,,,,,,,,,,,,,,,,,,,,,,,,,,,,,,
80,20006,,,,,,,,,,,,,,,,0.9144394397735596,0.336434543132782,0.32923346757888794,0.3854537010192871,0.585734486579895,0.9166676998138428,0.9628274440765381,0.6024430394172668,0.4796879291534424,0.8513548374176025,0.42930710315704346,0.9580525159835815,0.8439866900444031,0.996523380279541,0.961567759513855,0.8825223445892334,0.8481851816177368,0.8673413395881653,0.9139664173126221,0.33664584159851074,0.33639439940452576,0.3695043623447418,0.5608136057853699,0.9190281629562378,0.9625277519226074,0.604176938533783,0.45611831545829773,0.8537132143974304,0.4213148057460785,0.9609093070030212,0.8446531295776367,0.9968721866607666,0.9598706960678101,0.8769943118095398,0.8461971282958984,0.8790165781974792,0.7188059091567993,0.7488650679588318,0.8427961468696594,0.8790165781974792,0.7188059091567993,0.7488650679588318,0.8427961468696594,0.9094801545143127,0.842579185962677
80,20006,33.950279235839844,33.97937774658203,33.959388732910156,33.907894134521484,0.01019741129130125,1.6506013870239258,0.00967508926987648,0.043776292353868484,0.19315104186534882,0.7294061183929443,0.04850362613797188,0.18189050257205963,,,,,,,,,,,,,,,,,,,,,,,,,,,,,,,,,,,,,,,,,,,,,,,,
81,20049,,,,,,,,,,,,,9.999999747378752e-05,9.999999747378752e-05,3.232564267818816e-06,,,,,,,,,,,,,,,,,,,,,,,,,,,,,,,,,,,,,,,,,,,,,
81,20099,,,,,,,,,,,,,9.999999747378752e-05,9.999999747378752e-05,3.232564267818816e-06,,,,,,,,,,,,,,,,,,,,,,,,,,,,,,,,,,,,,,,,,,,,,
81,20149,,,,,,,,,,,,,9.999999747378752e-05,9.999999747378752e-05,3.232564267818816e-06,,,,,,,,,,,,,,,,,,,,,,,,,,,,,,,,,,,,,,,,,,,,,
81,20199,,,,,,,,,,,,,9.999999747378752e-05,9.999999747378752e-05,3.232564267818816e-06,,,,,,,,,,,,,,,,,,,,,,,,,,,,,,,,,,,,,,,,,,,,,
81,20249,,,,,,,,,,,,,9.999999747378752e-05,9.999999747378752e-05,3.232564267818816e-06,,,,,,,,,,,,,,,,,,,,,,,,,,,,,,,,,,,,,,,,,,,,,
81,20253,,,,,,,,,,,,,,,,0.9125909805297852,0.35796061158180237,0.33674556016921997,0.38432061672210693,0.5453455448150635,0.9185800552368164,0.9622783660888672,0.6098080277442932,0.4716266989707947,0.8551627993583679,0.42698025703430176,0.9601324796676636,0.8426828980445862,0.9954049587249756,0.9593855142593384,0.8783855438232422,0.8462371230125427,0.8697318434715271,0.911215603351593,0.379275381565094,0.3370966911315918,0.39913687109947205,0.5298774838447571,0.918131947517395,0.9620289206504822,0.6154391169548035,0.48713505268096924,0.8566123843193054,0.4326457381248474,0.9593556523323059,0.8407126665115356,0.9939377903938293,0.9589003324508667,0.8797767162322998,0.846277117729187,0.8850817084312439,0.7239738702774048,0.7577334642410278,0.8405103087425232,0.8850817084312439,0.7239738702774048,0.7577334642410278,0.8405103087425232,0.9234811067581177,0.8380535244941711
81,20253,33.93800735473633,34.070343017578125,33.97102737426758,33.959388732910156,-6.177647549066023e-08,1.6131606101989746,0.009520329535007477,0.04135938733816147,0.1910504400730133,0.7160589694976807,0.048305265605449677,0.1775212436914444,,,,,,,,,,,,,,,,,,,,,,,,,,,,,,,,,,,,,,,,,,,,,,,,
82,20299,,,,,,,,,,,,,9.999999747378752e-05,9.999999747378752e-05,3.232564267818816e-06,,,,,,,,,,,,,,,,,,,,,,,,,,,,,,,,,,,,,,,,,,,,,
82,20349,,,,,,,,,,,,,9.999999747378752e-05,9.999999747378752e-05,3.232564267818816e-06,,,,,,,,,,,,,,,,,,,,,,,,,,,,,,,,,,,,,,,,,,,,,
82,20399,,,,,,,,,,,,,9.999999747378752e-05,9.999999747378752e-05,3.232564267818816e-06,,,,,,,,,,,,,,,,,,,,,,,,,,,,,,,,,,,,,,,,,,,,,
82,20449,,,,,,,,,,,,,9.999999747378752e-05,9.999999747378752e-05,3.232564267818816e-06,,,,,,,,,,,,,,,,,,,,,,,,,,,,,,,,,,,,,,,,,,,,,
82,20499,,,,,,,,,,,,,9.999999747378752e-05,9.999999747378752e-05,3.232564267818816e-06,,,,,,,,,,,,,,,,,,,,,,,,,,,,,,,,,,,,,,,,,,,,,
82,20500,,,,,,,,,,,,,,,,0.9069316387176514,0.38287049531936646,0.3276129364967346,0.3907397985458374,0.5049849152565002,0.9183771014213562,0.9618853330612183,0.6129803657531738,0.5143865346908569,0.8548672199249268,0.43653029203414917,0.9593807458877563,0.8435583114624023,0.993915319442749,0.9593116044998169,0.8763867020606995,0.8468987345695496,0.8650372624397278,0.9026476740837097,0.38646557927131653,0.31812921166419983,0.38234272599220276,0.480092316865921,0.9186222553253174,0.9617417454719543,0.6105216145515442,0.5416380763053894,0.8531219959259033,0.44041481614112854,0.9594058394432068,0.846403956413269,0.9938929080963135,0.9597229361534119,0.8729966878890991,0.8475203514099121,0.8802237510681152,0.7220988869667053,0.7563984990119934,0.8396182060241699,0.8802237510681152,0.7220988869667053,0.7563984990119934,0.8396182060241699,0.9367707371711731,0.8283030390739441
82,20500,33.95533752441406,34.04592514038086,33.97267150878906,33.88043975830078,0.0003022722958121449,1.681308388710022,0.00954347848892212,0.04471852257847786,0.19202151894569397,0.7486666440963745,0.04817835986614227,0.1864767223596573,,,,,,,,,,,,,,,,,,,,,,,,,,,,,,,,,,,,,,,,,,,,,,,,
83,20549,,,,,,,,,,,,,9.999999747378752e-05,9.999999747378752e-05,3.232564267818816e-06,,,,,,,,,,,,,,,,,,,,,,,,,,,,,,,,,,,,,,,,,,,,,
83,20599,,,,,,,,,,,,,9.999999747378752e-05,9.999999747378752e-05,3.232564267818816e-06,,,,,,,,,,,,,,,,,,,,,,,,,,,,,,,,,,,,,,,,,,,,,
83,20649,,,,,,,,,,,,,9.999999747378752e-05,9.999999747378752e-05,3.232564267818816e-06,,,,,,,,,,,,,,,,,,,,,,,,,,,,,,,,,,,,,,,,,,,,,
83,20699,,,,,,,,,,,,,9.999999747378752e-05,9.999999747378752e-05,3.232564267818816e-06,,,,,,,,,,,,,,,,,,,,,,,,,,,,,,,,,,,,,,,,,,,,,
83,20747,,,,,,,,,,,,,,,,0.9059860706329346,0.3873237371444702,0.30404290556907654,0.3843159079551697,0.5026761293411255,0.917758584022522,0.9594273567199707,0.6097409725189209,0.49970823526382446,0.8541437983512878,0.4450072646141052,0.9576570987701416,0.845425009727478,0.9938486814498901,0.9592200517654419,0.8698124885559082,0.8480781316757202,0.8620335459709167,0.9093244671821594,0.3881819248199463,0.28995659947395325,0.386289119720459,0.5252599716186523,0.9168949127197266,0.9571129083633423,0.6089602708816528,0.4577784240245819,0.8551656007766724,0.4495997428894043,0.9559083580970764,0.8444460034370422,0.993804395198822,0.9587171077728271,0.8666282892227173,0.8486358523368835,0.8795138001441956,0.718392014503479,0.7423702478408813,0.8363964557647705,0.8795138001441956,0.718392014503479,0.7423702478408813,0.8363964557647705,0.9089547395706177,0.8439547419548035
83,20747,33.95875549316406,34.07932662963867,33.969886779785156,33.957237243652344,0.007981921546161175,1.5979398488998413,0.00930715724825859,0.04206329211592674,0.18821923434734344,0.7078186273574829,0.046958982944488525,0.17556579411029816,,,,,,,,,,,,,,,,,,,,,,,,,,,,,,,,,,,,,,,,,,,,,,,,
84,20749,,,,,,,,,,,,,9.999999747378752e-05,9.999999747378752e-05,3.232564267818816e-06,,,,,,,,,,,,,,,,,,,,,,,,,,,,,,,,,,,,,,,,,,,,,
84,20799,,,,,,,,,,,,,9.999999747378752e-05,9.999999747378752e-05,3.232564267818816e-06,,,,,,,,,,,,,,,,,,,,,,,,,,,,,,,,,,,,,,,,,,,,,
84,20849,,,,,,,,,,,,,9.999999747378752e-05,9.999999747378752e-05,3.232564267818816e-06,,,,,,,,,,,,,,,,,,,,,,,,,,,,,,,,,,,,,,,,,,,,,
84,20899,,,,,,,,,,,,,9.999999747378752e-05,9.999999747378752e-05,3.232564267818816e-06,,,,,,,,,,,,,,,,,,,,,,,,,,,,,,,,,,,,,,,,,,,,,
84,20949,,,,,,,,,,,,,9.999999747378752e-05,9.999999747378752e-05,3.232564267818816e-06,,,,,,,,,,,,,,,,,,,,,,,,,,,,,,,,,,,,,,,,,,,,,
84,20994,,,,,,,,,,,,,,,,0.9083331823348999,0.39393895864486694,0.2959814667701721,0.38749635219573975,0.5226823091506958,0.9195989370346069,0.9590438008308411,0.6092478036880493,0.46365076303482056,0.8546894788742065,0.4417005777359009,0.9582221508026123,0.8440890312194824,0.9944719672203064,0.960049569606781,0.8654715418815613,0.8475561141967773,0.8666815757751465,0.9073419570922852,0.3996959924697876,0.3020063042640686,0.3887036144733429,0.5201045870780945,0.9223030209541321,0.9609746932983398,0.609535276889801,0.4695231318473816,0.8542133569717407,0.43380144238471985,0.9605358839035034,0.8437321186065674,0.9951395392417908,0.9613820314407349,0.8643147945404053,0.8464763760566711,0.8789889216423035,0.7199872732162476,0.7478934526443481,0.8351086378097534,0.8789889216423035,0.7199872732162476,0.7478934526443481,0.8351086378097534,0.9229464530944824,0.8377946615219116
84,20994,33.93927001953125,34.00404739379883,33.964195251464844,33.95698547363281,0.01763054169714451,1.6578500270843506,0.00995271373540163,0.04593304544687271,0.19313190877437592,0.7240372896194458,0.04874211177229881,0.18188372254371643,,,,,,,,,,,,,,,,,,,,,,,,,,,,,,,,,,,,,,,,,,,,,,,,
85,20999,,,,,,,,,,,,,9.999999747378752e-05,9.999999747378752e-05,3.232564267818816e-06,,,,,,,,,,,,,,,,,,,,,,,,,,,,,,,,,,,,,,,,,,,,,
85,21049,,,,,,,,,,,,,9.999999747378752e-05,9.999999747378752e-05,3.232564267818816e-06,,,,,,,,,,,,,,,,,,,,,,,,,,,,,,,,,,,,,,,,,,,,,
85,21099,,,,,,,,,,,,,9.999999747378752e-05,9.999999747378752e-05,3.232564267818816e-06,,,,,,,,,,,,,,,,,,,,,,,,,,,,,,,,,,,,,,,,,,,,,
85,21149,,,,,,,,,,,,,9.999999747378752e-05,9.999999747378752e-05,3.232564267818816e-06,,,,,,,,,,,,,,,,,,,,,,,,,,,,,,,,,,,,,,,,,,,,,
85,21199,,,,,,,,,,,,,9.999999747378752e-05,9.999999747378752e-05,3.232564267818816e-06,,,,,,,,,,,,,,,,,,,,,,,,,,,,,,,,,,,,,,,,,,,,,
85,21241,,,,,,,,,,,,,,,,0.9054111242294312,0.3951765298843384,0.3242970108985901,0.38250529766082764,0.4984129071235657,0.9226143956184387,0.962188720703125,0.6111869812011719,0.47280800342559814,0.855333685874939,0.4291396737098694,0.9570574760437012,0.8444218635559082,0.9954770803451538,0.9580522775650024,0.8632099628448486,0.8476152420043945,0.861546516418457,0.9034802317619324,0.39065709710121155,0.3465877175331116,0.37630695104599,0.47672125697135925,0.9229257702827454,0.9634028077125549,0.612838625907898,0.4760929048061371,0.8564540147781372,0.42447787523269653,0.9535790681838989,0.8451116681098938,0.9958145618438721,0.95472252368927,0.862105131149292,0.8487540483474731,0.8770166635513306,0.7182371616363525,0.7543365955352783,0.8343046307563782,0.8770166635513306,0.7182371616363525,0.7543365955352783,0.8343046307563782,0.9327585101127625,0.8239085078239441
85,21241,33.950782775878906,34.12360763549805,33.975074768066406,33.996456146240234,-6.177647549066023e-08,1.607000470161438,0.009364393539726734,0.042300380766391754,0.18877217173576355,0.711105465888977,0.04716647043824196,0.17723281681537628,,,,,,,,,,,,,,,,,,,,,,,,,,,,,,,,,,,,,,,,,,,,,,,,
86,21249,,,,,,,,,,,,,9.999999747378752e-05,9.999999747378752e-05,3.232564267818816e-06,,,,,,,,,,,,,,,,,,,,,,,,,,,,,,,,,,,,,,,,,,,,,
86,21299,,,,,,,,,,,,,9.999999747378752e-05,9.999999747378752e-05,3.232564267818816e-06,,,,,,,,,,,,,,,,,,,,,,,,,,,,,,,,,,,,,,,,,,,,,
86,21349,,,,,,,,,,,,,9.999999747378752e-05,9.999999747378752e-05,3.232564267818816e-06,,,,,,,,,,,,,,,,,,,,,,,,,,,,,,,,,,,,,,,,,,,,,
86,21399,,,,,,,,,,,,,9.999999747378752e-05,9.999999747378752e-05,3.232564267818816e-06,,,,,,,,,,,,,,,,,,,,,,,,,,,,,,,,,,,,,,,,,,,,,
86,21449,,,,,,,,,,,,,9.999999747378752e-05,9.999999747378752e-05,3.232564267818816e-06,,,,,,,,,,,,,,,,,,,,,,,,,,,,,,,,,,,,,,,,,,,,,
86,21488,,,,,,,,,,,,,,,,0.9031009674072266,0.3852376341819763,0.33750706911087036,0.37796950340270996,0.49553269147872925,0.9228417873382568,0.9620482921600342,0.6135300397872925,0.47438621520996094,0.8583890199661255,0.4287596642971039,0.9567674398422241,0.8438771963119507,0.9957133531570435,0.9546445608139038,0.8658462762832642,0.849413275718689,0.856250524520874,0.902721643447876,0.3798181414604187,0.32842642068862915,0.37963202595710754,0.5143440961837769,0.9227578043937683,0.9606938362121582,0.6142215132713318,0.4726795554161072,0.860323965549469,0.43304145336151123,0.9599558115005493,0.8426427245140076,0.9956120848655701,0.9545666575431824,0.8695874214172363,0.8500725030899048,0.8754479885101318,0.7200645804405212,0.7535482048988342,0.8338678479194641,0.8754479885101318,0.7200645804405212,0.7535482048988342,0.8338678479194641,0.8835557699203491,0.8524563312530518
86,21488,33.9586296081543,34.117916107177734,33.98216247558594,34.014930725097656,0.009719508700072765,1.5648894309997559,0.009377013891935349,0.04125075042247772,0.18624988198280334,0.6881924867630005,0.04655025899410248,0.17210392653942108,,,,,,,,,,,,,,,,,,,,,,,,,,,,,,,,,,,,,,,,,,,,,,,,
87,21499,,,,,,,,,,,,,9.999999747378752e-05,9.999999747378752e-05,3.232564267818816e-06,,,,,,,,,,,,,,,,,,,,,,,,,,,,,,,,,,,,,,,,,,,,,
87,21549,,,,,,,,,,,,,9.999999747378752e-05,9.999999747378752e-05,3.232564267818816e-06,,,,,,,,,,,,,,,,,,,,,,,,,,,,,,,,,,,,,,,,,,,,,
87,21599,,,,,,,,,,,,,9.999999747378752e-05,9.999999747378752e-05,3.232564267818816e-06,,,,,,,,,,,,,,,,,,,,,,,,,,,,,,,,,,,,,,,,,,,,,
87,21649,,,,,,,,,,,,,9.999999747378752e-05,9.999999747378752e-05,3.232564267818816e-06,,,,,,,,,,,,,,,,,,,,,,,,,,,,,,,,,,,,,,,,,,,,,
87,21699,,,,,,,,,,,,,9.999999747378752e-05,9.999999747378752e-05,3.232564267818816e-06,,,,,,,,,,,,,,,,,,,,,,,,,,,,,,,,,,,,,,,,,,,,,
87,21735,,,,,,,,,,,,,,,,0.9037015438079834,0.37495851516723633,0.32532671093940735,0.37791335582733154,0.5134877562522888,0.9267536401748657,0.9624390006065369,0.6175872087478638,0.4824061393737793,0.8607410788536072,0.43017226457595825,0.9576230049133301,0.8416748046875,0.9958596229553223,0.9566692113876343,0.8656803369522095,0.8481613397598267,0.8661195039749146,0.904681384563446,0.37009891867637634,0.32222700119018555,0.37619465589523315,0.5126314163208008,0.9307494759559631,0.9641841650009155,0.6209529638290405,0.49213269352912903,0.8611581921577454,0.42730310559272766,0.9552901983261108,0.8407068848609924,0.9961071014404297,0.9587717056274414,0.8617733120918274,0.8462501764297485,0.8797404766082764,0.7200713753700256,0.7536308169364929,0.8325596451759338,0.8797404766082764,0.7200713753700256,0.7536308169364929,0.8325596451759338,0.9068323373794556,0.846521258354187
87,21735,33.9649543762207,34.1315803527832,33.976341247558594,34.02201461791992,0.004008057527244091,1.5566643476486206,0.00922020711004734,0.04094875976443291,0.18573887646198273,0.6849353313446045,0.04631052166223526,0.17126178741455078,,,,,,,,,,,,,,,,,,,,,,,,,,,,,,,,,,,,,,,,,,,,,,,,
88,21749,,,,,,,,,,,,,9.999999747378752e-05,9.999999747378752e-05,3.232564267818816e-06,,,,,,,,,,,,,,,,,,,,,,,,,,,,,,,,,,,,,,,,,,,,,
88,21799,,,,,,,,,,,,,9.999999747378752e-05,9.999999747378752e-05,3.232564267818816e-06,,,,,,,,,,,,,,,,,,,,,,,,,,,,,,,,,,,,,,,,,,,,,
88,21849,,,,,,,,,,,,,9.999999747378752e-05,9.999999747378752e-05,3.232564267818816e-06,,,,,,,,,,,,,,,,,,,,,,,,,,,,,,,,,,,,,,,,,,,,,
88,21899,,,,,,,,,,,,,9.999999747378752e-05,9.999999747378752e-05,3.232564267818816e-06,,,,,,,,,,,,,,,,,,,,,,,,,,,,,,,,,,,,,,,,,,,,,
88,21949,,,,,,,,,,,,,9.999999747378752e-05,9.999999747378752e-05,3.232564267818816e-06,,,,,,,,,,,,,,,,,,,,,,,,,,,,,,,,,,,,,,,,,,,,,
88,21982,,,,,,,,,,,,,,,,0.9057976603507996,0.36725640296936035,0.31816020607948303,0.36617937684059143,0.537933349609375,0.9312676191329956,0.9643697738647461,0.6205875873565674,0.49012261629104614,0.8616535663604736,0.42713722586631775,0.9546921253204346,0.8406311273574829,0.9959608316421509,0.9592992067337036,0.8632000088691711,0.8462834358215332,0.8710453510284424,0.9069139361381531,0.364413857460022,0.3140934109687805,0.3561640977859497,0.563235342502594,0.9317857623100281,0.9645553827285767,0.620222270488739,0.48811256885528564,0.8621490001678467,0.42697134613990784,0.9540940523147583,0.8405553698539734,0.9958145618438721,0.959826648235321,0.8646267056465149,0.8463167548179626,0.8794373869895935,0.7211677432060242,0.7614287734031677,0.828147292137146,0.8794373869895935,0.7211677432060242,0.7614287734031677,0.828147292137146,0.9232787489891052,0.8440696597099304
88,21982,33.965206146240234,34.12993240356445,33.968624114990234,34.002784729003906,0.0009729177108965814,1.5844088792800903,0.009542901068925858,0.04228460416197777,0.18821021914482117,0.6936535835266113,0.04723097383975983,0.1744731068611145,,,,,,,,,,,,,,,,,,,,,,,,,,,,,,,,,,,,,,,,,,,,,,,,
89,21999,,,,,,,,,,,,,9.999999747378752e-05,9.999999747378752e-05,3.232564267818816e-06,,,,,,,,,,,,,,,,,,,,,,,,,,,,,,,,,,,,,,,,,,,,,
89,22049,,,,,,,,,,,,,9.999999747378752e-05,9.999999747378752e-05,3.232564267818816e-06,,,,,,,,,,,,,,,,,,,,,,,,,,,,,,,,,,,,,,,,,,,,,
89,22099,,,,,,,,,,,,,9.999999747378752e-05,9.999999747378752e-05,3.232564267818816e-06,,,,,,,,,,,,,,,,,,,,,,,,,,,,,,,,,,,,,,,,,,,,,
89,22149,,,,,,,,,,,,,9.999999747378752e-05,9.999999747378752e-05,3.232564267818816e-06,,,,,,,,,,,,,,,,,,,,,,,,,,,,,,,,,,,,,,,,,,,,,
89,22199,,,,,,,,,,,,,9.999999747378752e-05,9.999999747378752e-05,3.232564267818816e-06,,,,,,,,,,,,,,,,,,,,,,,,,,,,,,,,,,,,,,,,,,,,,
89,22229,,,,,,,,,,,,,,,,0.9077892303466797,0.3508772850036621,0.3310575485229492,0.3578091859817505,0.5488525629043579,0.9294134378433228,0.9638345241546631,0.617817759513855,0.49084386229515076,0.8610875606536865,0.42008137702941895,0.9559289216995239,0.8409460186958313,0.9962196350097656,0.9580345749855042,0.8573002815246582,0.8460400104522705,0.8609241843223572,0.9086644649505615,0.33734068274497986,0.34802165627479553,0.35945427417755127,0.5344697833061218,0.9270410537719727,0.9631136655807495,0.615413248538971,0.49357515573501587,0.8600261211395264,0.41319143772125244,0.9577638506889343,0.8413366675376892,0.9966246485710144,0.9562425017356873,0.8499739170074463,0.8457633256912231,0.8788414597511292,0.7181186079978943,0.7516188621520996,0.8350417017936707,0.8788414597511292,0.7181186079978943,0.7516188621520996,0.8350417017936707,0.930915117263794,0.8222622275352478
89,22229,33.94926452636719,34.05162048339844,33.97052001953125,34.032894134521484,0.00045133891399018466,1.5665961503982544,0.009053689427673817,0.041685961186885834,0.1829766184091568,0.6951059699058533,0.04548230394721031,0.17192530632019043,,,,,,,,,,,,,,,,,,,,,,,,,,,,,,,,,,,,,,,,,,,,,,,,
90,22249,,,,,,,,,,,,,9.999999747378752e-05,9.999999747378752e-05,3.232564267818816e-06,,,,,,,,,,,,,,,,,,,,,,,,,,,,,,,,,,,,,,,,,,,,,
90,22299,,,,,,,,,,,,,9.999999747378752e-05,9.999999747378752e-05,3.232564267818816e-06,,,,,,,,,,,,,,,,,,,,,,,,,,,,,,,,,,,,,,,,,,,,,
90,22349,,,,,,,,,,,,,9.999999747378752e-05,9.999999747378752e-05,3.232564267818816e-06,,,,,,,,,,,,,,,,,,,,,,,,,,,,,,,,,,,,,,,,,,,,,
90,22399,,,,,,,,,,,,,9.999999747378752e-05,9.999999747378752e-05,3.232564267818816e-06,,,,,,,,,,,,,,,,,,,,,,,,,,,,,,,,,,,,,,,,,,,,,
90,22449,,,,,,,,,,,,,9.999999747378752e-05,9.999999747378752e-05,3.232564267818816e-06,,,,,,,,,,,,,,,,,,,,,,,,,,,,,,,,,,,,,,,,,,,,,
90,22476,,,,,,,,,,,,,,,,0.9121168851852417,0.3442728519439697,0.32297348976135254,0.3741146922111511,0.5478363037109375,0.925967812538147,0.9626820087432861,0.6121842861175537,0.5148137211799622,0.858788251876831,0.41974183917045593,0.9576692581176758,0.8430429100990295,0.9963433742523193,0.9550513029098511,0.8555734157562256,0.8455779552459717,0.8677868247032166,0.9155692458152771,0.351205050945282,0.29792532324790955,0.388775110244751,0.561202883720398,0.9248946309089661,0.9622503519058228,0.6089553236961365,0.5360522866249084,0.857550323009491,0.4262922406196594,0.9575746059417725,0.8447491526603699,0.9960620999336243,0.9538600444793701,0.8611729741096497,0.845392644405365,0.8808469176292419,0.7229108214378357,0.7566037178039551,0.8273205757141113,0.8808469176292419,0.7229108214378357,0.7566037178039551,0.8273205757141113,0.9328390955924988,0.8335554003715515
90,22476,33.95255661010742,34.121585845947266,33.96508026123047,34.036312103271484,0.0037371059879660606,1.5450106859207153,0.009098971262574196,0.040580131113529205,0.18307796120643616,0.6833682060241699,0.04562392830848694,0.1694604456424713,,,,,,,,,,,,,,,,,,,,,,,,,,,,,,,,,,,,,,,,,,,,,,,,
91,22499,,,,,,,,,,,,,9.999999747378752e-05,9.999999747378752e-05,3.232564267818816e-06,,,,,,,,,,,,,,,,,,,,,,,,,,,,,,,,,,,,,,,,,,,,,
91,22549,,,,,,,,,,,,,9.999999747378752e-05,9.999999747378752e-05,3.232564267818816e-06,,,,,,,,,,,,,,,,,,,,,,,,,,,,,,,,,,,,,,,,,,,,,
91,22599,,,,,,,,,,,,,9.999999747378752e-05,9.999999747378752e-05,3.232564267818816e-06,,,,,,,,,,,,,,,,,,,,,,,,,,,,,,,,,,,,,,,,,,,,,
91,22649,,,,,,,,,,,,,9.999999747378752e-05,9.999999747378752e-05,3.232564267818816e-06,,,,,,,,,,,,,,,,,,,,,,,,,,,,,,,,,,,,,,,,,,,,,
91,22699,,,,,,,,,,,,,9.999999747378752e-05,9.999999747378752e-05,3.232564267818816e-06,,,,,,,,,,,,,,,,,,,,,,,,,,,,,,,,,,,,,,,,,,,,,
91,22723,,,,,,,,,,,,,,,,0.9177029132843018,0.35624778270721436,0.29216688871383667,0.39422839879989624,0.5277997255325317,0.9235690832138062,0.9621509313583374,0.6108285188674927,0.5132144689559937,0.8555718660354614,0.43955284357070923,0.958641767501831,0.8435542583465576,0.9950234889984131,0.9554622769355774,0.8640525341033936,0.8462797999382019,0.8610749244689941,0.9198365807533264,0.36129051446914673,0.2864084541797638,0.3996816575527191,0.49439650774002075,0.9222435355186462,0.9620515704154968,0.6127017736434937,0.4903765916824341,0.8535933494567871,0.45281344652175903,0.9597089290618896,0.8423594236373901,0.9939848184585571,0.9570645093917847,0.8669320940971375,0.8471669554710388,0.8759995102882385,0.7189770936965942,0.7582575082778931,0.8289439082145691,0.8759995102882385,0.7189770936965942,0.7582575082778931,0.8289439082145691,0.9230687618255615,0.8326559662818909
91,22723,33.96039962768555,34.08451461791992,33.96546173095703,33.97166061401367,0.005953645799309015,1.602131962776184,0.0094226049259305,0.04244580492377281,0.18909695744514465,0.707358717918396,0.046905338764190674,0.17626188695430756,,,,,,,,,,,,,,,,,,,,,,,,,,,,,,,,,,,,,,,,,,,,,,,,
92,22749,,,,,,,,,,,,,9.999999747378752e-05,9.999999747378752e-05,3.232564267818816e-06,,,,,,,,,,,,,,,,,,,,,,,,,,,,,,,,,,,,,,,,,,,,,
92,22799,,,,,,,,,,,,,9.999999747378752e-05,9.999999747378752e-05,3.232564267818816e-06,,,,,,,,,,,,,,,,,,,,,,,,,,,,,,,,,,,,,,,,,,,,,
92,22849,,,,,,,,,,,,,9.999999747378752e-05,9.999999747378752e-05,3.232564267818816e-06,,,,,,,,,,,,,,,,,,,,,,,,,,,,,,,,,,,,,,,,,,,,,
92,22899,,,,,,,,,,,,,9.999999747378752e-05,9.999999747378752e-05,3.232564267818816e-06,,,,,,,,,,,,,,,,,,,,,,,,,,,,,,,,,,,,,,,,,,,,,
92,22949,,,,,,,,,,,,,9.999999747378752e-05,9.999999747378752e-05,3.232564267818816e-06,,,,,,,,,,,,,,,,,,,,,,,,,,,,,,,,,,,,,,,,,,,,,
92,22970,,,,,,,,,,,,,,,,0.9195075035095215,0.3577858507633209,0.2780914008617401,0.3991839587688446,0.4760637581348419,0.9214335680007935,0.9623740315437317,0.6126339435577393,0.46991628408432007,0.8558084964752197,0.4424564838409424,0.9603975415229797,0.8398986458778381,0.9952822327613831,0.957149863243103,0.8712214231491089,0.8468677997589111,0.8603197932243347,0.9191784262657166,0.3542811870574951,0.26977434754371643,0.3986862599849701,0.4577310085296631,0.9206236600875854,0.9626964926719666,0.6125660538673401,0.44945597648620605,0.8580236434936523,0.43209949135780334,0.9610861539840698,0.8374378681182861,0.996579647064209,0.9572351574897766,0.8755106925964355,0.8465685844421387,0.8675279021263123,0.7123255729675293,0.7534943222999573,0.8249478936195374,0.8675279021263123,0.7123255729675293,0.7534943222999573,0.8249478936195374,0.9089930653572083,0.8363080620765686
92,22970,33.93522262573242,34.026695251464844,33.94635772705078,34.019737243652344,-2.4710590196264093e-07,1.5717438459396362,0.009174816310405731,0.04165048152208328,0.18373863399028778,0.6969003677368164,0.04585123434662819,0.17263765633106232,,,,,,,,,,,,,,,,,,,,,,,,,,,,,,,,,,,,,,,,,,,,,,,,
93,22999,,,,,,,,,,,,,9.999999747378752e-05,9.999999747378752e-05,3.232564267818816e-06,,,,,,,,,,,,,,,,,,,,,,,,,,,,,,,,,,,,,,,,,,,,,
93,23049,,,,,,,,,,,,,9.999999747378752e-05,9.999999747378752e-05,3.232564267818816e-06,,,,,,,,,,,,,,,,,,,,,,,,,,,,,,,,,,,,,,,,,,,,,
93,23099,,,,,,,,,,,,,9.999999747378752e-05,9.999999747378752e-05,3.232564267818816e-06,,,,,,,,,,,,,,,,,,,,,,,,,,,,,,,,,,,,,,,,,,,,,
93,23149,,,,,,,,,,,,,9.999999747378752e-05,9.999999747378752e-05,3.232564267818816e-06,,,,,,,,,,,,,,,,,,,,,,,,,,,,,,,,,,,,,,,,,,,,,
93,23199,,,,,,,,,,,,,9.999999747378752e-05,9.999999747378752e-05,3.232564267818816e-06,,,,,,,,,,,,,,,,,,,,,,,,,,,,,,,,,,,,,,,,,,,,,
93,23217,,,,,,,,,,,,,,,,0.915620744228363,0.3553581237792969,0.3011893332004547,0.4066729247570038,0.45821520686149597,0.9219719171524048,0.96247798204422,0.6099801063537598,0.46925926208496094,0.8579034805297852,0.42324578762054443,0.9608298540115356,0.838060736656189,0.9962759017944336,0.9577934741973877,0.8745681643486023,0.8467513918876648,0.869515061378479,0.9120630621910095,0.35643506050109863,0.332604318857193,0.4146595895290375,0.45869940519332886,0.9233202338218689,0.9622594714164734,0.6073942184448242,0.48906251788139343,0.8577832579612732,0.4143920838832855,0.9605735540390015,0.8386836647987366,0.9959720969200134,0.958351731300354,0.873625636100769,0.8469341993331909,0.8735173344612122,0.7178125977516174,0.7551304697990417,0.8302961587905884,0.8735173344612122,0.7178125977516174,0.7551304697990417,0.8302961587905884,0.9207909107208252,0.8392945528030396
93,23217,33.94749450683594,34.053138732910156,33.96950912475586,34.002655029296875,0.0003616086032707244,1.529802680015564,0.008914018981158733,0.040007174015045166,0.18217340111732483,0.6790032386779785,0.044920820742845535,0.16708916425704956,,,,,,,,,,,,,,,,,,,,,,,,,,,,,,,,,,,,,,,,,,,,,,,,
94,23249,,,,,,,,,,,,,9.999999747378752e-05,9.999999747378752e-05,3.232564267818816e-06,,,,,,,,,,,,,,,,,,,,,,,,,,,,,,,,,,,,,,,,,,,,,
94,23299,,,,,,,,,,,,,9.999999747378752e-05,9.999999747378752e-05,3.232564267818816e-06,,,,,,,,,,,,,,,,,,,,,,,,,,,,,,,,,,,,,,,,,,,,,
94,23349,,,,,,,,,,,,,9.999999747378752e-05,9.999999747378752e-05,3.232564267818816e-06,,,,,,,,,,,,,,,,,,,,,,,,,,,,,,,,,,,,,,,,,,,,,
94,23399,,,,,,,,,,,,,9.999999747378752e-05,9.999999747378752e-05,3.232564267818816e-06,,,,,,,,,,,,,,,,,,,,,,,,,,,,,,,,,,,,,,,,,,,,,
94,23449,,,,,,,,,,,,,9.999999747378752e-05,9.999999747378752e-05,3.232564267818816e-06,,,,,,,,,,,,,,,,,,,,,,,,,,,,,,,,,,,,,,,,,,,,,
94,23464,,,,,,,,,,,,,,,,0.9107347130775452,0.35633915662765503,0.32434260845184326,0.40201133489608765,0.469755083322525,0.9199919700622559,0.9624307155609131,0.6088501214981079,0.48033851385116577,0.8595395088195801,0.4215126633644104,0.9608011245727539,0.838651180267334,0.996039628982544,0.9557956457138062,0.8728542327880859,0.8456541895866394,0.8701543807983398,0.9094063639640808,0.3562432527542114,0.3160809278488159,0.3893631100654602,0.4808107614517212,0.916663646697998,0.9626020193099976,0.6103060245513916,0.4716144800186157,0.8612957000732422,0.42863327264785767,0.9610287547111511,0.8386187553405762,0.9961071014404297,0.9532395601272583,0.8720828890800476,0.8443741798400879,0.8725066184997559,0.7157924175262451,0.7558438181877136,0.8344003558158875,0.8725066184997559,0.7157924175262451,0.7558438181877136,0.8344003558158875,0.9181936383247375,0.8454635143280029
94,23464,33.95331573486328,34.10361862182617,33.95179748535156,33.97052001953125,0.005986727308481932,1.5232133865356445,0.00893879309296608,0.03948875144124031,0.18160143494606018,0.6813991665840149,0.04446462541818619,0.1645728200674057,,,,,,,,,,,,,,,,,,,,,,,,,,,,,,,,,,,,,,,,,,,,,,,,
95,23499,,,,,,,,,,,,,9.999999747378752e-05,9.999999747378752e-05,3.232564267818816e-06,,,,,,,,,,,,,,,,,,,,,,,,,,,,,,,,,,,,,,,,,,,,,
95,23549,,,,,,,,,,,,,9.999999747378752e-05,9.999999747378752e-05,3.232564267818816e-06,,,,,,,,,,,,,,,,,,,,,,,,,,,,,,,,,,,,,,,,,,,,,
95,23599,,,,,,,,,,,,,9.999999747378752e-05,9.999999747378752e-05,3.232564267818816e-06,,,,,,,,,,,,,,,,,,,,,,,,,,,,,,,,,,,,,,,,,,,,,
95,23649,,,,,,,,,,,,,9.999999747378752e-05,9.999999747378752e-05,3.232564267818816e-06,,,,,,,,,,,,,,,,,,,,,,,,,,,,,,,,,,,,,,,,,,,,,
95,23699,,,,,,,,,,,,,9.999999747378752e-05,9.999999747378752e-05,3.232564267818816e-06,,,,,,,,,,,,,,,,,,,,,,,,,,,,,,,,,,,,,,,,,,,,,
95,23711,,,,,,,,,,,,,,,,0.9099645018577576,0.37638527154922485,0.31670188903808594,0.38796597719192505,0.48529481887817383,0.91533362865448,0.9631690382957458,0.6068087816238403,0.480732798576355,0.8591768741607666,0.4279017448425293,0.961368203163147,0.8392679691314697,0.9960620999336243,0.9520540237426758,0.8701339960098267,0.8445467948913574,0.8729425668716431,0.9105226397514343,0.39652732014656067,0.31732285022735596,0.3865688443183899,0.4897788465023041,0.9140035510063171,0.9637360572814941,0.6033115983009338,0.4898511469364166,0.8570579886436462,0.4271702468395233,0.9617077112197876,0.8399171233177185,0.9960170984268188,0.950868546962738,0.8681851029396057,0.844719409942627,0.8706287145614624,0.7186627388000488,0.762566089630127,0.8376039266586304,0.8706287145614624,0.7186627388000488,0.762566089630127,0.8376039266586304,0.9180576801300049,0.846498966217041
95,23711,33.95622634887695,34.05845260620117,33.963436126708984,33.99519348144531,0.007015583571046591,1.4915130138397217,0.008718546479940414,0.03803585469722748,0.17946679890155792,0.6658840775489807,0.04401852563023567,0.16217684745788574,,,,,,,,,,,,,,,,,,,,,,,,,,,,,,,,,,,,,,,,,,,,,,,,
96,23749,,,,,,,,,,,,,9.999999747378752e-05,9.999999747378752e-05,3.232564267818816e-06,,,,,,,,,,,,,,,,,,,,,,,,,,,,,,,,,,,,,,,,,,,,,
96,23799,,,,,,,,,,,,,9.999999747378752e-05,9.999999747378752e-05,3.232564267818816e-06,,,,,,,,,,,,,,,,,,,,,,,,,,,,,,,,,,,,,,,,,,,,,
96,23849,,,,,,,,,,,,,9.999999747378752e-05,9.999999747378752e-05,3.232564267818816e-06,,,,,,,,,,,,,,,,,,,,,,,,,,,,,,,,,,,,,,,,,,,,,
96,23899,,,,,,,,,,,,,9.999999747378752e-05,9.999999747378752e-05,3.232564267818816e-06,,,,,,,,,,,,,,,,,,,,,,,,,,,,,,,,,,,,,,,,,,,,,
96,23949,,,,,,,,,,,,,9.999999747378752e-05,9.999999747378752e-05,3.232564267818816e-06,,,,,,,,,,,,,,,,,,,,,,,,,,,,,,,,,,,,,,,,,,,,,
96,23958,,,,,,,,,,,,,,,,0.9110735654830933,0.398392915725708,0.30242598056793213,0.38040030002593994,0.49434906244277954,0.9157460927963257,0.9644023180007935,0.6073750853538513,0.4833582639694214,0.8565151691436768,0.42498254776000977,0.9615603685379028,0.8403270244598389,0.9962196350097656,0.9538326859474182,0.8683391809463501,0.844491720199585,0.8713111877441406,0.911624550819397,0.40025851130485535,0.2875291407108307,0.3742317855358124,0.498919278383255,0.917488694190979,0.9650686383247375,0.6114385724067688,0.47686535120010376,0.8559723496437073,0.42279481887817383,0.9614130258560181,0.8407368659973145,0.9964221715927124,0.9567968249320984,0.8684933185577393,0.8442640900611877,0.8714028000831604,0.7170775532722473,0.7466965317726135,0.8390238285064697,0.8714028000831604,0.7170775532722473,0.7466965317726135,0.8390238285064697,0.9193333983421326,0.8452306389808655
96,23958,33.949012756347656,34.076541900634766,33.96394348144531,33.9996223449707,0.000865179521497339,1.4795087575912476,0.008654247969388962,0.03728116676211357,0.17787405848503113,0.6637015342712402,0.04386445879936218,0.16026335954666138,,,,,,,,,,,,,,,,,,,,,,,,,,,,,,,,,,,,,,,,,,,,,,,,
97,23999,,,,,,,,,,,,,9.999999747378752e-05,9.999999747378752e-05,3.232564267818816e-06,,,,,,,,,,,,,,,,,,,,,,,,,,,,,,,,,,,,,,,,,,,,,
97,24049,,,,,,,,,,,,,9.999999747378752e-05,9.999999747378752e-05,3.232564267818816e-06,,,,,,,,,,,,,,,,,,,,,,,,,,,,,,,,,,,,,,,,,,,,,
97,24099,,,,,,,,,,,,,9.999999747378752e-05,9.999999747378752e-05,3.232564267818816e-06,,,,,,,,,,,,,,,,,,,,,,,,,,,,,,,,,,,,,,,,,,,,,
97,24149,,,,,,,,,,,,,9.999999747378752e-05,9.999999747378752e-05,3.232564267818816e-06,,,,,,,,,,,,,,,,,,,,,,,,,,,,,,,,,,,,,,,,,,,,,
97,24199,,,,,,,,,,,,,9.999999747378752e-05,9.999999747378752e-05,3.232564267818816e-06,,,,,,,,,,,,,,,,,,,,,,,,,,,,,,,,,,,,,,,,,,,,,
97,24205,,,,,,,,,,,,,,,,0.9119468927383423,0.396623432636261,0.2918902039527893,0.37359383702278137,0.4786030650138855,0.9204287528991699,0.9656675457954407,0.6054501533508301,0.48552405834198,0.8563612699508667,0.41754820942878723,0.9614026546478271,0.8429651856422424,0.995983362197876,0.9551276564598083,0.8664389848709106,0.8454023599624634,0.8719765543937683,0.9122692942619324,0.392988383769989,0.2962512969970703,0.37295588850975037,0.458286851644516,0.9233688712120056,0.9662664532661438,0.5994617938995361,0.4941827952861786,0.8567501306533813,0.41230159997940063,0.9613922834396362,0.8451935052871704,0.9955445528030396,0.9534584879875183,0.8643847107887268,0.8465405702590942,0.8719979524612427,0.7147998809814453,0.7438734173774719,0.8361784219741821,0.8719979524612427,0.7147998809814453,0.7438734173774719,0.8361784219741821,0.9180024862289429,0.8455360531806946
97,24205,33.94622802734375,33.995445251464844,33.95116424560547,34.00872802734375,0.0016388989752158523,1.5058887004852295,0.008846796117722988,0.03929453343153,0.17887641489505768,0.6698020696640015,0.044171929359436035,0.164079949259758,,,,,,,,,,,,,,,,,,,,,,,,,,,,,,,,,,,,,,,,,,,,,,,,
98,24249,,,,,,,,,,,,,9.999999747378752e-05,9.999999747378752e-05,3.232564267818816e-06,,,,,,,,,,,,,,,,,,,,,,,,,,,,,,,,,,,,,,,,,,,,,
98,24299,,,,,,,,,,,,,9.999999747378752e-05,9.999999747378752e-05,3.232564267818816e-06,,,,,,,,,,,,,,,,,,,,,,,,,,,,,,,,,,,,,,,,,,,,,
98,24349,,,,,,,,,,,,,9.999999747378752e-05,9.999999747378752e-05,3.232564267818816e-06,,,,,,,,,,,,,,,,,,,,,,,,,,,,,,,,,,,,,,,,,,,,,
98,24399,,,,,,,,,,,,,9.999999747378752e-05,9.999999747378752e-05,3.232564267818816e-06,,,,,,,,,,,,,,,,,,,,,,,,,,,,,,,,,,,,,,,,,,,,,
98,24449,,,,,,,,,,,,,9.999999747378752e-05,9.999999747378752e-05,3.232564267818816e-06,,,,,,,,,,,,,,,,,,,,,,,,,,,,,,,,,,,,,,,,,,,,,
98,24452,,,,,,,,,,,,,,,,0.90903639793396,0.3888480067253113,0.27927494049072266,0.3744921386241913,0.4903032183647156,0.9215874671936035,0.9651789665222168,0.6022818088531494,0.49649107456207275,0.8570960760116577,0.4025043845176697,0.9596347808837891,0.8433789014816284,0.9977722764015198,0.9523580074310303,0.8612246513366699,0.8466196060180664,0.8708927631378174,0.9058035612106323,0.38470759987831116,0.262298583984375,0.3760283887386322,0.5223195552825928,0.9198060035705566,0.964091420173645,0.6051017642021179,0.49879932403564453,0.8574419617652893,0.39270713925361633,0.9578772783279419,0.8415642380714417,1.0,0.951257586479187,0.858064591884613,0.8466985821723938,0.8748882412910461,0.7143863439559937,0.7542687058448792,0.8294596076011658,0.8748882412910461,0.7143863439559937,0.7542687058448792,0.8294596076011658,0.9159590005874634,0.8474984765052795
98,24452,33.959388732910156,34.00202560424805,33.974822998046875,34.006072998046875,0.005326985381543636,1.509193778038025,0.008710885420441628,0.038416314870119095,0.1799827665090561,0.6753835678100586,0.04430590569972992,0.16478970646858215,,,,,,,,,,,,,,,,,,,,,,,,,,,,,,,,,,,,,,,,,,,,,,,,
99,24499,,,,,,,,,,,,,9.999999747378752e-05,9.999999747378752e-05,3.232564267818816e-06,,,,,,,,,,,,,,,,,,,,,,,,,,,,,,,,,,,,,,,,,,,,,
99,24549,,,,,,,,,,,,,9.999999747378752e-05,9.999999747378752e-05,3.232564267818816e-06,,,,,,,,,,,,,,,,,,,,,,,,,,,,,,,,,,,,,,,,,,,,,
99,24599,,,,,,,,,,,,,9.999999747378752e-05,9.999999747378752e-05,3.232564267818816e-06,,,,,,,,,,,,,,,,,,,,,,,,,,,,,,,,,,,,,,,,,,,,,
99,24649,,,,,,,,,,,,,9.999999747378752e-05,9.999999747378752e-05,3.232564267818816e-06,,,,,,,,,,,,,,,,,,,,,,,,,,,,,,,,,,,,,,,,,,,,,
99,24699,,,,,,,,,,,,,9.999999747378752e-05,9.999999747378752e-05,3.232564267818816e-06,,,,,,,,,,,,,,,,,,,,,,,,,,,,,,,,,,,,,,,,,,,,,
99,24699,,,,,,,,,,,,,,,,0.9059866666793823,0.39179685711860657,0.25860846042633057,0.374875545501709,0.5100259780883789,0.9158522486686707,0.9643616080284119,0.6058636903762817,0.4934611916542053,0.8578560948371887,0.41153350472450256,0.9601348638534546,0.8403439521789551,1.0,0.9511966705322266,0.8597256541252136,0.8453018665313721,0.8692136406898499,0.9061698317527771,0.398886114358902,0.2549183666706085,0.37372273206710815,0.49773240089416504,0.9118984937667847,0.9646317958831787,0.6066256761550903,0.4881230592727661,0.8582702279090881,0.4303598701953888,0.9623925089836121,0.8391236066818237,1.0,0.9511357545852661,0.8613867163658142,0.8439050912857056,0.8734130859375,0.7146636843681335,0.7383610606193542,0.8297573328018188,0.8734130859375,0.7146636843681335,0.7383610606193542,0.8297573328018188,0.903326153755188,0.8515923023223877
99,24699,33.94306564331055,34.07945251464844,33.96255111694336,34.03567886352539,3.0888237745330116e-08,1.5051634311676025,0.008620901964604855,0.03834057226777077,0.17828264832496643,0.6760284900665283,0.043925948441028595,0.1640966385602951,,,,,,,,,,,,,,,,,,,,,,,,,,,,,,,,,,,,,,,,,,,,,,,,
100,24749,,,,,,,,,,,,,9.999999747378752e-06,9.999999747378752e-06,3.2325641541319783e-07,,,,,,,,,,,,,,,,,,,,,,,,,,,,,,,,,,,,,,,,,,,,,
100,24799,,,,,,,,,,,,,9.999999747378752e-06,9.999999747378752e-06,3.2325641541319783e-07,,,,,,,,,,,,,,,,,,,,,,,,,,,,,,,,,,,,,,,,,,,,,
100,24849,,,,,,,,,,,,,9.999999747378752e-06,9.999999747378752e-06,3.2325641541319783e-07,,,,,,,,,,,,,,,,,,,,,,,,,,,,,,,,,,,,,,,,,,,,,
100,24899,,,,,,,,,,,,,9.999999747378752e-06,9.999999747378752e-06,3.2325641541319783e-07,,,,,,,,,,,,,,,,,,,,,,,,,,,,,,,,,,,,,,,,,,,,,
100,24946,,,,,,,,,,,,,,,,0.9045593738555908,0.389270544052124,0.25154003500938416,0.36571383476257324,0.4871556758880615,0.9136161804199219,0.9656721949577332,0.6056414246559143,0.5040340423583984,0.8568463325500488,0.4408695101737976,0.9605700969696045,0.8379316329956055,1.0,0.9506295323371887,0.8575280904769897,0.8431658148765564,0.8649039268493652,0.9029488563537598,0.37965500354766846,0.2481617033481598,0.35770493745803833,0.4765789210796356,0.9153339266777039,0.9667125940322876,0.6046571731567383,0.519944965839386,0.8554223775863647,0.4513791501522064,0.9587477445602417,0.8367396593093872,1.0,0.9501233100891113,0.8536694049835205,0.8424265384674072,0.8689388036727905,0.7129533290863037,0.7319837808609009,0.8211823105812073,0.8689388036727905,0.7129533290863037,0.7319837808609009,0.8211823105812073,0.914666473865509,0.8403351306915283
100,24946,33.945091247558594,34.10285949707031,33.94268798828125,33.98557662963867,-4.324353142237669e-07,1.3604614734649658,0.007867333479225636,0.033100154250860214,0.16719366610050201,0.6138209104537964,0.040535878390073776,0.14676882326602936,,,,,,,,,,,,,,,,,,,,,,,,,,,,,,,,,,,,,,,,,,,,,,,,
101,24949,,,,,,,,,,,,,9.999999747378752e-06,9.999999747378752e-06,3.2325641541319783e-07,,,,,,,,,,,,,,,,,,,,,,,,,,,,,,,,,,,,,,,,,,,,,
101,24999,,,,,,,,,,,,,9.999999747378752e-06,9.999999747378752e-06,3.2325641541319783e-07,,,,,,,,,,,,,,,,,,,,,,,,,,,,,,,,,,,,,,,,,,,,,
101,25049,,,,,,,,,,,,,9.999999747378752e-06,9.999999747378752e-06,3.2325641541319783e-07,,,,,,,,,,,,,,,,,,,,,,,,,,,,,,,,,,,,,,,,,,,,,
101,25099,,,,,,,,,,,,,9.999999747378752e-06,9.999999747378752e-06,3.2325641541319783e-07,,,,,,,,,,,,,,,,,,,,,,,,,,,,,,,,,,,,,,,,,,,,,
101,25149,,,,,,,,,,,,,9.999999747378752e-06,9.999999747378752e-06,3.2325641541319783e-07,,,,,,,,,,,,,,,,,,,,,,,,,,,,,,,,,,,,,,,,,,,,,
101,25193,,,,,,,,,,,,,,,,0.9024185538291931,0.3782607913017273,0.25642818212509155,0.36833345890045166,0.4797302484512329,0.9146349430084229,0.9664644598960876,0.6056667566299438,0.5142539739608765,0.8566336631774902,0.45215457677841187,0.9601566791534424,0.8376514315605164,1.0,0.9500725269317627,0.8545354604721069,0.8433459997177124,0.8668670058250427,0.9018882513046265,0.37686654925346375,0.2646946907043457,0.3789619505405426,0.4828815460205078,0.9139360189437866,0.9662163257598877,0.6066762804985046,0.5085629224777222,0.857844889163971,0.4529300332069397,0.9615656137466431,0.8385632038116455,1.0,0.9500217437744141,0.8554015159606934,0.8442654013633728,0.8721624612808228,0.7153692245483398,0.7334824204444885,0.8258119821548462,0.8721624612808228,0.7153692245483398,0.7334824204444885,0.8258119821548462,0.9206831455230713,0.8374212980270386
101,25193,33.938636779785156,34.047698974609375,33.94559860229492,34.07173538208008,0.0015728289727121592,1.3054972887039185,0.007648640312254429,0.03160746768116951,0.16160599887371063,0.5890881419181824,0.038987819105386734,0.14027366042137146,,,,,,,,,,,,,,,,,,,,,,,,,,,,,,,,,,,,,,,,,,,,,,,,
102,25199,,,,,,,,,,,,,9.999999747378752e-06,9.999999747378752e-06,3.2325641541319783e-07,,,,,,,,,,,,,,,,,,,,,,,,,,,,,,,,,,,,,,,,,,,,,
102,25249,,,,,,,,,,,,,9.999999747378752e-06,9.999999747378752e-06,3.2325641541319783e-07,,,,,,,,,,,,,,,,,,,,,,,,,,,,,,,,,,,,,,,,,,,,,
102,25299,,,,,,,,,,,,,9.999999747378752e-06,9.999999747378752e-06,3.2325641541319783e-07,,,,,,,,,,,,,,,,,,,,,,,,,,,,,,,,,,,,,,,,,,,,,
102,25349,,,,,,,,,,,,,9.999999747378752e-06,9.999999747378752e-06,3.2325641541319783e-07,,,,,,,,,,,,,,,,,,,,,,,,,,,,,,,,,,,,,,,,,,,,,
102,25399,,,,,,,,,,,,,9.999999747378752e-06,9.999999747378752e-06,3.2325641541319783e-07,,,,,,,,,,,,,,,,,,,,,,,,,,,,,,,,,,,,,,,,,,,,,
102,25440,,,,,,,,,,,,,,,,0.9022402763366699,0.37605446577072144,0.27193790674209595,0.38351550698280334,0.48729532957077026,0.9137139320373535,0.9656349420547485,0.6097162961959839,0.5131605267524719,0.8571665287017822,0.4507373571395874,0.9620629549026489,0.8382346630096436,1.0,0.949819803237915,0.8552860021591187,0.8441876173019409,0.874763011932373,0.9025923609733582,0.37524235248565674,0.2791810929775238,0.3880690634250641,0.4917091131210327,0.9134917855262756,0.9650535583496094,0.6127563714981079,0.5177581310272217,0.8564882278442383,0.4485446810722351,0.9625603556632996,0.8379061818122864,1.0,0.9496178030967712,0.855170488357544,0.8441098928451538,0.8735865950584412,0.7176618576049805,0.7395644783973694,0.8262297511100769,0.8735865950584412,0.7176618576049805,0.7395644783973694,0.8262297511100769,0.9177156686782837,0.8495905995368958
102,25440,33.95065689086914,34.06541061401367,33.9579963684082,34.04023361206055,0.0021233500447124243,1.2777773141860962,0.0074859000742435455,0.030747845768928528,0.15912872552871704,0.5775980949401855,0.03815847262740135,0.13678227365016937,,,,,,,,,,,,,,,,,,,,,,,,,,,,,,,,,,,,,,,,,,,,,,,,
103,25449,,,,,,,,,,,,,9.999999747378752e-06,9.999999747378752e-06,3.2325641541319783e-07,,,,,,,,,,,,,,,,,,,,,,,,,,,,,,,,,,,,,,,,,,,,,
103,25499,,,,,,,,,,,,,9.999999747378752e-06,9.999999747378752e-06,3.2325641541319783e-07,,,,,,,,,,,,,,,,,,,,,,,,,,,,,,,,,,,,,,,,,,,,,
103,25549,,,,,,,,,,,,,9.999999747378752e-06,9.999999747378752e-06,3.2325641541319783e-07,,,,,,,,,,,,,,,,,,,,,,,,,,,,,,,,,,,,,,,,,,,,,
103,25599,,,,,,,,,,,,,9.999999747378752e-06,9.999999747378752e-06,3.2325641541319783e-07,,,,,,,,,,,,,,,,,,,,,,,,,,,,,,,,,,,,,,,,,,,,,
103,25649,,,,,,,,,,,,,9.999999747378752e-06,9.999999747378752e-06,3.2325641541319783e-07,,,,,,,,,,,,,,,,,,,,,,,,,,,,,,,,,,,,,,,,,,,,,
103,25687,,,,,,,,,,,,,,,,0.9023942947387695,0.37311142683029175,0.2814599275588989,0.38700246810913086,0.4847750663757324,0.9115229249000549,0.9653647541999817,0.6118226051330566,0.511961817741394,0.8584030866622925,0.44561171531677246,0.9624361991882324,0.837395429611206,1.0,0.9509940147399902,0.8537752628326416,0.8447108268737793,0.8749905228614807,0.9021962881088257,0.37098047137260437,0.28373879194259644,0.38593590259552,0.47784098982810974,0.9095540642738342,0.965675950050354,0.6108888983726501,0.5061654448509216,0.8603178858757019,0.4426787793636322,0.9623120427131653,0.836884617805481,1.0,0.9523702263832092,0.8523799777030945,0.84531170129776,0.8728054165840149,0.7156018614768982,0.7367272973060608,0.8242652416229248,0.8728054165840149,0.7156018614768982,0.7367272973060608,0.8242652416229248,0.9209853410720825,0.849038302898407
103,25687,33.94344711303711,34.1253776550293,33.95116424560547,34.017967224121094,-3.397705938823492e-07,1.2566123008728027,0.007393872365355492,0.030290912836790085,0.1566052883863449,0.5672168135643005,0.0375438891351223,0.13463926315307617,,,,,,,,,,,,,,,,,,,,,,,,,,,,,,,,,,,,,,,,,,,,,,,,
104,25699,,,,,,,,,,,,,9.999999747378752e-06,9.999999747378752e-06,3.2325641541319783e-07,,,,,,,,,,,,,,,,,,,,,,,,,,,,,,,,,,,,,,,,,,,,,
104,25749,,,,,,,,,,,,,9.999999747378752e-06,9.999999747378752e-06,3.2325641541319783e-07,,,,,,,,,,,,,,,,,,,,,,,,,,,,,,,,,,,,,,,,,,,,,
104,25799,,,,,,,,,,,,,9.999999747378752e-06,9.999999747378752e-06,3.2325641541319783e-07,,,,,,,,,,,,,,,,,,,,,,,,,,,,,,,,,,,,,,,,,,,,,
104,25849,,,,,,,,,,,,,9.999999747378752e-06,9.999999747378752e-06,3.2325641541319783e-07,,,,,,,,,,,,,,,,,,,,,,,,,,,,,,,,,,,,,,,,,,,,,
104,25899,,,,,,,,,,,,,9.999999747378752e-06,9.999999747378752e-06,3.2325641541319783e-07,,,,,,,,,,,,,,,,,,,,,,,,,,,,,,,,,,,,,,,,,,,,,
104,25934,,,,,,,,,,,,,,,,0.90282142162323,0.36857131123542786,0.28333383798599243,0.38222557306289673,0.48297110199928284,0.9100320935249329,0.9658639430999756,0.6109720468521118,0.5006502866744995,0.8582665920257568,0.4427949786186218,0.9620438814163208,0.8368219137191772,1.0,0.9519416689872742,0.8499623537063599,0.8446081876754761,0.8768904209136963,0.903446614742279,0.36616215109825134,0.2829288840293884,0.3785152733325958,0.48810121417045593,0.9105101227760315,0.9660518765449524,0.6110552549362183,0.4951350688934326,0.8562152981758118,0.44291114807128906,0.9617756605148315,0.8367592692375183,1.0,0.9515131115913391,0.8475447297096252,0.8439046144485474,0.8722599744796753,0.7142664790153503,0.7340958118438721,0.8244126439094543,0.8722599744796753,0.7142664790153503,0.7340958118438721,0.8244126439094543,0.9173256158828735,0.8530294895172119
104,25934,33.952430725097656,34.0802116394043,33.956478118896484,34.02454376220703,0.001946236938238144,1.2484991550445557,0.007366144098341465,0.030062107369303703,0.15583176910877228,0.5640896558761597,0.0372457280755043,0.13347227871418,,,,,,,,,,,,,,,,,,,,,,,,,,,,,,,,,,,,,,,,,,,,,,,,
105,25949,,,,,,,,,,,,,9.999999747378752e-06,9.999999747378752e-06,3.2325641541319783e-07,,,,,,,,,,,,,,,,,,,,,,,,,,,,,,,,,,,,,,,,,,,,,
105,25999,,,,,,,,,,,,,9.999999747378752e-06,9.999999747378752e-06,3.2325641541319783e-07,,,,,,,,,,,,,,,,,,,,,,,,,,,,,,,,,,,,,,,,,,,,,
105,26049,,,,,,,,,,,,,9.999999747378752e-06,9.999999747378752e-06,3.2325641541319783e-07,,,,,,,,,,,,,,,,,,,,,,,,,,,,,,,,,,,,,,,,,,,,,
105,26099,,,,,,,,,,,,,9.999999747378752e-06,9.999999747378752e-06,3.2325641541319783e-07,,,,,,,,,,,,,,,,,,,,,,,,,,,,,,,,,,,,,,,,,,,,,
105,26149,,,,,,,,,,,,,9.999999747378752e-06,9.999999747378752e-06,3.2325641541319783e-07,,,,,,,,,,,,,,,,,,,,,,,,,,,,,,,,,,,,,,,,,,,,,
105,26181,,,,,,,,,,,,,,,,0.9035238027572632,0.369548499584198,0.2875223159790039,0.38305556774139404,0.49023115634918213,0.9103353023529053,0.9663037061691284,0.6113070249557495,0.500382661819458,0.8577122092247009,0.4379865825176239,0.9629045128822327,0.8361152410507202,1.0,0.9521526098251343,0.8479324579238892,0.845319390296936,0.8782963752746582,0.9036010503768921,0.37293481826782227,0.2921157479286194,0.38759586215019226,0.49236106872558594,0.9101605415344238,0.9665555357933044,0.6115587949752808,0.5056301951408386,0.8592091202735901,0.43306201696395874,0.9640333652496338,0.8354712724685669,1.0,0.9527921676635742,0.8483201861381531,0.8467341065406799,0.8738157749176025,0.716596245765686,0.7430801391601562,0.8277314305305481,0.8738157749176025,0.716596245765686,0.7430801391601562,0.8277314305305481,0.9194795489311218,0.8537557125091553
105,26181,33.94736862182617,34.087928771972656,33.94774627685547,34.05655288696289,6.177647549066023e-08,1.2329957485198975,0.007268026005476713,0.02965158224105835,0.15396596491336823,0.5574932098388672,0.03669760376214981,0.13177156448364258,,,,,,,,,,,,,,,,,,,,,,,,,,,,,,,,,,,,,,,,,,,,,,,,
106,26199,,,,,,,,,,,,,9.999999747378752e-06,9.999999747378752e-06,3.2325641541319783e-07,,,,,,,,,,,,,,,,,,,,,,,,,,,,,,,,,,,,,,,,,,,,,
106,26249,,,,,,,,,,,,,9.999999747378752e-06,9.999999747378752e-06,3.2325641541319783e-07,,,,,,,,,,,,,,,,,,,,,,,,,,,,,,,,,,,,,,,,,,,,,
106,26299,,,,,,,,,,,,,9.999999747378752e-06,9.999999747378752e-06,3.2325641541319783e-07,,,,,,,,,,,,,,,,,,,,,,,,,,,,,,,,,,,,,,,,,,,,,
106,26349,,,,,,,,,,,,,9.999999747378752e-06,9.999999747378752e-06,3.2325641541319783e-07,,,,,,,,,,,,,,,,,,,,,,,,,,,,,,,,,,,,,,,,,,,,,
106,26399,,,,,,,,,,,,,9.999999747378752e-06,9.999999747378752e-06,3.2325641541319783e-07,,,,,,,,,,,,,,,,,,,,,,,,,,,,,,,,,,,,,,,,,,,,,
106,26428,,,,,,,,,,,,,,,,0.9034736156463623,0.36844372749328613,0.29405540227890015,0.38746508955955505,0.4907452166080475,0.9111415147781372,0.9664385914802551,0.6140052080154419,0.5047505497932434,0.8585026264190674,0.44196784496307373,0.9642816781997681,0.8356256484985352,1.0,0.9522173404693604,0.8481863141059875,0.8456693887710571,0.8765928149223328,0.9033461809158325,0.36395263671875,0.2959950268268585,0.38733431696891785,0.48912936449050903,0.9121224284172058,0.9663216471672058,0.6164516806602478,0.5038709044456482,0.8577961325645447,0.4508737027645111,0.9645299911499023,0.8357800245285034,1.0,0.9516424536705017,0.848052442073822,0.8446046113967896,0.8742620348930359,0.717164933681488,0.7461104393005371,0.8312584161758423,0.8742620348930359,0.717164933681488,0.7461104393005371,0.8312584161758423,0.9258652925491333,0.8484318256378174
106,26428,33.95344161987305,34.10298538208008,33.95609664916992,34.04820251464844,-4.324353142237669e-07,1.2199528217315674,0.007183781825006008,0.02928776666522026,0.15248766541481018,0.5524688959121704,0.036206457763910294,0.1301126480102539,,,,,,,,,,,,,,,,,,,,,,,,,,,,,,,,,,,,,,,,,,,,,,,,
107,26449,,,,,,,,,,,,,9.999999747378752e-06,9.999999747378752e-06,3.2325641541319783e-07,,,,,,,,,,,,,,,,,,,,,,,,,,,,,,,,,,,,,,,,,,,,,
107,26499,,,,,,,,,,,,,9.999999747378752e-06,9.999999747378752e-06,3.2325641541319783e-07,,,,,,,,,,,,,,,,,,,,,,,,,,,,,,,,,,,,,,,,,,,,,
107,26549,,,,,,,,,,,,,9.999999747378752e-06,9.999999747378752e-06,3.2325641541319783e-07,,,,,,,,,,,,,,,,,,,,,,,,,,,,,,,,,,,,,,,,,,,,,
107,26599,,,,,,,,,,,,,9.999999747378752e-06,9.999999747378752e-06,3.2325641541319783e-07,,,,,,,,,,,,,,,,,,,,,,,,,,,,,,,,,,,,,,,,,,,,,
107,26649,,,,,,,,,,,,,9.999999747378752e-06,9.999999747378752e-06,3.2325641541319783e-07,,,,,,,,,,,,,,,,,,,,,,,,,,,,,,,,,,,,,,,,,,,,,
107,26675,,,,,,,,,,,,,,,,0.9038480520248413,0.36496078968048096,0.30037012696266174,0.38660043478012085,0.48598694801330566,0.9139147996902466,0.9665718078613281,0.6155432462692261,0.5052096843719482,0.8587822914123535,0.44843828678131104,0.9635220766067505,0.8359719514846802,1.0,0.952475905418396,0.8485828042030334,0.8445457220077515,0.8746652603149414,0.9043498635292053,0.3659689724445343,0.30474522709846497,0.38586655259132385,0.4828445017337799,0.9157071709632874,0.9668220281600952,0.6146348118782043,0.5065484642982483,0.8597684502601624,0.4460028409957886,0.9625142216682434,0.8361639380455017,1.0,0.9533093571662903,0.8491131663322449,0.8444867730140686,0.8743547797203064,0.717579185962677,0.7481064796447754,0.8286746144294739,0.8743547797203064,0.717579185962677,0.7481064796447754,0.8286746144294739,0.9049435257911682,0.8578842878341675
107,26675,33.95280838012695,34.111968994140625,33.95622634887695,34.032386779785156,-5.868765242666996e-07,1.2079671621322632,0.007153044920414686,0.02902180887758732,0.1514851450920105,0.5457332730293274,0.03600915148854256,0.1289280652999878,,,,,,,,,,,,,,,,,,,,,,,,,,,,,,,,,,,,,,,,,,,,,,,,
108,26699,,,,,,,,,,,,,9.999999747378752e-06,9.999999747378752e-06,3.2325641541319783e-07,,,,,,,,,,,,,,,,,,,,,,,,,,,,,,,,,,,,,,,,,,,,,
108,26749,,,,,,,,,,,,,9.999999747378752e-06,9.999999747378752e-06,3.2325641541319783e-07,,,,,,,,,,,,,,,,,,,,,,,,,,,,,,,,,,,,,,,,,,,,,
108,26799,,,,,,,,,,,,,9.999999747378752e-06,9.999999747378752e-06,3.2325641541319783e-07,,,,,,,,,,,,,,,,,,,,,,,,,,,,,,,,,,,,,,,,,,,,,
108,26849,,,,,,,,,,,,,9.999999747378752e-06,9.999999747378752e-06,3.2325641541319783e-07,,,,,,,,,,,,,,,,,,,,,,,,,,,,,,,,,,,,,,,,,,,,,
108,26899,,,,,,,,,,,,,9.999999747378752e-06,9.999999747378752e-06,3.2325641541319783e-07,,,,,,,,,,,,,,,,,,,,,,,,,,,,,,,,,,,,,,,,,,,,,
108,26922,,,,,,,,,,,,,,,,0.903009295463562,0.36728236079216003,0.3079735338687897,0.3880012333393097,0.4839026629924774,0.9137343168258667,0.9668604135513306,0.6126011610031128,0.503075361251831,0.8590874075889587,0.44614702463150024,0.9626401662826538,0.8357970714569092,1.0,0.9519156813621521,0.8470856547355652,0.8442827463150024,0.8751353025436401,0.9016686677932739,0.36859574913978577,0.3112018406391144,0.39013591408729553,0.4849608242511749,0.9117615222930908,0.9668987393379211,0.610567569732666,0.4996022582054138,0.8584063649177551,0.4462912082672119,0.9627661108970642,0.8354302048683167,1.0,0.9505220055580139,0.8450581431388855,0.8440786600112915,0.8744454979896545,0.7169379591941833,0.7460237741470337,0.8276290893554688,0.8744454979896545,0.7169379591941833,0.7460237741470337,0.8276290893554688,0.9160107970237732,0.8514834046363831
108,26922,33.955467224121094,34.118675231933594,33.95850372314453,34.02720260620117,3.0888237745330116e-08,1.1940077543258667,0.0070238118059933186,0.028504641726613045,0.15006424486637115,0.5418512225151062,0.0354137122631073,0.1268111616373062,,,,,,,,,,,,,,,,,,,,,,,,,,,,,,,,,,,,,,,,,,,,,,,,
109,26949,,,,,,,,,,,,,9.999999747378752e-06,9.999999747378752e-06,3.2325641541319783e-07,,,,,,,,,,,,,,,,,,,,,,,,,,,,,,,,,,,,,,,,,,,,,
109,26999,,,,,,,,,,,,,9.999999747378752e-06,9.999999747378752e-06,3.2325641541319783e-07,,,,,,,,,,,,,,,,,,,,,,,,,,,,,,,,,,,,,,,,,,,,,
109,27049,,,,,,,,,,,,,9.999999747378752e-06,9.999999747378752e-06,3.2325641541319783e-07,,,,,,,,,,,,,,,,,,,,,,,,,,,,,,,,,,,,,,,,,,,,,
109,27099,,,,,,,,,,,,,9.999999747378752e-06,9.999999747378752e-06,3.2325641541319783e-07,,,,,,,,,,,,,,,,,,,,,,,,,,,,,,,,,,,,,,,,,,,,,
109,27149,,,,,,,,,,,,,9.999999747378752e-06,9.999999747378752e-06,3.2325641541319783e-07,,,,,,,,,,,,,,,,,,,,,,,,,,,,,,,,,,,,,,,,,,,,,
109,27169,,,,,,,,,,,,,,,,0.9011522531509399,0.3671114146709442,0.31023579835891724,0.38785022497177124,0.4883640706539154,0.9124129414558411,0.9667700529098511,0.6103621125221252,0.4923864006996155,0.8575502634048462,0.44330573081970215,0.9621002674102783,0.8358017206192017,1.0,0.9518358707427979,0.8459934592247009,0.8446283936500549,0.8769883513450623,0.900635838508606,0.36562708020210266,0.3092697858810425,0.38556450605392456,0.4917673170566559,0.9130643606185913,0.966641366481781,0.6101566553115845,0.48517051339149475,0.8566941618919373,0.44032022356987,0.9614344239234924,0.8361731767654419,1.0,0.9531497359275818,0.8469287753105164,0.8451781272888184,0.875196635723114,0.7157515287399292,0.7428830862045288,0.8274540901184082,0.875196635723114,0.7157515287399292,0.7428830862045288,0.8274540901184082,0.9167680740356445,0.8528048396110535
109,27169,33.950531005859375,34.10614776611328,33.9545783996582,34.029354095458984,-3.706588529439614e-07,1.1845781803131104,0.007011642213910818,0.0282965749502182,0.14931853115558624,0.5364945530891418,0.03523170202970505,0.1258803755044937,,,,,,,,,,,,,,,,,,,,,,,,,,,,,,,,,,,,,,,,,,,,,,,,
110,27199,,,,,,,,,,,,,9.999999747378752e-06,9.999999747378752e-06,3.2325641541319783e-07,,,,,,,,,,,,,,,,,,,,,,,,,,,,,,,,,,,,,,,,,,,,,
110,27249,,,,,,,,,,,,,9.999999747378752e-06,9.999999747378752e-06,3.2325641541319783e-07,,,,,,,,,,,,,,,,,,,,,,,,,,,,,,,,,,,,,,,,,,,,,
110,27299,,,,,,,,,,,,,9.999999747378752e-06,9.999999747378752e-06,3.2325641541319783e-07,,,,,,,,,,,,,,,,,,,,,,,,,,,,,,,,,,,,,,,,,,,,,
110,27349,,,,,,,,,,,,,9.999999747378752e-06,9.999999747378752e-06,3.2325641541319783e-07,,,,,,,,,,,,,,,,,,,,,,,,,,,,,,,,,,,,,,,,,,,,,
110,27399,,,,,,,,,,,,,9.999999747378752e-06,9.999999747378752e-06,3.2325641541319783e-07,,,,,,,,,,,,,,,,,,,,,,,,,,,,,,,,,,,,,,,,,,,,,
110,27416,,,,,,,,,,,,,,,,0.8999581336975098,0.3655371069908142,0.30616331100463867,0.38785281777381897,0.4913012981414795,0.9115377068519592,0.9666959047317505,0.6089309453964233,0.4853948950767517,0.856573224067688,0.43944185972213745,0.9622993469238281,0.8351622223854065,1.0,0.9523025155067444,0.8462258577346802,0.8445212841033936,0.8761395215988159,0.8992804884910583,0.36544713377952576,0.30305686593055725,0.3901411294937134,0.4908352792263031,0.9100110530853271,0.9667503833770752,0.6077052354812622,0.48561927676200867,0.8564522862434387,0.4385634958744049,0.963164210319519,0.8341512680053711,1.0,0.951455295085907,0.8455229997634888,0.8438645005226135,0.8740882873535156,0.7148247361183167,0.7436080574989319,0.8273550271987915,0.8740882873535156,0.7148247361183167,0.7436080574989319,0.8273550271987915,0.9233189821243286,0.8485574722290039
110,27416,33.95432662963867,34.10095977783203,33.9583740234375,34.04073715209961,-2.4710590196264093e-07,1.1746547222137451,0.006941626314073801,0.028083277866244316,0.1478549838066101,0.5332196354866028,0.03475291281938553,0.12447498738765717,,,,,,,,,,,,,,,,,,,,,,,,,,,,,,,,,,,,,,,,,,,,,,,,
111,27449,,,,,,,,,,,,,9.999999747378752e-06,9.999999747378752e-06,3.2325641541319783e-07,,,,,,,,,,,,,,,,,,,,,,,,,,,,,,,,,,,,,,,,,,,,,
111,27499,,,,,,,,,,,,,9.999999747378752e-06,9.999999747378752e-06,3.2325641541319783e-07,,,,,,,,,,,,,,,,,,,,,,,,,,,,,,,,,,,,,,,,,,,,,
111,27549,,,,,,,,,,,,,9.999999747378752e-06,9.999999747378752e-06,3.2325641541319783e-07,,,,,,,,,,,,,,,,,,,,,,,,,,,,,,,,,,,,,,,,,,,,,
111,27599,,,,,,,,,,,,,9.999999747378752e-06,9.999999747378752e-06,3.2325641541319783e-07,,,,,,,,,,,,,,,,,,,,,,,,,,,,,,,,,,,,,,,,,,,,,
111,27649,,,,,,,,,,,,,9.999999747378752e-06,9.999999747378752e-06,3.2325641541319783e-07,,,,,,,,,,,,,,,,,,,,,,,,,,,,,,,,,,,,,,,,,,,,,
111,27663,,,,,,,,,,,,,,,,0.8988333940505981,0.3607306480407715,0.30562761425971985,0.391019731760025,0.4913994073867798,0.910984992980957,0.9666759967803955,0.6073724627494812,0.48562225699424744,0.856320321559906,0.4421318769454956,0.9617891311645508,0.8339751362800598,1.0,0.9512733221054077,0.8448759317398071,0.8435263633728027,0.8761657476425171,0.8983863592147827,0.3560141324996948,0.30819836258888245,0.39189833402633667,0.4919635057449341,0.9119588732719421,0.9666016697883606,0.6070396900177002,0.4856252372264862,0.8561883568763733,0.4457002282142639,0.9604140520095825,0.8337990045547485,1.0,0.9510912895202637,0.8442289233207703,0.8431881666183472,0.8746792078018188,0.7148409485816956,0.7461471557617188,0.8243422508239746,0.8746792078018188,0.7148409485816956,0.7461471557617188,0.8243422508239746,0.9245872497558594,0.8487693667411804
111,27663,33.94964599609375,34.096534729003906,33.95432662963867,34.041751861572266,-3.0888236324244644e-07,1.1685601472854614,0.006898028776049614,0.02782590314745903,0.14721782505512238,0.5308406949043274,0.034573014825582504,0.12386775016784668,,,,,,,,,,,,,,,,,,,,,,,,,,,,,,,,,,,,,,,,,,,,,,,,
112,27699,,,,,,,,,,,,,9.999999747378752e-06,9.999999747378752e-06,3.2325641541319783e-07,,,,,,,,,,,,,,,,,,,,,,,,,,,,,,,,,,,,,,,,,,,,,
112,27749,,,,,,,,,,,,,9.999999747378752e-06,9.999999747378752e-06,3.2325641541319783e-07,,,,,,,,,,,,,,,,,,,,,,,,,,,,,,,,,,,,,,,,,,,,,
112,27799,,,,,,,,,,,,,9.999999747378752e-06,9.999999747378752e-06,3.2325641541319783e-07,,,,,,,,,,,,,,,,,,,,,,,,,,,,,,,,,,,,,,,,,,,,,
112,27849,,,,,,,,,,,,,9.999999747378752e-06,9.999999747378752e-06,3.2325641541319783e-07,,,,,,,,,,,,,,,,,,,,,,,,,,,,,,,,,,,,,,,,,,,,,
112,27899,,,,,,,,,,,,,9.999999747378752e-06,9.999999747378752e-06,3.2325641541319783e-07,,,,,,,,,,,,,,,,,,,,,,,,,,,,,,,,,,,,,,,,,,,,,
112,27910,,,,,,,,,,,,,,,,0.9004607200622559,0.35714685916900635,0.306554913520813,0.3939109146595001,0.48689091205596924,0.9140426516532898,0.9666171669960022,0.6055470705032349,0.4807058572769165,0.855575442314148,0.4430515170097351,0.9604452848434448,0.835279107093811,1.0,0.9525483846664429,0.8451743125915527,0.8429558277130127,0.8755252957344055,0.9025350213050842,0.35827958583831787,0.30491146445274353,0.3959234952926636,0.4818183481693268,0.9161264300346375,0.9666326642036438,0.6040545105934143,0.4757865071296692,0.8549624681472778,0.4404028356075287,0.9604765176773071,0.8367592096328735,1.0,0.9540054202079773,0.84611976146698,0.842723548412323,0.8734315633773804,0.7142069339752197,0.7413256168365479,0.8280059099197388,0.8734315633773804,0.7142069339752197,0.7413256168365479,0.8280059099197388,0.918397068977356,0.8505977988243103
112,27910,33.950782775878906,34.085147857666016,33.948760986328125,34.02328109741211,-4.0154708358386415e-07,1.1573113203048706,0.006843219511210918,0.02751864306628704,0.14623843133449554,0.5261445641517639,0.03419516980648041,0.1223643347620964,,,,,,,,,,,,,,,,,,,,,,,,,,,,,,,,,,,,,,,,,,,,,,,,
113,27949,,,,,,,,,,,,,9.999999747378752e-06,9.999999747378752e-06,3.2325641541319783e-07,,,,,,,,,,,,,,,,,,,,,,,,,,,,,,,,,,,,,,,,,,,,,
113,27999,,,,,,,,,,,,,9.999999747378752e-06,9.999999747378752e-06,3.2325641541319783e-07,,,,,,,,,,,,,,,,,,,,,,,,,,,,,,,,,,,,,,,,,,,,,
113,28049,,,,,,,,,,,,,9.999999747378752e-06,9.999999747378752e-06,3.2325641541319783e-07,,,,,,,,,,,,,,,,,,,,,,,,,,,,,,,,,,,,,,,,,,,,,
113,28099,,,,,,,,,,,,,9.999999747378752e-06,9.999999747378752e-06,3.2325641541319783e-07,,,,,,,,,,,,,,,,,,,,,,,,,,,,,,,,,,,,,,,,,,,,,
113,28149,,,,,,,,,,,,,9.999999747378752e-06,9.999999747378752e-06,3.2325641541319783e-07,,,,,,,,,,,,,,,,,,,,,,,,,,,,,,,,,,,,,,,,,,,,,
113,28157,,,,,,,,,,,,,,,,0.9027070999145508,0.3563757538795471,0.3051340579986572,0.39243921637535095,0.48135101795196533,0.9149002432823181,0.966576337814331,0.6038632392883301,0.476791113615036,0.8542483448982239,0.4415712356567383,0.9595043659210205,0.8367702960968018,1.0,0.9530103206634521,0.8455138206481934,0.8428778052330017,0.87722247838974,0.9028791785240173,0.35447195172309875,0.30535662174224854,0.38895493745803833,0.48088371753692627,0.9136740565299988,0.9665200710296631,0.6036719679832458,0.47779572010040283,0.8535342216491699,0.4427396059036255,0.9585322141647339,0.8367813229560852,1.0,0.952015221118927,0.8449078798294067,0.8430320620536804,0.8719626069068909,0.7132794857025146,0.7451503276824951,0.8241443634033203,0.8719626069068909,0.7132794857025146,0.7451503276824951,0.8241443634033203,0.9188042879104614,0.8525428771972656
113,28157,33.953948974609375,34.086158752441406,33.95369338989258,34.06654739379883,-2.779941326025437e-07,1.1475894451141357,0.0068043991923332214,0.027287162840366364,0.1452789008617401,0.5215129852294922,0.03399531915783882,0.12117457389831543,,,,,,,,,,,,,,,,,,,,,,,,,,,,,,,,,,,,,,,,,,,,,,,,
114,28199,,,,,,,,,,,,,9.999999747378752e-06,9.999999747378752e-06,3.2325641541319783e-07,,,,,,,,,,,,,,,,,,,,,,,,,,,,,,,,,,,,,,,,,,,,,
114,28249,,,,,,,,,,,,,9.999999747378752e-06,9.999999747378752e-06,3.2325641541319783e-07,,,,,,,,,,,,,,,,,,,,,,,,,,,,,,,,,,,,,,,,,,,,,
114,28299,,,,,,,,,,,,,9.999999747378752e-06,9.999999747378752e-06,3.2325641541319783e-07,,,,,,,,,,,,,,,,,,,,,,,,,,,,,,,,,,,,,,,,,,,,,
114,28349,,,,,,,,,,,,,9.999999747378752e-06,9.999999747378752e-06,3.2325641541319783e-07,,,,,,,,,,,,,,,,,,,,,,,,,,,,,,,,,,,,,,,,,,,,,
114,28399,,,,,,,,,,,,,9.999999747378752e-06,9.999999747378752e-06,3.2325641541319783e-07,,,,,,,,,,,,,,,,,,,,,,,,,,,,,,,,,,,,,,,,,,,,,
114,28404,,,,,,,,,,,,,,,,0.9025734066963196,0.36257290840148926,0.3083401322364807,0.3901204466819763,0.4827404022216797,0.9145023226737976,0.9663099050521851,0.6037942171096802,0.4800175130367279,0.855033278465271,0.4445089101791382,0.959321141242981,0.835909366607666,1.0,0.9527229070663452,0.8454227447509766,0.8430545926094055,0.874417781829834,0.9022676348686218,0.37067389488220215,0.3113236427307129,0.3912859857082367,0.4845970571041107,0.9153305888175964,0.966099739074707,0.6039164662361145,0.482239305973053,0.8565323352813721,0.4462782144546509,0.960110068321228,0.8350374698638916,1.0,0.9534306526184082,0.8459375500679016,0.8430771231651306,0.8723393082618713,0.715772807598114,0.7489481568336487,0.8294687271118164,0.8723393082618713,0.715772807598114,0.7489481568336487,0.8294687271118164,0.9188275933265686,0.8490056991577148
114,28404,33.95356750488281,34.08805847167969,33.952301025390625,34.02631759643555,-3.397705938823492e-07,1.1377191543579102,0.006773982662707567,0.027136024087667465,0.1443570852279663,0.5161252617835999,0.0336754247546196,0.12016784399747849,,,,,,,,,,,,,,,,,,,,,,,,,,,,,,,,,,,,,,,,,,,,,,,,
115,28449,,,,,,,,,,,,,9.999999747378752e-06,9.999999747378752e-06,3.2325641541319783e-07,,,,,,,,,,,,,,,,,,,,,,,,,,,,,,,,,,,,,,,,,,,,,
115,28499,,,,,,,,,,,,,9.999999747378752e-06,9.999999747378752e-06,3.2325641541319783e-07,,,,,,,,,,,,,,,,,,,,,,,,,,,,,,,,,,,,,,,,,,,,,
115,28549,,,,,,,,,,,,,9.999999747378752e-06,9.999999747378752e-06,3.2325641541319783e-07,,,,,,,,,,,,,,,,,,,,,,,,,,,,,,,,,,,,,,,,,,,,,
115,28599,,,,,,,,,,,,,9.999999747378752e-06,9.999999747378752e-06,3.2325641541319783e-07,,,,,,,,,,,,,,,,,,,,,,,,,,,,,,,,,,,,,,,,,,,,,
115,28649,,,,,,,,,,,,,9.999999747378752e-06,9.999999747378752e-06,3.2325641541319783e-07,,,,,,,,,,,,,,,,,,,,,,,,,,,,,,,,,,,,,,,,,,,,,
115,28651,,,,,,,,,,,,,,,,0.9033194780349731,0.36672210693359375,0.3069414496421814,0.39233505725860596,0.48554039001464844,0.9184914827346802,0.965811550617218,0.605093240737915,0.48683780431747437,0.8548674583435059,0.4412475824356079,0.9610220789909363,0.835157036781311,1.0,0.9541702270507812,0.8466023206710815,0.841976523399353,0.8738230466842651,0.9043712615966797,0.36277031898498535,0.3025592863559723,0.3933841586112976,0.48648375272750854,0.9216523766517639,0.965523362159729,0.6062699556350708,0.49143633246421814,0.8532025218009949,0.43621698021888733,0.9619340896606445,0.8352766036987305,1.0,0.9549098014831543,0.8472671508789062,0.8408759236335754,0.8716155290603638,0.7155373096466064,0.7502145767211914,0.8258814215660095,0.8716155290603638,0.7155373096466064,0.7502145767211914,0.8258814215660095,0.9191179275512695,0.8470184206962585
115,28651,33.95091247558594,34.087928771972656,33.95559310913086,33.981021881103516,-1.2355295098132046e-07,1.127077341079712,0.0067098732106387615,0.0268236193805933,0.14332576096057892,0.511706531047821,0.033338796347379684,0.11885000765323639,,,,,,,,,,,,,,,,,,,,,,,,,,,,,,,,,,,,,,,,,,,,,,,,
116,28699,,,,,,,,,,,,,9.999999747378752e-06,9.999999747378752e-06,3.2325641541319783e-07,,,,,,,,,,,,,,,,,,,,,,,,,,,,,,,,,,,,,,,,,,,,,
116,28749,,,,,,,,,,,,,9.999999747378752e-06,9.999999747378752e-06,3.2325641541319783e-07,,,,,,,,,,,,,,,,,,,,,,,,,,,,,,,,,,,,,,,,,,,,,
116,28799,,,,,,,,,,,,,9.999999747378752e-06,9.999999747378752e-06,3.2325641541319783e-07,,,,,,,,,,,,,,,,,,,,,,,,,,,,,,,,,,,,,,,,,,,,,
116,28849,,,,,,,,,,,,,9.999999747378752e-06,9.999999747378752e-06,3.2325641541319783e-07,,,,,,,,,,,,,,,,,,,,,,,,,,,,,,,,,,,,,,,,,,,,,
116,28898,,,,,,,,,,,,,,,,0.905430018901825,0.3636385500431061,0.3045569062232971,0.39591747522354126,0.4877490997314453,0.9209328889846802,0.9653773307800293,0.6041917204856873,0.49811381101608276,0.8531821966171265,0.4387155771255493,0.9614244699478149,0.8345592617988586,1.0,0.9538217782974243,0.8469292521476746,0.840971827507019,0.8753120303153992,0.9064887762069702,0.3645067811012268,0.30655452609062195,0.3984507918357849,0.48901447653770447,0.9202134609222412,0.9652313590049744,0.6021134853363037,0.5047913193702698,0.8531619310379028,0.4412141740322113,0.9609149098396301,0.8338419198989868,1.0,0.9527336955070496,0.8465913534164429,0.8410677313804626,0.8743160367012024,0.7168759107589722,0.7556398510932922,0.8325026631355286,0.8743160367012024,0.7168759107589722,0.7556398510932922,0.8325026631355286,0.9300377368927002,0.8440964221954346
116,28898,33.95344161987305,34.09248352050781,33.952049255371094,34.066043853759766,2.779941326025437e-07,1.1190879344940186,0.006666954141110182,0.026639599353075027,0.14239494502544403,0.5082747340202332,0.033078454434871674,0.11786449700593948,,,,,,,,,,,,,,,,,,,,,,,,,,,,,,,,,,,,,,,,,,,,,,,,
117,28899,,,,,,,,,,,,,9.999999747378752e-06,9.999999747378752e-06,3.2325641541319783e-07,,,,,,,,,,,,,,,,,,,,,,,,,,,,,,,,,,,,,,,,,,,,,
117,28949,,,,,,,,,,,,,9.999999747378752e-06,9.999999747378752e-06,3.2325641541319783e-07,,,,,,,,,,,,,,,,,,,,,,,,,,,,,,,,,,,,,,,,,,,,,
117,28999,,,,,,,,,,,,,9.999999747378752e-06,9.999999747378752e-06,3.2325641541319783e-07,,,,,,,,,,,,,,,,,,,,,,,,,,,,,,,,,,,,,,,,,,,,,
117,29049,,,,,,,,,,,,,9.999999747378752e-06,9.999999747378752e-06,3.2325641541319783e-07,,,,,,,,,,,,,,,,,,,,,,,,,,,,,,,,,,,,,,,,,,,,,
117,29099,,,,,,,,,,,,,9.999999747378752e-06,9.999999747378752e-06,3.2325641541319783e-07,,,,,,,,,,,,,,,,,,,,,,,,,,,,,,,,,,,,,,,,,,,,,
117,29145,,,,,,,,,,,,,,,,0.9070336818695068,0.36933720111846924,0.30884885787963867,0.3955836296081543,0.4912880063056946,0.9204275608062744,0.9651215672492981,0.6039911508560181,0.5028970241546631,0.8518363237380981,0.4446285367012024,0.9624773263931274,0.8338521718978882,1.0,0.9524063467979431,0.8488587141036987,0.8407731056213379,0.8786218166351318,0.9075785875320435,0.3741675913333893,0.3111432194709778,0.3927164673805237,0.4935615062713623,0.9206417202949524,0.9650117754936218,0.6058687567710876,0.5010027289390564,0.8505107760429382,0.4480428993701935,0.9640397429466248,0.8338624238967896,1.0,0.9520789980888367,0.8511260747909546,0.8404784202575684,0.8756023645401001,0.7183430194854736,0.7605818510055542,0.8288066387176514,0.8756023645401001,0.7183430194854736,0.7605818510055542,0.8288066387176514,0.9291720986366272,0.8495766520500183
117,29145,33.9552116394043,34.106529235839844,33.953819274902344,34.01935577392578,-3.0888236324244644e-07,1.1100738048553467,0.006585864815860987,0.02635248377919197,0.14125651121139526,0.5056138634681702,0.032674431800842285,0.11658122390508652,,,,,,,,,,,,,,,,,,,,,,,,,,,,,,,,,,,,,,,,,,,,,,,,
118,29149,,,,,,,,,,,,,9.999999747378752e-06,9.999999747378752e-06,3.2325641541319783e-07,,,,,,,,,,,,,,,,,,,,,,,,,,,,,,,,,,,,,,,,,,,,,
118,29199,,,,,,,,,,,,,9.999999747378752e-06,9.999999747378752e-06,3.2325641541319783e-07,,,,,,,,,,,,,,,,,,,,,,,,,,,,,,,,,,,,,,,,,,,,,
118,29249,,,,,,,,,,,,,9.999999747378752e-06,9.999999747378752e-06,3.2325641541319783e-07,,,,,,,,,,,,,,,,,,,,,,,,,,,,,,,,,,,,,,,,,,,,,
118,29299,,,,,,,,,,,,,9.999999747378752e-06,9.999999747378752e-06,3.2325641541319783e-07,,,,,,,,,,,,,,,,,,,,,,,,,,,,,,,,,,,,,,,,,,,,,
118,29349,,,,,,,,,,,,,9.999999747378752e-06,9.999999747378752e-06,3.2325641541319783e-07,,,,,,,,,,,,,,,,,,,,,,,,,,,,,,,,,,,,,,,,,,,,,
118,29392,,,,,,,,,,,,,,,,0.9071003198623657,0.3713476359844208,0.3093700706958771,0.3958175778388977,0.48368048667907715,0.918989896774292,0.9651095867156982,0.60486900806427,0.5056929588317871,0.8517192602157593,0.4485752284526825,0.9634401202201843,0.8334462642669678,1.0,0.9529269933700562,0.8497248888015747,0.8410712480545044,0.8786299824714661,0.9066221117973328,0.36852768063545227,0.30759692192077637,0.39891865849494934,0.4737994968891144,0.9173380732536316,0.9652073383331299,0.6038692593574524,0.5103832483291626,0.8529278039932251,0.4491075575351715,0.9628404974937439,0.8330300450325012,1.0,0.9537749290466309,0.8483237028121948,0.8416640758514404,0.8747068643569946,0.7172900438308716,0.7601826190948486,0.8281816840171814,0.8747068643569946,0.7172900438308716,0.7601826190948486,0.8281816840171814,0.9229781627655029,0.8528608083724976
118,29392,33.95508575439453,34.07768249511719,33.95850372314453,34.01530838012695,-2.779941326025437e-07,1.1002700328826904,0.006542499642819166,0.026057923212647438,0.14030024409294128,0.5005464553833008,0.03249233216047287,0.11571832001209259,,,,,,,,,,,,,,,,,,,,,,,,,,,,,,,,,,,,,,,,,,,,,,,,
119,29399,,,,,,,,,,,,,9.999999747378752e-06,9.999999747378752e-06,3.2325641541319783e-07,,,,,,,,,,,,,,,,,,,,,,,,,,,,,,,,,,,,,,,,,,,,,
119,29449,,,,,,,,,,,,,9.999999747378752e-06,9.999999747378752e-06,3.2325641541319783e-07,,,,,,,,,,,,,,,,,,,,,,,,,,,,,,,,,,,,,,,,,,,,,
119,29499,,,,,,,,,,,,,9.999999747378752e-06,9.999999747378752e-06,3.2325641541319783e-07,,,,,,,,,,,,,,,,,,,,,,,,,,,,,,,,,,,,,,,,,,,,,
119,29549,,,,,,,,,,,,,9.999999747378752e-06,9.999999747378752e-06,3.2325641541319783e-07,,,,,,,,,,,,,,,,,,,,,,,,,,,,,,,,,,,,,,,,,,,,,
119,29599,,,,,,,,,,,,,9.999999747378752e-06,9.999999747378752e-06,3.2325641541319783e-07,,,,,,,,,,,,,,,,,,,,,,,,,,,,,,,,,,,,,,,,,,,,,
119,29639,,,,,,,,,,,,,,,,0.9058914184570312,0.36396992206573486,0.3073922395706177,0.39531072974205017,0.4740131199359894,0.9172385931015015,0.965065598487854,0.6035515069961548,0.49177950620651245,0.8517196178436279,0.44989627599716187,0.9624019265174866,0.832764208316803,1.0,0.9538354873657227,0.8474302291870117,0.8417928218841553,0.878389298915863,0.905160665512085,0.35941219329833984,0.307187557220459,0.391702800989151,0.4742267429828644,0.9171390533447266,0.9649238586425781,0.603233814239502,0.4731757342815399,0.8505114912986755,0.4506850242614746,0.9619633555412292,0.8324983716011047,1.0,0.9538961052894592,0.8465367555618286,0.8419215083122253,0.87373948097229,0.7137749791145325,0.7520778179168701,0.828514039516449,0.87373948097229,0.7137749791145325,0.7520778179168701,0.828514039516449,0.9309737086296082,0.8487489223480225
119,29639,33.952049255371094,34.06199264526367,33.95774459838867,34.02176284790039,-3.0888236324244644e-07,1.0911707878112793,0.00648513063788414,0.025873485952615738,0.13933922350406647,0.49706128239631653,0.03208412975072861,0.11440449953079224,,,,,,,,,,,,,,,,,,,,,,,,,,,,,,,,,,,,,,,,,,,,,,,,
120,29649,,,,,,,,,,,,,9.999999747378752e-06,9.999999747378752e-06,3.2325641541319783e-07,,,,,,,,,,,,,,,,,,,,,,,,,,,,,,,,,,,,,,,,,,,,,
120,29699,,,,,,,,,,,,,9.999999747378752e-06,9.999999747378752e-06,3.2325641541319783e-07,,,,,,,,,,,,,,,,,,,,,,,,,,,,,,,,,,,,,,,,,,,,,
120,29749,,,,,,,,,,,,,9.999999747378752e-06,9.999999747378752e-06,3.2325641541319783e-07,,,,,,,,,,,,,,,,,,,,,,,,,,,,,,,,,,,,,,,,,,,,,
120,29799,,,,,,,,,,,,,9.999999747378752e-06,9.999999747378752e-06,3.2325641541319783e-07,,,,,,,,,,,,,,,,,,,,,,,,,,,,,,,,,,,,,,,,,,,,,
120,29849,,,,,,,,,,,,,9.999999747378752e-06,9.999999747378752e-06,3.2325641541319783e-07,,,,,,,,,,,,,,,,,,,,,,,,,,,,,,,,,,,,,,,,,,,,,
120,29886,,,,,,,,,,,,,,,,0.9045684337615967,0.35638463497161865,0.31071585416793823,0.39214009046554565,0.47511026263237,0.9185030460357666,0.9655460119247437,0.6012870073318481,0.47796523571014404,0.8506655693054199,0.44920215010643005,0.9612360000610352,0.8321863412857056,1.0,0.9537001848220825,0.8457854390144348,0.8412883877754211,0.8768197894096375,0.9039762616157532,0.3533570468425751,0.3142441213130951,0.3925773799419403,0.4759937822818756,0.9198670387268066,0.9661681056022644,0.5993401408195496,0.48275476694107056,0.8508195877075195,0.4477192759513855,0.9605087041854858,0.8318743109703064,1.0,0.9535043239593506,0.845034122467041,0.8406552672386169,0.8731224536895752,0.7140231728553772,0.7483285665512085,0.8241876363754272,0.8731224536895752,0.7140231728553772,0.7483285665512085,0.8241876363754272,0.9212965965270996,0.8520547151565552
120,29886,33.95445251464844,34.08982849121094,33.94888687133789,34.026947021484375,-4.0154708358386415e-07,1.0900630950927734,0.006482265889644623,0.025731543079018593,0.13913677632808685,0.4973970055580139,0.03205912932753563,0.1141708642244339,,,,,,,,,,,,,,,,,,,,,,,,,,,,,,,,,,,,,,,,,,,,,,,,
121,29899,,,,,,,,,,,,,9.999999747378752e-06,9.999999747378752e-06,3.2325641541319783e-07,,,,,,,,,,,,,,,,,,,,,,,,,,,,,,,,,,,,,,,,,,,,,
121,29949,,,,,,,,,,,,,9.999999747378752e-06,9.999999747378752e-06,3.2325641541319783e-07,,,,,,,,,,,,,,,,,,,,,,,,,,,,,,,,,,,,,,,,,,,,,
121,29999,,,,,,,,,,,,,9.999999747378752e-06,9.999999747378752e-06,3.2325641541319783e-07,,,,,,,,,,,,,,,,,,,,,,,,,,,,,,,,,,,,,,,,,,,,,
121,30049,,,,,,,,,,,,,9.999999747378752e-06,9.999999747378752e-06,3.2325641541319783e-07,,,,,,,,,,,,,,,,,,,,,,,,,,,,,,,,,,,,,,,,,,,,,
121,30099,,,,,,,,,,,,,9.999999747378752e-06,9.999999747378752e-06,3.2325641541319783e-07,,,,,,,,,,,,,,,,,,,,,,,,,,,,,,,,,,,,,,,,,,,,,
121,30133,,,,,,,,,,,,,,,,0.9040732383728027,0.35532185435295105,0.3188093304634094,0.39339280128479004,0.4799020290374756,0.9173879623413086,0.965742826461792,0.60099196434021,0.46940600872039795,0.8518308401107788,0.44891786575317383,0.961442232131958,0.8318097591400146,1.0,0.9535895586013794,0.8465975522994995,0.8407305479049683,0.8786119222640991,0.9041702747344971,0.357286661863327,0.32337456941604614,0.39420825242996216,0.4838102459907532,0.9149088859558105,0.9653174877166748,0.6026437878608704,0.45605722069740295,0.8528420329093933,0.45011645555496216,0.962375819683075,0.8317451477050781,1.0,0.9536747336387634,0.8481610417366028,0.8408058285713196,0.8756589889526367,0.714205801486969,0.7436468005180359,0.8277453780174255,0.8756589889526367,0.714205801486969,0.7436468005180359,0.8277453780174255,0.9301201701164246,0.8494160175323486
121,30133,33.952430725097656,34.05756759643555,33.95293426513672,34.032135009765625,-1.853294264719807e-07,1.078270673751831,0.006461344659328461,0.025674734264612198,0.13761062920093536,0.491517573595047,0.03157537430524826,0.11265569925308228,,,,,,,,,,,,,,,,,,,,,,,,,,,,,,,,,,,,,,,,,,,,,,,,
122,30149,,,,,,,,,,,,,9.999999747378752e-06,9.999999747378752e-06,3.2325641541319783e-07,,,,,,,,,,,,,,,,,,,,,,,,,,,,,,,,,,,,,,,,,,,,,
122,30199,,,,,,,,,,,,,9.999999747378752e-06,9.999999747378752e-06,3.2325641541319783e-07,,,,,,,,,,,,,,,,,,,,,,,,,,,,,,,,,,,,,,,,,,,,,
122,30249,,,,,,,,,,,,,9.999999747378752e-06,9.999999747378752e-06,3.2325641541319783e-07,,,,,,,,,,,,,,,,,,,,,,,,,,,,,,,,,,,,,,,,,,,,,
122,30299,,,,,,,,,,,,,9.999999747378752e-06,9.999999747378752e-06,3.2325641541319783e-07,,,,,,,,,,,,,,,,,,,,,,,,,,,,,,,,,,,,,,,,,,,,,
122,30349,,,,,,,,,,,,,9.999999747378752e-06,9.999999747378752e-06,3.2325641541319783e-07,,,,,,,,,,,,,,,,,,,,,,,,,,,,,,,,,,,,,,,,,,,,,
122,30380,,,,,,,,,,,,,,,,0.9036815166473389,0.35842812061309814,0.3236873745918274,0.3945752680301666,0.4806530475616455,0.9168797135353088,0.9653048515319824,0.6013565063476562,0.4604267477989197,0.8524378538131714,0.45002758502960205,0.9620506763458252,0.8317738771438599,1.0,0.9554611444473267,0.8474078178405762,0.8402223587036133,0.8785063624382019,0.9031926989555359,0.3595695495605469,0.32400020956993103,0.3949422836303711,0.47749581933021545,0.9188505411148071,0.96529221534729,0.6000691652297974,0.464796245098114,0.8520337343215942,0.44993871450424194,0.9617254734039307,0.8318026065826416,1.0,0.9572476148605347,0.8466545939445496,0.8396388292312622,0.8740715980529785,0.7145441174507141,0.7479815483093262,0.8246194124221802,0.8740715980529785,0.7145441174507141,0.7479815483093262,0.8246194124221802,0.9277000427246094,0.8504164218902588
122,30380,33.95293426513672,34.08831024169922,33.956729888916016,34.03175735473633,-3.0888237745330116e-08,1.074639081954956,0.0064344326965510845,0.02557440847158432,0.13718193769454956,0.49000775814056396,0.03144904598593712,0.11225336790084839,,,,,,,,,,,,,,,,,,,,,,,,,,,,,,,,,,,,,,,,,,,,,,,,
123,30399,,,,,,,,,,,,,9.999999747378752e-06,9.999999747378752e-06,3.2325641541319783e-07,,,,,,,,,,,,,,,,,,,,,,,,,,,,,,,,,,,,,,,,,,,,,
123,30449,,,,,,,,,,,,,9.999999747378752e-06,9.999999747378752e-06,3.2325641541319783e-07,,,,,,,,,,,,,,,,,,,,,,,,,,,,,,,,,,,,,,,,,,,,,
123,30499,,,,,,,,,,,,,9.999999747378752e-06,9.999999747378752e-06,3.2325641541319783e-07,,,,,,,,,,,,,,,,,,,,,,,,,,,,,,,,,,,,,,,,,,,,,
123,30549,,,,,,,,,,,,,9.999999747378752e-06,9.999999747378752e-06,3.2325641541319783e-07,,,,,,,,,,,,,,,,,,,,,,,,,,,,,,,,,,,,,,,,,,,,,
123,30599,,,,,,,,,,,,,9.999999747378752e-06,9.999999747378752e-06,3.2325641541319783e-07,,,,,,,,,,,,,,,,,,,,,,,,,,,,,,,,,,,,,,,,,,,,,
123,30627,,,,,,,,,,,,,,,,0.9037541747093201,0.3596600890159607,0.32377392053604126,0.3925533890724182,0.4802244305610657,0.9182747602462769,0.9655604362487793,0.6028454303741455,0.470450758934021,0.851752519607544,0.4508582055568695,0.9625625610351562,0.8326103687286377,1.0,0.9561862945556641,0.8467170000076294,0.8390130996704102,0.8799164891242981,0.9043156504631042,0.3597506582736969,0.3235476016998291,0.3901645243167877,0.4829530417919159,0.9176989793777466,0.9658285975456238,0.6056217551231384,0.47610530257225037,0.8514713048934937,0.45177769660949707,0.9633995890617371,0.8334181904792786,1.0,0.9551249146461487,0.846779465675354,0.8383873701095581,0.8760852217674255,0.7156673073768616,0.7543433904647827,0.8250850439071655,0.8760852217674255,0.7156673073768616,0.7543433904647827,0.8250850439071655,0.9321919083595276,0.8502258062362671
123,30627,33.95179748535156,34.07502365112305,33.95559310913086,34.00227737426758,-3.397705938823492e-07,1.0625178813934326,0.00634738989174366,0.025282781571149826,0.1358165591955185,0.48436033725738525,0.031066810712218285,0.11102823168039322,,,,,,,,,,,,,,,,,,,,,,,,,,,,,,,,,,,,,,,,,,,,,,,,
124,30649,,,,,,,,,,,,,9.999999747378752e-06,9.999999747378752e-06,3.2325641541319783e-07,,,,,,,,,,,,,,,,,,,,,,,,,,,,,,,,,,,,,,,,,,,,,
124,30699,,,,,,,,,,,,,9.999999747378752e-06,9.999999747378752e-06,3.2325641541319783e-07,,,,,,,,,,,,,,,,,,,,,,,,,,,,,,,,,,,,,,,,,,,,,
124,30749,,,,,,,,,,,,,9.999999747378752e-06,9.999999747378752e-06,3.2325641541319783e-07,,,,,,,,,,,,,,,,,,,,,,,,,,,,,,,,,,,,,,,,,,,,,
124,30799,,,,,,,,,,,,,9.999999747378752e-06,9.999999747378752e-06,3.2325641541319783e-07,,,,,,,,,,,,,,,,,,,,,,,,,,,,,,,,,,,,,,,,,,,,,
124,30849,,,,,,,,,,,,,9.999999747378752e-06,9.999999747378752e-06,3.2325641541319783e-07,,,,,,,,,,,,,,,,,,,,,,,,,,,,,,,,,,,,,,,,,,,,,
124,30874,,,,,,,,,,,,,,,,0.9036812782287598,0.36109232902526855,0.3273772597312927,0.3910062313079834,0.4754685163497925,0.9175586700439453,0.9657672643661499,0.6028920412063599,0.47545909881591797,0.851119339466095,0.4520370364189148,0.9633180499076843,0.8327546119689941,1.0,0.9555321335792542,0.847478985786438,0.8382233381271362,0.8794927000999451,0.9030468463897705,0.3624340295791626,0.33120694756507874,0.39184796810150146,0.46798402070999146,0.9174184203147888,0.965705931186676,0.6001623272895813,0.4748128652572632,0.8507673740386963,0.4522963762283325,0.9632365107536316,0.8320910334587097,1.0,0.9559393525123596,0.8481785655021667,0.8380593061447144,0.8754802942276001,0.7150110602378845,0.7551416754722595,0.8245845437049866,0.8754802942276001,0.7150110602378845,0.7551416754722595,0.8245845437049866,0.9346033930778503,0.8483024835586548
124,30874,33.95116424560547,34.058197021484375,33.9552116394043,34.067813873291016,-2.4710590196264093e-07,1.0577958822250366,0.006314708851277828,0.02509622648358345,0.1352107971906662,0.4826183021068573,0.030936118215322495,0.11051996052265167,,,,,,,,,,,,,,,,,,,,,,,,,,,,,,,,,,,,,,,,,,,,,,,,
125,30899,,,,,,,,,,,,,9.999999747378752e-06,9.999999747378752e-06,3.2325641541319783e-07,,,,,,,,,,,,,,,,,,,,,,,,,,,,,,,,,,,,,,,,,,,,,
125,30949,,,,,,,,,,,,,9.999999747378752e-06,9.999999747378752e-06,3.2325641541319783e-07,,,,,,,,,,,,,,,,,,,,,,,,,,,,,,,,,,,,,,,,,,,,,
125,30999,,,,,,,,,,,,,9.999999747378752e-06,9.999999747378752e-06,3.2325641541319783e-07,,,,,,,,,,,,,,,,,,,,,,,,,,,,,,,,,,,,,,,,,,,,,
125,31049,,,,,,,,,,,,,9.999999747378752e-06,9.999999747378752e-06,3.2325641541319783e-07,,,,,,,,,,,,,,,,,,,,,,,,,,,,,,,,,,,,,,,,,,,,,
125,31099,,,,,,,,,,,,,9.999999747378752e-06,9.999999747378752e-06,3.2325641541319783e-07,,,,,,,,,,,,,,,,,,,,,,,,,,,,,,,,,,,,,,,,,,,,,
125,31121,,,,,,,,,,,,,,,,0.9045475721359253,0.3625926971435547,0.3279695212841034,0.39557990431785583,0.46655845642089844,0.9185377359390259,0.9652156233787537,0.5979112982749939,0.47256940603256226,0.850623607635498,0.4524361193180084,0.9631839990615845,0.8318774700164795,1.0,0.9557355642318726,0.8468802571296692,0.8374245166778564,0.8781116008758545,0.9060482382774353,0.3627513349056244,0.32473209500312805,0.3993118405342102,0.46513286232948303,0.9196570515632629,0.9647253155708313,0.5956602692604065,0.47032591700553894,0.8504798412322998,0.4525758624076843,0.9631315469741821,0.8316639065742493,1.0,0.9555317759513855,0.8455819487571716,0.8367897868156433,0.8751575350761414,0.7143588066101074,0.7557226419448853,0.8260598182678223,0.8751575350761414,0.7143588066101074,0.7557226419448853,0.8260598182678223,0.9276979565620422,0.8492776155471802
125,31121,33.95280838012695,34.078060150146484,33.950782775878906,34.026187896728516,-6.177647549066023e-08,1.054953932762146,0.006280715577304363,0.024939188733696938,0.13514076173305511,0.48197999596595764,0.03085707686841488,0.1100098043680191,,,,,,,,,,,,,,,,,,,,,,,,,,,,,,,,,,,,,,,,,,,,,,,,
126,31149,,,,,,,,,,,,,9.999999747378752e-06,9.999999747378752e-06,3.2325641541319783e-07,,,,,,,,,,,,,,,,,,,,,,,,,,,,,,,,,,,,,,,,,,,,,
126,31199,,,,,,,,,,,,,9.999999747378752e-06,9.999999747378752e-06,3.2325641541319783e-07,,,,,,,,,,,,,,,,,,,,,,,,,,,,,,,,,,,,,,,,,,,,,
126,31249,,,,,,,,,,,,,9.999999747378752e-06,9.999999747378752e-06,3.2325641541319783e-07,,,,,,,,,,,,,,,,,,,,,,,,,,,,,,,,,,,,,,,,,,,,,
126,31299,,,,,,,,,,,,,9.999999747378752e-06,9.999999747378752e-06,3.2325641541319783e-07,,,,,,,,,,,,,,,,,,,,,,,,,,,,,,,,,,,,,,,,,,,,,
126,31349,,,,,,,,,,,,,9.999999747378752e-06,9.999999747378752e-06,3.2325641541319783e-07,,,,,,,,,,,,,,,,,,,,,,,,,,,,,,,,,,,,,,,,,,,,,
126,31368,,,,,,,,,,,,,,,,0.9047799110412598,0.3687674403190613,0.3223070502281189,0.39702558517456055,0.47323930263519287,0.9204214811325073,0.9650048017501831,0.5966005325317383,0.47266992926597595,0.850657045841217,0.45748257637023926,0.964837908744812,0.8315915465354919,1.0,0.9546574950218201,0.8457356095314026,0.8368098735809326,0.8800013661384583,0.9035115242004395,0.3747835159301758,0.31988200545310974,0.3947393000125885,0.4813457727432251,0.9211858510971069,0.9652842879295349,0.5975407361984253,0.47501394152641296,0.8508342504501343,0.4623892903327942,0.9665442705154419,0.8315191864967346,1.0,0.9537832140922546,0.8458892703056335,0.8368299603462219,0.8756440877914429,0.716533899307251,0.7603418231010437,0.8272089958190918,0.8756440877914429,0.716533899307251,0.7603418231010437,0.8272089958190918,0.9233866333961487,0.8538419008255005
126,31368,33.95255661010742,34.08350372314453,33.9552116394043,34.072242736816406,0.0,1.0441652536392212,0.00625048391520977,0.024836238473653793,0.13353154063224792,0.47714853286743164,0.030407626181840897,0.10861799120903015,,,,,,,,,,,,,,,,,,,,,,,,,,,,,,,,,,,,,,,,,,,,,,,,
127,31399,,,,,,,,,,,,,9.999999747378752e-06,9.999999747378752e-06,3.2325641541319783e-07,,,,,,,,,,,,,,,,,,,,,,,,,,,,,,,,,,,,,,,,,,,,,
127,31449,,,,,,,,,,,,,9.999999747378752e-06,9.999999747378752e-06,3.2325641541319783e-07,,,,,,,,,,,,,,,,,,,,,,,,,,,,,,,,,,,,,,,,,,,,,
127,31499,,,,,,,,,,,,,9.999999747378752e-06,9.999999747378752e-06,3.2325641541319783e-07,,,,,,,,,,,,,,,,,,,,,,,,,,,,,,,,,,,,,,,,,,,,,
127,31549,,,,,,,,,,,,,9.999999747378752e-06,9.999999747378752e-06,3.2325641541319783e-07,,,,,,,,,,,,,,,,,,,,,,,,,,,,,,,,,,,,,,,,,,,,,
127,31599,,,,,,,,,,,,,9.999999747378752e-06,9.999999747378752e-06,3.2325641541319783e-07,,,,,,,,,,,,,,,,,,,,,,,,,,,,,,,,,,,,,,,,,,,,,
127,31615,,,,,,,,,,,,,,,,0.9043055772781372,0.371459424495697,0.3224045932292938,0.3961900472640991,0.4795103669166565,0.9186532497406006,0.9651975631713867,0.5973197221755981,0.47305142879486084,0.8494213819503784,0.463165819644928,0.9651068449020386,0.8312133550643921,1.0,0.9547233581542969,0.8468112945556641,0.8370780944824219,0.8790946006774902,0.905099630355835,0.36813533306121826,0.3249271810054779,0.39764076471328735,0.4776749908924103,0.9161206483840942,0.9651107788085938,0.5970986485481262,0.4710889458656311,0.8480084538459778,0.46394234895706177,0.96366947889328,0.8309075236320496,1.0,0.9556634426116943,0.8477333784103394,0.837326169013977,0.8754861950874329,0.7158910632133484,0.7590444087982178,0.8296390771865845,0.8754861950874329,0.7158910632133484,0.7590444087982178,0.8296390771865845,0.9318428635597229,0.849025547504425
127,31615,33.9516716003418,34.07515335083008,33.95812225341797,34.049720764160156,3.0888237745330116e-08,1.0394362211227417,0.006214621011167765,0.024687454104423523,0.13331134617328644,0.47481805086135864,0.030294088646769524,0.10810409486293793,,,,,,,,,,,,,,,,,,,,,,,,,,,,,,,,,,,,,,,,,,,,,,,,
128,31649,,,,,,,,,,,,,9.999999747378752e-06,9.999999747378752e-06,3.2325641541319783e-07,,,,,,,,,,,,,,,,,,,,,,,,,,,,,,,,,,,,,,,,,,,,,
128,31699,,,,,,,,,,,,,9.999999747378752e-06,9.999999747378752e-06,3.2325641541319783e-07,,,,,,,,,,,,,,,,,,,,,,,,,,,,,,,,,,,,,,,,,,,,,
128,31749,,,,,,,,,,,,,9.999999747378752e-06,9.999999747378752e-06,3.2325641541319783e-07,,,,,,,,,,,,,,,,,,,,,,,,,,,,,,,,,,,,,,,,,,,,,
128,31799,,,,,,,,,,,,,9.999999747378752e-06,9.999999747378752e-06,3.2325641541319783e-07,,,,,,,,,,,,,,,,,,,,,,,,,,,,,,,,,,,,,,,,,,,,,
128,31849,,,,,,,,,,,,,9.999999747378752e-06,9.999999747378752e-06,3.2325641541319783e-07,,,,,,,,,,,,,,,,,,,,,,,,,,,,,,,,,,,,,,,,,,,,,
128,31862,,,,,,,,,,,,,,,,0.9046082496643066,0.37043559551239014,0.3184059262275696,0.39623919129371643,0.473769873380661,0.9158917665481567,0.9648869037628174,0.597896158695221,0.47118186950683594,0.848866879940033,0.45630961656570435,0.9632596969604492,0.8305023908615112,1.0,0.9557015895843506,0.8475852012634277,0.8368300199508667,0.8780298829078674,0.9041168093681335,0.372735857963562,0.31188470125198364,0.3948376178741455,0.46986475586891174,0.9156628847122192,0.964663028717041,0.5986936688423157,0.4712747633457184,0.8497253060340881,0.4486769139766693,0.9628499746322632,0.8300973176956177,1.0,0.9557396769523621,0.8474370241165161,0.8363339304924011,0.873727023601532,0.7137996554374695,0.7550615668296814,0.8217198848724365,0.873727023601532,0.7137996554374695,0.7550615668296814,0.8217198848724365,0.9270996451377869,0.8494834303855896
128,31862,33.950782775878906,34.05288314819336,33.95432662963867,34.004554748535156,-3.0888236324244644e-07,1.0328048467636108,0.00616442458704114,0.024454548954963684,0.13287107646465302,0.471222460269928,0.030195891857147217,0.10761217772960663,,,,,,,,,,,,,,,,,,,,,,,,,,,,,,,,,,,,,,,,,,,,,,,,
129,31899,,,,,,,,,,,,,9.999999747378752e-06,9.999999747378752e-06,3.2325641541319783e-07,,,,,,,,,,,,,,,,,,,,,,,,,,,,,,,,,,,,,,,,,,,,,
129,31949,,,,,,,,,,,,,9.999999747378752e-06,9.999999747378752e-06,3.2325641541319783e-07,,,,,,,,,,,,,,,,,,,,,,,,,,,,,,,,,,,,,,,,,,,,,
129,31999,,,,,,,,,,,,,9.999999747378752e-06,9.999999747378752e-06,3.2325641541319783e-07,,,,,,,,,,,,,,,,,,,,,,,,,,,,,,,,,,,,,,,,,,,,,
129,32049,,,,,,,,,,,,,9.999999747378752e-06,9.999999747378752e-06,3.2325641541319783e-07,,,,,,,,,,,,,,,,,,,,,,,,,,,,,,,,,,,,,,,,,,,,,
129,32099,,,,,,,,,,,,,9.999999747378752e-06,9.999999747378752e-06,3.2325641541319783e-07,,,,,,,,,,,,,,,,,,,,,,,,,,,,,,,,,,,,,,,,,,,,,
129,32109,,,,,,,,,,,,,,,,0.9034667015075684,0.3662370443344116,0.3143343925476074,0.39530906081199646,0.46997910737991333,0.9167084097862244,0.964553952217102,0.5956413745880127,0.47004324197769165,0.8486105799674988,0.45056575536727905,0.9625256657600403,0.8299098014831543,1.0,0.9550665616989136,0.8474739789962769,0.8362241983413696,0.8779457807540894,0.9028165936470032,0.3597382605075836,0.3167840540409088,0.3957805037498474,0.47009342908859253,0.9177539348602295,0.9644448161125183,0.5925890803337097,0.46881169080734253,0.8474958539009094,0.4524546265602112,0.9622013568878174,0.8297222256660461,1.0,0.9543934464454651,0.8475109338760376,0.8361145257949829,0.8724728226661682,0.7128649950027466,0.7537035346031189,0.8241942524909973,0.8724728226661682,0.7128649950027466,0.7537035346031189,0.8241942524909973,0.9308872222900391,0.8478687405586243
129,32109,33.951541900634766,34.06654739379883,33.954959869384766,34.033653259277344,-6.486529855465051e-07,1.0234380960464478,0.006157554220408201,0.024397214874625206,0.1313941776752472,0.4672059714794159,0.029817424714565277,0.1062145009636879,,,,,,,,,,,,,,,,,,,,,,,,,,,,,,,,,,,,,,,,,,,,,,,,
130,32149,,,,,,,,,,,,,9.999999747378752e-06,9.999999747378752e-06,3.2325641541319783e-07,,,,,,,,,,,,,,,,,,,,,,,,,,,,,,,,,,,,,,,,,,,,,
130,32199,,,,,,,,,,,,,9.999999747378752e-06,9.999999747378752e-06,3.2325641541319783e-07,,,,,,,,,,,,,,,,,,,,,,,,,,,,,,,,,,,,,,,,,,,,,
130,32249,,,,,,,,,,,,,9.999999747378752e-06,9.999999747378752e-06,3.2325641541319783e-07,,,,,,,,,,,,,,,,,,,,,,,,,,,,,,,,,,,,,,,,,,,,,
130,32299,,,,,,,,,,,,,9.999999747378752e-06,9.999999747378752e-06,3.2325641541319783e-07,,,,,,,,,,,,,,,,,,,,,,,,,,,,,,,,,,,,,,,,,,,,,
130,32349,,,,,,,,,,,,,9.999999747378752e-06,9.999999747378752e-06,3.2325641541319783e-07,,,,,,,,,,,,,,,,,,,,,,,,,,,,,,,,,,,,,,,,,,,,,
130,32356,,,,,,,,,,,,,,,,0.9033483266830444,0.3663612902164459,0.3180658221244812,0.39720433950424194,0.46743717789649963,0.9156346321105957,0.9646152257919312,0.5912103056907654,0.4693118929862976,0.8471269607543945,0.4556557536125183,0.9619317054748535,0.8295743465423584,1.0,0.9539071321487427,0.8456098437309265,0.8360083103179932,0.878366231918335,0.9038800597190857,0.3729843199253082,0.3193475902080536,0.3986281752586365,0.46478092670440674,0.9135152697563171,0.9647855758666992,0.589831531047821,0.4698120951652527,0.8467580080032349,0.4588569104671478,0.9616621136665344,0.8294264078140259,1.0,0.953420877456665,0.8437087535858154,0.8359020352363586,0.8740547299385071,0.7133706212043762,0.7537555694580078,0.8242729306221008,0.8740547299385071,0.7133706212043762,0.7537555694580078,0.8242729306221008,0.9303019046783447,0.848334789276123
130,32356,33.952430725097656,34.055416107177734,33.95116424560547,34.01859664916992,-3.397705938823492e-07,1.0171453952789307,0.006098893005400896,0.024104556068778038,0.13111446797847748,0.4646426737308502,0.029606714844703674,0.1055787205696106,,,,,,,,,,,,,,,,,,,,,,,,,,,,,,,,,,,,,,,,,,,,,,,,
131,32399,,,,,,,,,,,,,9.999999747378752e-06,9.999999747378752e-06,3.2325641541319783e-07,,,,,,,,,,,,,,,,,,,,,,,,,,,,,,,,,,,,,,,,,,,,,
131,32449,,,,,,,,,,,,,9.999999747378752e-06,9.999999747378752e-06,3.2325641541319783e-07,,,,,,,,,,,,,,,,,,,,,,,,,,,,,,,,,,,,,,,,,,,,,
131,32499,,,,,,,,,,,,,9.999999747378752e-06,9.999999747378752e-06,3.2325641541319783e-07,,,,,,,,,,,,,,,,,,,,,,,,,,,,,,,,,,,,,,,,,,,,,
131,32549,,,,,,,,,,,,,9.999999747378752e-06,9.999999747378752e-06,3.2325641541319783e-07,,,,,,,,,,,,,,,,,,,,,,,,,,,,,,,,,,,,,,,,,,,,,
131,32599,,,,,,,,,,,,,9.999999747378752e-06,9.999999747378752e-06,3.2325641541319783e-07,,,,,,,,,,,,,,,,,,,,,,,,,,,,,,,,,,,,,,,,,,,,,
131,32603,,,,,,,,,,,,,,,,0.9038169384002686,0.368200421333313,0.32102906703948975,0.39773374795913696,0.461795449256897,0.9149912595748901,0.9644119739532471,0.5901734828948975,0.46977561712265015,0.8479601144790649,0.46255800127983093,0.961127519607544,0.8292156457901001,1.0,0.9530736207962036,0.845102071762085,0.8347665071487427,0.878233790397644,0.9037538766860962,0.36341649293899536,0.3227105736732483,0.39683929085731506,0.4588099420070648,0.9164671897888184,0.9640384316444397,0.5905153751373291,0.4697391390800476,0.8491622805595398,0.46625909209251404,0.9605929255485535,0.8290048241615295,1.0,0.9527263045310974,0.8464954495429993,0.8336310386657715,0.8736855387687683,0.7131860256195068,0.7571866512298584,0.8219943642616272,0.8736855387687683,0.7131860256195068,0.7571866512298584,0.8219943642616272,0.9323652386665344,0.8474038243293762
131,32603,33.952049255371094,34.023658752441406,33.95091247558594,34.034034729003906,-6.177647549066023e-08,1.0053883790969849,0.006054283119738102,0.023872679099440575,0.12949395179748535,0.4598338305950165,0.0291950311511755,0.10401789098978043,,,,,,,,,,,,,,,,,,,,,,,,,,,,,,,,,,,,,,,,,,,,,,,,
132,32649,,,,,,,,,,,,,9.999999747378752e-06,9.999999747378752e-06,3.2325641541319783e-07,,,,,,,,,,,,,,,,,,,,,,,,,,,,,,,,,,,,,,,,,,,,,
132,32699,,,,,,,,,,,,,9.999999747378752e-06,9.999999747378752e-06,3.2325641541319783e-07,,,,,,,,,,,,,,,,,,,,,,,,,,,,,,,,,,,,,,,,,,,,,
132,32749,,,,,,,,,,,,,9.999999747378752e-06,9.999999747378752e-06,3.2325641541319783e-07,,,,,,,,,,,,,,,,,,,,,,,,,,,,,,,,,,,,,,,,,,,,,
132,32799,,,,,,,,,,,,,9.999999747378752e-06,9.999999747378752e-06,3.2325641541319783e-07,,,,,,,,,,,,,,,,,,,,,,,,,,,,,,,,,,,,,,,,,,,,,
132,32849,,,,,,,,,,,,,9.999999747378752e-06,9.999999747378752e-06,3.2325641541319783e-07,,,,,,,,,,,,,,,,,,,,,,,,,,,,,,,,,,,,,,,,,,,,,
132,32850,,,,,,,,,,,,,,,,0.9025142192840576,0.3648393154144287,0.32509639859199524,0.3941883444786072,0.4728812873363495,0.9171973466873169,0.9640758633613586,0.5903033018112183,0.47115206718444824,0.8486630320549011,0.45593738555908203,0.9606518149375916,0.8291388750076294,1.0,0.9537830352783203,0.8467632532119751,0.8325138092041016,0.8798503875732422,0.9012745022773743,0.36626213788986206,0.3274822235107422,0.3915373980998993,0.48695263266563416,0.9179274439811707,0.9641132950782776,0.5900911688804626,0.47256502509117126,0.8481637835502625,0.44561567902565,0.9607107043266296,0.829272985458374,1.0,0.954839825630188,0.8470311164855957,0.8313965797424316,0.8756216764450073,0.7138374447822571,0.7558125257492065,0.8263218998908997,0.8756216764450073,0.7138374447822571,0.7558125257492065,0.8263218998908997,0.9349849820137024,0.8484777808189392
132,32850,33.95369338989258,34.05288314819336,33.953189849853516,34.03327560424805,-2.1621765711188345e-07,1.0005148649215698,0.005984740797430277,0.02359248697757721,0.1290837824344635,0.45896750688552856,0.029043762013316154,0.10324492305517197,,,,,,,,,,,,,,,,,,,,,,,,,,,,,,,,,,,,,,,,,,,,,,,,
133,32899,,,,,,,,,,,,,9.999999747378752e-06,9.999999747378752e-06,3.2325641541319783e-07,,,,,,,,,,,,,,,,,,,,,,,,,,,,,,,,,,,,,,,,,,,,,
133,32949,,,,,,,,,,,,,9.999999747378752e-06,9.999999747378752e-06,3.2325641541319783e-07,,,,,,,,,,,,,,,,,,,,,,,,,,,,,,,,,,,,,,,,,,,,,
133,32999,,,,,,,,,,,,,9.999999747378752e-06,9.999999747378752e-06,3.2325641541319783e-07,,,,,,,,,,,,,,,,,,,,,,,,,,,,,,,,,,,,,,,,,,,,,
133,33049,,,,,,,,,,,,,9.999999747378752e-06,9.999999747378752e-06,3.2325641541319783e-07,,,,,,,,,,,,,,,,,,,,,,,,,,,,,,,,,,,,,,,,,,,,,
133,33097,,,,,,,,,,,,,,,,0.90183424949646,0.368981271982193,0.32928407192230225,0.39261871576309204,0.47978341579437256,0.9169158339500427,0.9634667634963989,0.5883524417877197,0.4767931401729584,0.8472824692726135,0.44706541299819946,0.9605883955955505,0.8287785053253174,1.0,0.9549316167831421,0.8448697328567505,0.8313714265823364,0.8789684772491455,0.9023939967155457,0.3717004060745239,0.3310859501361847,0.3937000036239624,0.4726141691207886,0.9159042239189148,0.9628201723098755,0.586613655090332,0.4810212552547455,0.8464011549949646,0.4485151171684265,0.9604660868644714,0.8282840847969055,1.0,0.9550234079360962,0.8427082896232605,0.8313462734222412,0.8745256066322327,0.7135646343231201,0.7584277987480164,0.8248092532157898,0.8745256066322327,0.7135646343231201,0.7584277987480164,0.8248092532157898,0.9321573972702026,0.8484731912612915
133,33097,33.949771881103516,34.067813873291016,33.954833984375,34.013790130615234,-4.0154708358386415e-07,0.9937318563461304,0.0059774345718324184,0.023545674979686737,0.12831293046474457,0.4546337127685547,0.028875669464468956,0.10270915925502777,,,,,,,,,,,,,,,,,,,,,,,,,,,,,,,,,,,,,,,,,,,,,,,,
134,33099,,,,,,,,,,,,,9.999999747378752e-06,9.999999747378752e-06,3.2325641541319783e-07,,,,,,,,,,,,,,,,,,,,,,,,,,,,,,,,,,,,,,,,,,,,,
134,33149,,,,,,,,,,,,,9.999999747378752e-06,9.999999747378752e-06,3.2325641541319783e-07,,,,,,,,,,,,,,,,,,,,,,,,,,,,,,,,,,,,,,,,,,,,,
134,33199,,,,,,,,,,,,,9.999999747378752e-06,9.999999747378752e-06,3.2325641541319783e-07,,,,,,,,,,,,,,,,,,,,,,,,,,,,,,,,,,,,,,,,,,,,,
134,33249,,,,,,,,,,,,,9.999999747378752e-06,9.999999747378752e-06,3.2325641541319783e-07,,,,,,,,,,,,,,,,,,,,,,,,,,,,,,,,,,,,,,,,,,,,,
134,33299,,,,,,,,,,,,,9.999999747378752e-06,9.999999747378752e-06,3.2325641541319783e-07,,,,,,,,,,,,,,,,,,,,,,,,,,,,,,,,,,,,,,,,,,,,,
134,33344,,,,,,,,,,,,,,,,0.9017237424850464,0.3712582588195801,0.32834959030151367,0.3958393931388855,0.4646642208099365,0.9160424470901489,0.9632346630096436,0.5849184989929199,0.48101910948753357,0.8442323207855225,0.45239022374153137,0.9604403972625732,0.8280051946640015,1.0,0.9545164704322815,0.8423168659210205,0.8311536312103271,0.8795491456985474,0.9010535478591919,0.37081611156463623,0.32561320066452026,0.3979787528514862,0.45671430230140686,0.9161807298660278,0.9636491537094116,0.5832234025001526,0.48101696372032166,0.8420635461807251,0.45626533031463623,0.9604146480560303,0.8277263641357422,1.0,0.9540095329284668,0.8419253826141357,0.8309610486030579,0.8722023367881775,0.7123301029205322,0.7572420835494995,0.8249584436416626,0.8722023367881775,0.7123301029205322,0.7572420835494995,0.8249584436416626,0.9297651648521423,0.8501200675964355
134,33344,33.95116424560547,34.05807113647461,33.9552116394043,34.03896713256836,0.0,0.9916580319404602,0.005983787588775158,0.023448631167411804,0.12818478047847748,0.4547327756881714,0.02877938002347946,0.10200975090265274,,,,,,,,,,,,,,,,,,,,,,,,,,,,,,,,,,,,,,,,,,,,,,,,
135,33349,,,,,,,,,,,,,9.999999747378752e-06,9.999999747378752e-06,3.2325641541319783e-07,,,,,,,,,,,,,,,,,,,,,,,,,,,,,,,,,,,,,,,,,,,,,
135,33399,,,,,,,,,,,,,9.999999747378752e-06,9.999999747378752e-06,3.2325641541319783e-07,,,,,,,,,,,,,,,,,,,,,,,,,,,,,,,,,,,,,,,,,,,,,
135,33449,,,,,,,,,,,,,9.999999747378752e-06,9.999999747378752e-06,3.2325641541319783e-07,,,,,,,,,,,,,,,,,,,,,,,,,,,,,,,,,,,,,,,,,,,,,
135,33499,,,,,,,,,,,,,9.999999747378752e-06,9.999999747378752e-06,3.2325641541319783e-07,,,,,,,,,,,,,,,,,,,,,,,,,,,,,,,,,,,,,,,,,,,,,
135,33549,,,,,,,,,,,,,9.999999747378752e-06,9.999999747378752e-06,3.2325641541319783e-07,,,,,,,,,,,,,,,,,,,,,,,,,,,,,,,,,,,,,,,,,,,,,
135,33591,,,,,,,,,,,,,,,,0.901332676410675,0.36977577209472656,0.33052271604537964,0.39809998869895935,0.45273131132125854,0.9167214632034302,0.9635706543922424,0.5828595161437988,0.47209060192108154,0.8443903923034668,0.4548783302307129,0.9606159925460815,0.8277883529663086,1.0,0.9542485475540161,0.8435258865356445,0.8306576013565063,0.8791465759277344,0.9016118049621582,0.3687354326248169,0.3354322612285614,0.3982212245464325,0.44874832034111023,0.9172622561454773,0.9634921550750732,0.5824956893920898,0.46316424012184143,0.8467172980308533,0.45349130034446716,0.9608173370361328,0.8278502821922302,1.0,0.9544875621795654,0.8451263308525085,0.8303540945053101,0.8724673390388489,0.7116475105285645,0.7480306625366211,0.8256538510322571,0.8724673390388489,0.7116475105285645,0.7480306625366211,0.8256538510322571,0.935660183429718,0.8472285270690918
135,33591,33.95065689086914,34.04212951660156,33.95685577392578,34.024166107177734,-2.1621765711188345e-07,0.9848041534423828,0.005884740501642227,0.02318473346531391,0.1272897720336914,0.45245468616485596,0.02847602218389511,0.10138015449047089,,,,,,,,,,,,,,,,,,,,,,,,,,,,,,,,,,,,,,,,,,,,,,,,
136,33599,,,,,,,,,,,,,9.999999747378752e-06,9.999999747378752e-06,3.2325641541319783e-07,,,,,,,,,,,,,,,,,,,,,,,,,,,,,,,,,,,,,,,,,,,,,
136,33649,,,,,,,,,,,,,9.999999747378752e-06,9.999999747378752e-06,3.2325641541319783e-07,,,,,,,,,,,,,,,,,,,,,,,,,,,,,,,,,,,,,,,,,,,,,
136,33699,,,,,,,,,,,,,9.999999747378752e-06,9.999999747378752e-06,3.2325641541319783e-07,,,,,,,,,,,,,,,,,,,,,,,,,,,,,,,,,,,,,,,,,,,,,
136,33749,,,,,,,,,,,,,9.999999747378752e-06,9.999999747378752e-06,3.2325641541319783e-07,,,,,,,,,,,,,,,,,,,,,,,,,,,,,,,,,,,,,,,,,,,,,
136,33799,,,,,,,,,,,,,9.999999747378752e-06,9.999999747378752e-06,3.2325641541319783e-07,,,,,,,,,,,,,,,,,,,,,,,,,,,,,,,,,,,,,,,,,,,,,
136,33838,,,,,,,,,,,,,,,,0.9021002650260925,0.3682391047477722,0.33462846279144287,0.3971649408340454,0.451214075088501,0.9175913333892822,0.9641835689544678,0.5833624005317688,0.46645796298980713,0.8444043397903442,0.4417678415775299,0.9609552621841431,0.8277376890182495,1.0,0.9543365240097046,0.8443053960800171,0.8295013308525085,0.8782603740692139,0.9025887250900269,0.3677428066730499,0.33382469415664673,0.39610862731933594,0.4536798596382141,0.9179204702377319,0.9648750424385071,0.5842291116714478,0.46975165605545044,0.84209144115448,0.43004438281059265,0.9610931277275085,0.8276251554489136,1.0,0.954185426235199,0.8434844017028809,0.828648567199707,0.8718514442443848,0.7104642987251282,0.752836287021637,0.8198500275611877,0.8718514442443848,0.7104642987251282,0.752836287021637,0.8198500275611877,0.9314125776290894,0.8480972647666931
136,33838,33.95192337036133,34.08603286743164,33.95293426513672,34.03150177001953,-4.0154708358386415e-07,0.9825439453125,0.0059106010012328625,0.023301705718040466,0.1265704184770584,0.4515734016895294,0.028334759175777435,0.1008346825838089,,,,,,,,,,,,,,,,,,,,,,,,,,,,,,,,,,,,,,,,,,,,,,,,
137,33849,,,,,,,,,,,,,9.999999747378752e-06,9.999999747378752e-06,3.2325641541319783e-07,,,,,,,,,,,,,,,,,,,,,,,,,,,,,,,,,,,,,,,,,,,,,
137,33899,,,,,,,,,,,,,9.999999747378752e-06,9.999999747378752e-06,3.2325641541319783e-07,,,,,,,,,,,,,,,,,,,,,,,,,,,,,,,,,,,,,,,,,,,,,
137,33949,,,,,,,,,,,,,9.999999747378752e-06,9.999999747378752e-06,3.2325641541319783e-07,,,,,,,,,,,,,,,,,,,,,,,,,,,,,,,,,,,,,,,,,,,,,
137,33999,,,,,,,,,,,,,9.999999747378752e-06,9.999999747378752e-06,3.2325641541319783e-07,,,,,,,,,,,,,,,,,,,,,,,,,,,,,,,,,,,,,,,,,,,,,
137,34049,,,,,,,,,,,,,9.999999747378752e-06,9.999999747378752e-06,3.2325641541319783e-07,,,,,,,,,,,,,,,,,,,,,,,,,,,,,,,,,,,,,,,,,,,,,
137,34085,,,,,,,,,,,,,,,,0.9026633501052856,0.36827197670936584,0.33521074056625366,0.3961726129055023,0.4580085277557373,0.9185434579849243,0.9652633666992188,0.5862680673599243,0.4697510004043579,0.8429581522941589,0.43748724460601807,0.9605652093887329,0.8275480270385742,1.0,0.9540892839431763,0.8429044485092163,0.8281582593917847,0.8785282373428345,0.9027379155158997,0.36880114674568176,0.336596816778183,0.3962365984916687,0.4623372256755829,0.9191665053367615,0.9656516909599304,0.5883070826530457,0.469750314950943,0.8438248634338379,0.44493013620376587,0.9600372910499573,0.8274709582328796,1.0,0.9539931416511536,0.8423244953155518,0.8276679515838623,0.8726491928100586,0.712343156337738,0.7618739008903503,0.8254017233848572,0.8726491928100586,0.712343156337738,0.7618739008903503,0.8254017233848572,0.931275486946106,0.8482283353805542
137,34085,33.95255661010742,34.07388687133789,33.95369338989258,34.02315139770508,3.0888237745330116e-08,0.9783819317817688,0.005889911204576492,0.023203721269965172,0.12638886272907257,0.44871166348457336,0.028291042894124985,0.1006154865026474,,,,,,,,,,,,,,,,,,,,,,,,,,,,,,,,,,,,,,,,,,,,,,,,
138,34099,,,,,,,,,,,,,9.999999747378752e-06,9.999999747378752e-06,3.2325641541319783e-07,,,,,,,,,,,,,,,,,,,,,,,,,,,,,,,,,,,,,,,,,,,,,
138,34149,,,,,,,,,,,,,9.999999747378752e-06,9.999999747378752e-06,3.2325641541319783e-07,,,,,,,,,,,,,,,,,,,,,,,,,,,,,,,,,,,,,,,,,,,,,
138,34199,,,,,,,,,,,,,9.999999747378752e-06,9.999999747378752e-06,3.2325641541319783e-07,,,,,,,,,,,,,,,,,,,,,,,,,,,,,,,,,,,,,,,,,,,,,
138,34249,,,,,,,,,,,,,9.999999747378752e-06,9.999999747378752e-06,3.2325641541319783e-07,,,,,,,,,,,,,,,,,,,,,,,,,,,,,,,,,,,,,,,,,,,,,
138,34299,,,,,,,,,,,,,9.999999747378752e-06,9.999999747378752e-06,3.2325641541319783e-07,,,,,,,,,,,,,,,,,,,,,,,,,,,,,,,,,,,,,,,,,,,,,
138,34332,,,,,,,,,,,,,,,,0.902347207069397,0.36533838510513306,0.3382014334201813,0.3953205943107605,0.46400338411331177,0.9182989597320557,0.964976966381073,0.5849579572677612,0.4697592556476593,0.8439826965332031,0.4454634189605713,0.9596547484397888,0.8272611498832703,1.0,0.9544339179992676,0.8419562578201294,0.8278528451919556,0.8785563111305237,0.9019564986228943,0.36187559366226196,0.33980605006217957,0.3944045901298523,0.46566954255104065,0.9174314141273499,0.9643022418022156,0.5816088318824768,0.4697681963443756,0.8441404700279236,0.4459967315196991,0.9592722058296204,0.8270513415336609,1.0,0.9548746347427368,0.841588020324707,0.828037679195404,0.8716723918914795,0.7116343379020691,0.7598089575767517,0.8254303336143494,0.8716723918914795,0.7116343379020691,0.7598089575767517,0.8254303336143494,0.9291121959686279,0.8489887714385986
138,34332,33.95040512084961,34.067054748535156,33.94939422607422,34.055416107177734,-4.0154708358386415e-07,0.9723148941993713,0.0058310446329414845,0.023037144914269447,0.1255853772163391,0.4465779662132263,0.028052277863025665,0.09985293447971344,,,,,,,,,,,,,,,,,,,,,,,,,,,,,,,,,,,,,,,,,,,,,,,,
139,34349,,,,,,,,,,,,,9.999999747378752e-06,9.999999747378752e-06,3.2325641541319783e-07,,,,,,,,,,,,,,,,,,,,,,,,,,,,,,,,,,,,,,,,,,,,,
139,34399,,,,,,,,,,,,,9.999999747378752e-06,9.999999747378752e-06,3.2325641541319783e-07,,,,,,,,,,,,,,,,,,,,,,,,,,,,,,,,,,,,,,,,,,,,,
139,34449,,,,,,,,,,,,,9.999999747378752e-06,9.999999747378752e-06,3.2325641541319783e-07,,,,,,,,,,,,,,,,,,,,,,,,,,,,,,,,,,,,,,,,,,,,,
139,34499,,,,,,,,,,,,,9.999999747378752e-06,9.999999747378752e-06,3.2325641541319783e-07,,,,,,,,,,,,,,,,,,,,,,,,,,,,,,,,,,,,,,,,,,,,,
139,34549,,,,,,,,,,,,,9.999999747378752e-06,9.999999747378752e-06,3.2325641541319783e-07,,,,,,,,,,,,,,,,,,,,,,,,,,,,,,,,,,,,,,,,,,,,,
139,34579,,,,,,,,,,,,,,,,0.9026201963424683,0.3633441925048828,0.3406977951526642,0.3930146396160126,0.47019892930984497,0.9184901714324951,0.9645678400993347,0.5827473402023315,0.4654220938682556,0.8451669216156006,0.44133460521698,0.959522008895874,0.8266111016273499,1.0,0.9544974565505981,0.8400427103042603,0.8280933499336243,0.8783035278320312,0.903283953666687,0.36481282114982605,0.3415895402431488,0.39162468910217285,0.4747283160686493,0.9195488691329956,0.9648334383964539,0.583885908126831,0.46107596158981323,0.8461933135986328,0.43667247891426086,0.9597718119621277,0.8261708617210388,1.0,0.9541203379631042,0.8384974598884583,0.8281490206718445,0.8720214366912842,0.7114681601524353,0.7608422040939331,0.8258907198905945,0.8720214366912842,0.7114681601524353,0.7608422040939331,0.8258907198905945,0.9383841753005981,0.8452655673027039
139,34579,33.950531005859375,34.0732536315918,33.95002365112305,34.04238510131836,-3.0888237745330116e-08,0.9650646448135376,0.005819643847644329,0.02292032539844513,0.124903105199337,0.44311076402664185,0.027765031903982162,0.09891018271446228,,,,,,,,,,,,,,,,,,,,,,,,,,,,,,,,,,,,,,,,,,,,,,,,
140,34599,,,,,,,,,,,,,9.999999747378752e-06,9.999999747378752e-06,3.2325641541319783e-07,,,,,,,,,,,,,,,,,,,,,,,,,,,,,,,,,,,,,,,,,,,,,
140,34649,,,,,,,,,,,,,9.999999747378752e-06,9.999999747378752e-06,3.2325641541319783e-07,,,,,,,,,,,,,,,,,,,,,,,,,,,,,,,,,,,,,,,,,,,,,
140,34699,,,,,,,,,,,,,9.999999747378752e-06,9.999999747378752e-06,3.2325641541319783e-07,,,,,,,,,,,,,,,,,,,,,,,,,,,,,,,,,,,,,,,,,,,,,
140,34749,,,,,,,,,,,,,9.999999747378752e-06,9.999999747378752e-06,3.2325641541319783e-07,,,,,,,,,,,,,,,,,,,,,,,,,,,,,,,,,,,,,,,,,,,,,
140,34799,,,,,,,,,,,,,9.999999747378752e-06,9.999999747378752e-06,3.2325641541319783e-07,,,,,,,,,,,,,,,,,,,,,,,,,,,,,,,,,,,,,,,,,,,,,
140,34826,,,,,,,,,,,,,,,,0.9036617279052734,0.3710346817970276,0.3374401330947876,0.3921438753604889,0.4734734892845154,0.915425181388855,0.9647535085678101,0.583970308303833,0.4688216745853424,0.8450931310653687,0.4361189603805542,0.9600720405578613,0.8266317844390869,1.0,0.9544429779052734,0.8404741883277893,0.828336238861084,0.878305971622467,0.9040395021438599,0.3772565722465515,0.3332907259464264,0.39266306161880493,0.4722186326980591,0.9113015532493591,0.964673638343811,0.5840547680854797,0.4765673875808716,0.8439930081367493,0.43556541204452515,0.9603722095489502,0.8270927667617798,1.0,0.9547655582427979,0.8424509167671204,0.8285235166549683,0.8722997307777405,0.7122840881347656,0.7576135396957397,0.8234681487083435,0.8722997307777405,0.7122840881347656,0.7576135396957397,0.8234681487083435,0.9293763637542725,0.8488634824752808
140,34826,33.951290130615234,34.04731750488281,33.94989776611328,34.04415512084961,1.2355295098132046e-07,0.9642602801322937,0.005800202954560518,0.02288060076534748,0.12457773834466934,0.4437392055988312,0.027686504647135735,0.09858305007219315,,,,,,,,,,,,,,,,,,,,,,,,,,,,,,,,,,,,,,,,,,,,,,,,
141,34849,,,,,,,,,,,,,9.999999747378752e-06,9.999999747378752e-06,3.2325641541319783e-07,,,,,,,,,,,,,,,,,,,,,,,,,,,,,,,,,,,,,,,,,,,,,
141,34899,,,,,,,,,,,,,9.999999747378752e-06,9.999999747378752e-06,3.2325641541319783e-07,,,,,,,,,,,,,,,,,,,,,,,,,,,,,,,,,,,,,,,,,,,,,
141,34949,,,,,,,,,,,,,9.999999747378752e-06,9.999999747378752e-06,3.2325641541319783e-07,,,,,,,,,,,,,,,,,,,,,,,,,,,,,,,,,,,,,,,,,,,,,
141,34999,,,,,,,,,,,,,9.999999747378752e-06,9.999999747378752e-06,3.2325641541319783e-07,,,,,,,,,,,,,,,,,,,,,,,,,,,,,,,,,,,,,,,,,,,,,
141,35049,,,,,,,,,,,,,9.999999747378752e-06,9.999999747378752e-06,3.2325641541319783e-07,,,,,,,,,,,,,,,,,,,,,,,,,,,,,,,,,,,,,,,,,,,,,
141,35073,,,,,,,,,,,,,,,,0.9034730195999146,0.3766120672225952,0.33599844574928284,0.3945320248603821,0.4737517833709717,0.9131617546081543,0.9649043679237366,0.5851279497146606,0.4760909676551819,0.8434664011001587,0.4416981339454651,0.95963454246521,0.8268013000488281,1.0,0.9544750452041626,0.8434262275695801,0.828572690486908,0.8782461881637573,0.9029065370559692,0.37596753239631653,0.3387061655521393,0.39640098810195923,0.4752849340438843,0.9150220155715942,0.9651350975036621,0.5862011313438416,0.4756145775318146,0.8429397344589233,0.44783082604408264,0.9588969349861145,0.8265098333358765,1.0,0.9541844725608826,0.8444015383720398,0.8286218643188477,0.8734904527664185,0.7138014435768127,0.7591713666915894,0.8201369047164917,0.8734904527664185,0.7138014435768127,0.7591713666915894,0.8201369047164917,0.9293570518493652,0.848487138748169
141,35073,33.95192337036133,34.046810150146484,33.95116424560547,34.05035400390625,0.0002884652349166572,0.9617051482200623,0.005774725694209337,0.022787004709243774,0.1244797557592392,0.44175589084625244,0.02768910489976406,0.09864131361246109,,,,,,,,,,,,,,,,,,,,,,,,,,,,,,,,,,,,,,,,,,,,,,,,
142,35099,,,,,,,,,,,,,9.999999747378752e-06,9.999999747378752e-06,3.2325641541319783e-07,,,,,,,,,,,,,,,,,,,,,,,,,,,,,,,,,,,,,,,,,,,,,
142,35149,,,,,,,,,,,,,9.999999747378752e-06,9.999999747378752e-06,3.2325641541319783e-07,,,,,,,,,,,,,,,,,,,,,,,,,,,,,,,,,,,,,,,,,,,,,
142,35199,,,,,,,,,,,,,9.999999747378752e-06,9.999999747378752e-06,3.2325641541319783e-07,,,,,,,,,,,,,,,,,,,,,,,,,,,,,,,,,,,,,,,,,,,,,
142,35249,,,,,,,,,,,,,9.999999747378752e-06,9.999999747378752e-06,3.2325641541319783e-07,,,,,,,,,,,,,,,,,,,,,,,,,,,,,,,,,,,,,,,,,,,,,
142,35299,,,,,,,,,,,,,9.999999747378752e-06,9.999999747378752e-06,3.2325641541319783e-07,,,,,,,,,,,,,,,,,,,,,,,,,,,,,,,,,,,,,,,,,,,,,
142,35320,,,,,,,,,,,,,,,,0.9019776582717896,0.37145891785621643,0.3341772258281708,0.3935830593109131,0.47368067502975464,0.9144949913024902,0.9649271965026855,0.5871117115020752,0.4779934585094452,0.8428645133972168,0.4446038603782654,0.9583096504211426,0.8256478309631348,1.0,0.9545131325721741,0.8441672325134277,0.8279688358306885,0.8781359791755676,0.9010487198829651,0.36695030331611633,0.32964828610420227,0.39076516032218933,0.472076416015625,0.9139679074287415,0.964719295501709,0.5880222320556641,0.4803723394870758,0.842789351940155,0.4413769245147705,0.9577224254608154,0.8247857689857483,1.0,0.9548417925834656,0.8439329862594604,0.8273158669471741,0.8723670840263367,0.7117844820022583,0.7586318850517273,0.8215073347091675,0.8723670840263367,0.7117844820022583,0.7586318850517273,0.8215073347091675,0.9312413930892944,0.8484057188034058
142,35320,33.94939422607422,34.04592514038086,33.95179748535156,34.0559196472168,6.177647549066023e-08,0.9550078511238098,0.005740061402320862,0.022605711594223976,0.12349493056535721,0.43931761384010315,0.027470078319311142,0.09776301681995392,,,,,,,,,,,,,,,,,,,,,,,,,,,,,,,,,,,,,,,,,,,,,,,,
143,35349,,,,,,,,,,,,,9.999999747378752e-06,9.999999747378752e-06,3.2325641541319783e-07,,,,,,,,,,,,,,,,,,,,,,,,,,,,,,,,,,,,,,,,,,,,,
143,35399,,,,,,,,,,,,,9.999999747378752e-06,9.999999747378752e-06,3.2325641541319783e-07,,,,,,,,,,,,,,,,,,,,,,,,,,,,,,,,,,,,,,,,,,,,,
143,35449,,,,,,,,,,,,,9.999999747378752e-06,9.999999747378752e-06,3.2325641541319783e-07,,,,,,,,,,,,,,,,,,,,,,,,,,,,,,,,,,,,,,,,,,,,,
143,35499,,,,,,,,,,,,,9.999999747378752e-06,9.999999747378752e-06,3.2325641541319783e-07,,,,,,,,,,,,,,,,,,,,,,,,,,,,,,,,,,,,,,,,,,,,,
143,35549,,,,,,,,,,,,,9.999999747378752e-06,9.999999747378752e-06,3.2325641541319783e-07,,,,,,,,,,,,,,,,,,,,,,,,,,,,,,,,,,,,,,,,,,,,,
143,35567,,,,,,,,,,,,,,,,0.9011021852493286,0.36267220973968506,0.3265089988708496,0.39092132449150085,0.4758510887622833,0.9137248396873474,0.9644818902015686,0.5870717763900757,0.47647449374198914,0.8428004384040833,0.43927183747291565,0.9590916633605957,0.8243966698646545,1.0,0.9538124799728394,0.8417446613311768,0.8265082240104675,0.8763420581817627,0.9011556506156921,0.3583941161632538,0.32336974143981934,0.3910774886608124,0.47962576150894165,0.9134817719459534,0.9642444849014282,0.5861213803291321,0.47257664799690247,0.8428115248680115,0.4371667504310608,0.9604608416557312,0.8240075707435608,1.0,0.9527832269668579,0.8395563960075378,0.825700581073761,0.8715353608131409,0.7101490497589111,0.756487250328064,0.8225107789039612,0.8715353608131409,0.7101490497589111,0.756487250328064,0.8225107789039612,0.9334192276000977,0.8451753854751587
143,35567,33.951541900634766,34.04567337036133,33.95407485961914,34.03517150878906,-2.779941326025437e-07,0.9495077729225159,0.0057226321659982204,0.02249731309711933,0.12306025624275208,0.4365977942943573,0.027285292744636536,0.09708960354328156,,,,,,,,,,,,,,,,,,,,,,,,,,,,,,,,,,,,,,,,,,,,,,,,
144,35599,,,,,,,,,,,,,9.999999747378752e-06,9.999999747378752e-06,3.2325641541319783e-07,,,,,,,,,,,,,,,,,,,,,,,,,,,,,,,,,,,,,,,,,,,,,
144,35649,,,,,,,,,,,,,9.999999747378752e-06,9.999999747378752e-06,3.2325641541319783e-07,,,,,,,,,,,,,,,,,,,,,,,,,,,,,,,,,,,,,,,,,,,,,
144,35699,,,,,,,,,,,,,9.999999747378752e-06,9.999999747378752e-06,3.2325641541319783e-07,,,,,,,,,,,,,,,,,,,,,,,,,,,,,,,,,,,,,,,,,,,,,
144,35749,,,,,,,,,,,,,9.999999747378752e-06,9.999999747378752e-06,3.2325641541319783e-07,,,,,,,,,,,,,,,,,,,,,,,,,,,,,,,,,,,,,,,,,,,,,
144,35799,,,,,,,,,,,,,9.999999747378752e-06,9.999999747378752e-06,3.2325641541319783e-07,,,,,,,,,,,,,,,,,,,,,,,,,,,,,,,,,,,,,,,,,,,,,
144,35814,,,,,,,,,,,,,,,,0.9026346206665039,0.3581486642360687,0.3278437852859497,0.3928709030151367,0.475577175617218,0.9110292196273804,0.9641337394714355,0.5841635465621948,0.47255489230155945,0.8436603546142578,0.4396141767501831,0.9612529873847961,0.8241676092147827,1.0,0.9526783227920532,0.8408064842224121,0.8253982663154602,0.8784781098365784,0.9041136503219604,0.35790321230888367,0.3323178291320801,0.39466434717178345,0.4715286195278168,0.9085767269134521,0.9640229344367981,0.5822056531906128,0.47253313660621643,0.8445091843605042,0.4420616328716278,0.9620451331138611,0.8243275880813599,1.0,0.9525733590126038,0.8420565724372864,0.8250959515571594,0.8706246018409729,0.7106197476387024,0.7556307911872864,0.8204466700553894,0.8706246018409729,0.7106197476387024,0.7556307911872864,0.8204466700553894,0.9335044026374817,0.8483364582061768
144,35814,33.952301025390625,34.049468994140625,33.955718994140625,34.025177001953125,-2.1621765711188345e-07,0.9397183060646057,0.005666563753038645,0.022231822833418846,0.12194354832172394,0.43259739875793457,0.026949480175971985,0.09589335322380066,,,,,,,,,,,,,,,,,,,,,,,,,,,,,,,,,,,,,,,,,,,,,,,,
145,35849,,,,,,,,,,,,,9.999999747378752e-06,9.999999747378752e-06,3.2325641541319783e-07,,,,,,,,,,,,,,,,,,,,,,,,,,,,,,,,,,,,,,,,,,,,,
145,35899,,,,,,,,,,,,,9.999999747378752e-06,9.999999747378752e-06,3.2325641541319783e-07,,,,,,,,,,,,,,,,,,,,,,,,,,,,,,,,,,,,,,,,,,,,,
145,35949,,,,,,,,,,,,,9.999999747378752e-06,9.999999747378752e-06,3.2325641541319783e-07,,,,,,,,,,,,,,,,,,,,,,,,,,,,,,,,,,,,,,,,,,,,,
145,35999,,,,,,,,,,,,,9.999999747378752e-06,9.999999747378752e-06,3.2325641541319783e-07,,,,,,,,,,,,,,,,,,,,,,,,,,,,,,,,,,,,,,,,,,,,,
145,36049,,,,,,,,,,,,,9.999999747378752e-06,9.999999747378752e-06,3.2325641541319783e-07,,,,,,,,,,,,,,,,,,,,,,,,,,,,,,,,,,,,,,,,,,,,,
145,36061,,,,,,,,,,,,,,,,0.9041671752929688,0.3636767864227295,0.332722544670105,0.39328986406326294,0.47373396158218384,0.9108492732048035,0.9636256694793701,0.5819762945175171,0.46865060925483704,0.8440142869949341,0.43899112939834595,0.9624658226966858,0.8251172304153442,1.0,0.952650785446167,0.8419613838195801,0.8250342607498169,0.8779554963111877,0.9042206406593323,0.3694503605365753,0.3331272304058075,0.39191538095474243,0.4759393334388733,0.9131218194961548,0.9632283449172974,0.5817469358444214,0.46476808190345764,0.843519389629364,0.4359206259250641,0.9628865122795105,0.8259068131446838,1.0,0.9527281522750854,0.8418661952018738,0.8249725699424744,0.8729094862937927,0.7109010815620422,0.7577970623970032,0.8259150385856628,0.8729094862937927,0.7109010815620422,0.7577970623970032,0.8259150385856628,0.9339734315872192,0.8476572632789612
145,36061,33.953189849853516,34.06654739379883,33.951416015625,34.018978118896484,9.266471323599035e-08,0.9360195398330688,0.0056493147276341915,0.02220514975488186,0.12142523378133774,0.4308795630931854,0.026797084137797356,0.09542395919561386,,,,,,,,,,,,,,,,,,,,,,,,,,,,,,,,,,,,,,,,,,,,,,,,
146,36099,,,,,,,,,,,,,9.999999747378752e-06,9.999999747378752e-06,3.2325641541319783e-07,,,,,,,,,,,,,,,,,,,,,,,,,,,,,,,,,,,,,,,,,,,,,
146,36149,,,,,,,,,,,,,9.999999747378752e-06,9.999999747378752e-06,3.2325641541319783e-07,,,,,,,,,,,,,,,,,,,,,,,,,,,,,,,,,,,,,,,,,,,,,
146,36199,,,,,,,,,,,,,9.999999747378752e-06,9.999999747378752e-06,3.2325641541319783e-07,,,,,,,,,,,,,,,,,,,,,,,,,,,,,,,,,,,,,,,,,,,,,
146,36249,,,,,,,,,,,,,9.999999747378752e-06,9.999999747378752e-06,3.2325641541319783e-07,,,,,,,,,,,,,,,,,,,,,,,,,,,,,,,,,,,,,,,,,,,,,
146,36299,,,,,,,,,,,,,9.999999747378752e-06,9.999999747378752e-06,3.2325641541319783e-07,,,,,,,,,,,,,,,,,,,,,,,,,,,,,,,,,,,,,,,,,,,,,
146,36308,,,,,,,,,,,,,,,,0.9024192094802856,0.3641352653503418,0.3334755301475525,0.3915661871433258,0.4758819341659546,0.9129706621170044,0.9633903503417969,0.5832929611206055,0.46726468205451965,0.8429679870605469,0.43536069989204407,0.9616909027099609,0.8236963152885437,1.0,0.9524025917053223,0.8430551886558533,0.8248109817504883,0.8777932524681091,0.900617778301239,0.35882019996643066,0.3338238000869751,0.3912169933319092,0.4758245050907135,0.912819504737854,0.9635523557662964,0.5848389863967896,0.46976128220558167,0.8424165844917297,0.43480077385902405,0.9604953527450562,0.8214858174324036,1.0,0.9520770311355591,0.8442441821098328,0.8246493339538574,0.872562050819397,0.7100849747657776,0.754808783531189,0.8222057223320007,0.872562050819397,0.7100849747657776,0.754808783531189,0.8222057223320007,0.9370002746582031,0.8449971675872803
146,36308,33.95445251464844,34.05997085571289,33.95774459838867,34.036563873291016,-1.853294264719807e-07,0.9325318932533264,0.005640848074108362,0.02204711362719536,0.12121839076280594,0.4291052520275116,0.026798013597726822,0.0950862392783165,,,,,,,,,,,,,,,,,,,,,,,,,,,,,,,,,,,,,,,,,,,,,,,,
147,36349,,,,,,,,,,,,,9.999999747378752e-06,9.999999747378752e-06,3.2325641541319783e-07,,,,,,,,,,,,,,,,,,,,,,,,,,,,,,,,,,,,,,,,,,,,,
147,36399,,,,,,,,,,,,,9.999999747378752e-06,9.999999747378752e-06,3.2325641541319783e-07,,,,,,,,,,,,,,,,,,,,,,,,,,,,,,,,,,,,,,,,,,,,,
147,36449,,,,,,,,,,,,,9.999999747378752e-06,9.999999747378752e-06,3.2325641541319783e-07,,,,,,,,,,,,,,,,,,,,,,,,,,,,,,,,,,,,,,,,,,,,,
147,36499,,,,,,,,,,,,,9.999999747378752e-06,9.999999747378752e-06,3.2325641541319783e-07,,,,,,,,,,,,,,,,,,,,,,,,,,,,,,,,,,,,,,,,,,,,,
147,36549,,,,,,,,,,,,,9.999999747378752e-06,9.999999747378752e-06,3.2325641541319783e-07,,,,,,,,,,,,,,,,,,,,,,,,,,,,,,,,,,,,,,,,,,,,,
147,36555,,,,,,,,,,,,,,,,0.9007903933525085,0.35940590500831604,0.3316226601600647,0.39104706048965454,0.47406521439552307,0.9115385413169861,0.963302493095398,0.5828090906143188,0.47115981578826904,0.8430444002151489,0.4414196312427521,0.9608563184738159,0.8221586346626282,1.0,0.951465904712677,0.8433276414871216,0.8231526613235474,0.8781540989875793,0.9009630084037781,0.3599916100502014,0.3294215202331543,0.3908771574497223,0.47230592370033264,0.9102575778961182,0.9630526304244995,0.5807792544364929,0.4725583791732788,0.8436722159385681,0.4480384886264801,0.9612173438072205,0.8228314518928528,1.0,0.9508547782897949,0.8424110412597656,0.8216559290885925,0.8711907863616943,0.7100522518157959,0.7549540996551514,0.8196488618850708,0.8711907863616943,0.7100522518157959,0.7549540996551514,0.8196488618850708,0.9349562525749207,0.8467332720756531
147,36555,33.953819274902344,34.04212951660156,33.952049255371094,34.03845977783203,-1.853294264719807e-07,0.9254540205001831,0.0056031751446425915,0.021892137825489044,0.12043416500091553,0.4264592230319977,0.02651059441268444,0.0940314531326294,,,,,,,,,,,,,,,,,,,,,,,,,,,,,,,,,,,,,,,,,,,,,,,,
148,36599,,,,,,,,,,,,,9.999999747378752e-06,9.999999747378752e-06,3.2325641541319783e-07,,,,,,,,,,,,,,,,,,,,,,,,,,,,,,,,,,,,,,,,,,,,,
148,36649,,,,,,,,,,,,,9.999999747378752e-06,9.999999747378752e-06,3.2325641541319783e-07,,,,,,,,,,,,,,,,,,,,,,,,,,,,,,,,,,,,,,,,,,,,,
148,36699,,,,,,,,,,,,,9.999999747378752e-06,9.999999747378752e-06,3.2325641541319783e-07,,,,,,,,,,,,,,,,,,,,,,,,,,,,,,,,,,,,,,,,,,,,,
148,36749,,,,,,,,,,,,,9.999999747378752e-06,9.999999747378752e-06,3.2325641541319783e-07,,,,,,,,,,,,,,,,,,,,,,,,,,,,,,,,,,,,,,,,,,,,,
148,36799,,,,,,,,,,,,,9.999999747378752e-06,9.999999747378752e-06,3.2325641541319783e-07,,,,,,,,,,,,,,,,,,,,,,,,,,,,,,,,,,,,,,,,,,,,,
148,36802,,,,,,,,,,,,,,,,0.9009093046188354,0.3583682179450989,0.33342477679252625,0.39254671335220337,0.4679996073246002,0.9101831912994385,0.9631422758102417,0.5811536312103271,0.4706653654575348,0.8437888622283936,0.4377017617225647,0.9606842994689941,0.8230420351028442,1.0,0.9501715302467346,0.8423470258712769,0.8230897188186646,0.8778607249259949,0.900855541229248,0.35674482583999634,0.3374280333518982,0.39421623945236206,0.4636932909488678,0.9101088643074036,0.9632318615913391,0.5815280675888062,0.46877235174179077,0.8439054489135742,0.4273650050163269,0.9601512551307678,0.8232525587081909,1.0,0.9494882822036743,0.8422830104827881,0.8245235085487366,0.8712303638458252,0.7086793184280396,0.7509698271751404,0.819871187210083,0.8712303638458252,0.7086793184280396,0.7509698271751404,0.819871187210083,0.9337139129638672,0.8469703197479248
148,36802,33.95255661010742,34.056427001953125,33.953819274902344,34.08906936645508,-3.0888236324244644e-07,0.9204520583152771,0.005532472860068083,0.021768484264612198,0.11946757882833481,0.4253081679344177,0.02619873359799385,0.09338714182376862,,,,,,,,,,,,,,,,,,,,,,,,,,,,,,,,,,,,,,,,,,,,,,,,
149,36849,,,,,,,,,,,,,9.999999747378752e-06,9.999999747378752e-06,3.2325641541319783e-07,,,,,,,,,,,,,,,,,,,,,,,,,,,,,,,,,,,,,,,,,,,,,
149,36899,,,,,,,,,,,,,9.999999747378752e-06,9.999999747378752e-06,3.2325641541319783e-07,,,,,,,,,,,,,,,,,,,,,,,,,,,,,,,,,,,,,,,,,,,,,
149,36949,,,,,,,,,,,,,9.999999747378752e-06,9.999999747378752e-06,3.2325641541319783e-07,,,,,,,,,,,,,,,,,,,,,,,,,,,,,,,,,,,,,,,,,,,,,
149,36999,,,,,,,,,,,,,9.999999747378752e-06,9.999999747378752e-06,3.2325641541319783e-07,,,,,,,,,,,,,,,,,,,,,,,,,,,,,,,,,,,,,,,,,,,,,
149,37049,,,,,,,,,,,,,9.999999747378752e-06,9.999999747378752e-06,3.2325641541319783e-07,,,,,,,,,,,,,,,,,,,,,,,,,,,,,,,,,,,,,,,,,,,,,
149,37049,,,,,,,,,,,,,,,,0.9007949233055115,0.35702717304229736,0.33693262934684753,0.393451988697052,0.468237042427063,0.9101595282554626,0.9630790948867798,0.5815525650978088,0.463819682598114,0.8421388864517212,0.42361462116241455,0.9608030319213867,0.8237119913101196,1.0,0.9511206150054932,0.8447245359420776,0.8235575556755066,0.8776549696922302,0.9007343053817749,0.357309490442276,0.3364372253417969,0.39268776774406433,0.4727807939052582,0.9102101922035217,0.9629263877868652,0.5815770626068115,0.45886704325675964,0.8403723239898682,0.4198642671108246,0.9614548087120056,0.8241714239120483,1.0,0.9527530074119568,0.8471660614013672,0.8225916028022766,0.8710537552833557,0.7083472609519958,0.7488601207733154,0.8216022849082947,0.8710537552833557,0.7083472609519958,0.7488601207733154,0.8216022849082947,0.9329901933670044,0.846804678440094
149,37049,33.950782775878906,34.02973175048828,33.95091247558594,34.04959487915039,-6.177647549066023e-08,0.9214433431625366,0.005564067047089338,0.021865984424948692,0.1196775808930397,0.4246467053890228,0.026298921555280685,0.09368546307086945,,,,,,,,,,,,,,,,,,,,,,,,,,,,,,,,,,,,,,,,,,,,,,,,
