epoch,step,train/cardinality_error,train/cardinality_error_0,train/cardinality_error_1,train/cardinality_error_enc,train/class_error,train/loss,train/loss_bbox,train/loss_bbox_aux,train/loss_ce,train/loss_ce_aux,train/loss_giou,train/loss_giou_aux,train/lr,train/lr_max,train/lr_min,val/AP/glass insulator,val/AP/glass insulator big shackle,val/AP/glass insulator small shackle,val/AP/glass insulator tower shackle,val/AP/lightning rod shackle,val/AP/lightning rod suspension,val/AP/polymer insulator,val/AP/polymer insulator lower shackle,val/AP/polymer insulator tower shackle,val/AP/polymer insulator upper shackle,val/AP/spacer,val/AP/spiral damper,val/AP/stockbridge damper,val/AP/tower id plate,val/AP/vari-grip,val/AP/yoke,val/AP/yoke suspension,val/F1,val/ema_AP/glass insulator,val/ema_AP/glass insulator big shackle,val/ema_AP/glass insulator small shackle,val/ema_AP/glass insulator tower shackle,val/ema_AP/lightning rod shackle,val/ema_AP/lightning rod suspension,val/ema_AP/polymer insulator,val/ema_AP/polymer insulator lower shackle,val/ema_AP/polymer insulator tower shackle,val/ema_AP/polymer insulator upper shackle,val/ema_AP/spacer,val/ema_AP/spiral damper,val/ema_AP/stockbridge damper,val/ema_AP/tower id plate,val/ema_AP/vari-grip,val/ema_AP/yoke,val/ema_AP/yoke suspension,val/ema_mAP_50,val/ema_mAP_50_95,val/ema_mAP_75,val/ema_mAR,val/mAP_50,val/mAP_50_95,val/mAP_75,val/mAR,val/precision,val/recall
0,49,,,,,,,,,,,,,9.999999747378752e-05,9.999999747378752e-05,3.232564267818816e-06,,,,,,,,,,,,,,,,,,,,,,,,,,,,,,,,,,,,,,,,,,,,,
0,99,,,,,,,,,,,,,9.999999747378752e-05,9.999999747378752e-05,3.232564267818816e-06,,,,,,,,,,,,,,,,,,,,,,,,,,,,,,,,,,,,,,,,,,,,,
0,149,,,,,,,,,,,,,9.999999747378752e-05,9.999999747378752e-05,3.232564267818816e-06,,,,,,,,,,,,,,,,,,,,,,,,,,,,,,,,,,,,,,,,,,,,,
0,199,,,,,,,,,,,,,9.999999747378752e-05,9.999999747378752e-05,3.232564267818816e-06,,,,,,,,,,,,,,,,,,,,,,,,,,,,,,,,,,,,,,,,,,,,,
0,249,,,,,,,,,,,,,9.999999747378752e-05,9.999999747378752e-05,3.232564267818816e-06,,,,,,,,,,,,,,,,,,,,,,,,,,,,,,,,,,,,,,,,,,,,,
0,299,,,,,,,,,,,,,9.999999747378752e-05,9.999999747378752e-05,3.232564267818816e-06,,,,,,,,,,,,,,,,,,,,,,,,,,,,,,,,,,,,,,,,,,,,,
0,349,,,,,,,,,,,,,9.999999747378752e-05,9.999999747378752e-05,3.232564267818816e-06,,,,,,,,,,,,,,,,,,,,,,,,,,,,,,,,,,,,,,,,,,,,,
0,399,,,,,,,,,,,,,9.999999747378752e-05,9.999999747378752e-05,3.232564267818816e-06,,,,,,,,,,,,,,,,,,,,,,,,,,,,,,,,,,,,,,,,,,,,,
0,449,,,,,,,,,,,,,9.999999747378752e-05,9.999999747378752e-05,3.232564267818816e-06,,,,,,,,,,,,,,,,,,,,,,,,,,,,,,,,,,,,,,,,,,,,,
0,493,,,,,,,,,,,,,,,,0.8778193593025208,0.11052842438220978,0.06130704656243324,0.09151290357112885,0.36945343017578125,0.9047063589096069,0.9591882228851318,0.5567754507064819,0.0,0.8353595733642578,0.1510668843984604,0.9408792853355408,0.8578692078590393,0.9896673560142517,0.9550695419311523,0.8842180967330933,0.8397522568702698,0.6788466572761536,0.8778193593025208,0.11052842438220978,0.06130704656243324,0.09151290357112885,0.36945343017578125,0.9047063589096069,0.9591882228851318,0.5567754507064819,0.0,0.8353595733642578,0.1510668843984604,0.9408792853355408,0.8578692078590393,0.9896673560142517,0.9550695419311523,0.8842180967330933,0.8397522568702698,0.7173948287963867,0.6108925342559814,0.6451848149299622,0.7705637216567993,0.7173948287963867,0.6108925342559814,0.6451848149299622,0.7705637216567993,0.7561344504356384,0.6825796365737915
0,493,29.02024269104004,25.91143798828125,28.409032821655273,24.469255447387695,7.526151657104492,4.037039279937744,0.024181578308343887,0.10436482727527618,0.5133572816848755,1.907323956489563,0.1012251153588295,0.3855871856212616,,,,,,,,,,,,,,,,,,,,,,,,,,,,,,,,,,,,,,,,,,,,,,,,
1,499,,,,,,,,,,,,,9.999999747378752e-05,9.999999747378752e-05,3.232564267818816e-06,,,,,,,,,,,,,,,,,,,,,,,,,,,,,,,,,,,,,,,,,,,,,
1,549,,,,,,,,,,,,,9.999999747378752e-05,9.999999747378752e-05,3.232564267818816e-06,,,,,,,,,,,,,,,,,,,,,,,,,,,,,,,,,,,,,,,,,,,,,
1,599,,,,,,,,,,,,,9.999999747378752e-05,9.999999747378752e-05,3.232564267818816e-06,,,,,,,,,,,,,,,,,,,,,,,,,,,,,,,,,,,,,,,,,,,,,
1,649,,,,,,,,,,,,,9.999999747378752e-05,9.999999747378752e-05,3.232564267818816e-06,,,,,,,,,,,,,,,,,,,,,,,,,,,,,,,,,,,,,,,,,,,,,
1,699,,,,,,,,,,,,,9.999999747378752e-05,9.999999747378752e-05,3.232564267818816e-06,,,,,,,,,,,,,,,,,,,,,,,,,,,,,,,,,,,,,,,,,,,,,
1,749,,,,,,,,,,,,,9.999999747378752e-05,9.999999747378752e-05,3.232564267818816e-06,,,,,,,,,,,,,,,,,,,,,,,,,,,,,,,,,,,,,,,,,,,,,
1,799,,,,,,,,,,,,,9.999999747378752e-05,9.999999747378752e-05,3.232564267818816e-06,,,,,,,,,,,,,,,,,,,,,,,,,,,,,,,,,,,,,,,,,,,,,
1,849,,,,,,,,,,,,,9.999999747378752e-05,9.999999747378752e-05,3.232564267818816e-06,,,,,,,,,,,,,,,,,,,,,,,,,,,,,,,,,,,,,,,,,,,,,
1,899,,,,,,,,,,,,,9.999999747378752e-05,9.999999747378752e-05,3.232564267818816e-06,,,,,,,,,,,,,,,,,,,,,,,,,,,,,,,,,,,,,,,,,,,,,
1,949,,,,,,,,,,,,,9.999999747378752e-05,9.999999747378752e-05,3.232564267818816e-06,,,,,,,,,,,,,,,,,,,,,,,,,,,,,,,,,,,,,,,,,,,,,
1,987,,,,,,,,,,,,,,,,0.9007257223129272,0.12597137689590454,0.12317279726266861,0.13962699472904205,0.45047202706336975,0.9169045686721802,0.961961030960083,0.5712919235229492,0.004839615430682898,0.8410544395446777,0.17410694062709808,0.9443471431732178,0.8617609739303589,0.9908732771873474,0.9582231044769287,0.8901758193969727,0.8452709913253784,0.7427958250045776,0.9236321449279785,0.1414143443107605,0.18503855168819427,0.18774108588695526,0.5314906239509583,0.9291028380393982,0.964733898639679,0.5858084559440613,0.009679230861365795,0.8467492461204529,0.19714699685573578,0.9478150606155396,0.8656526803970337,0.9920791983604431,0.9613767266273499,0.896133542060852,0.8507896661758423,0.7661784887313843,0.6480225920677185,0.684820294380188,0.8438451886177063,0.7661784887313843,0.6480225920677185,0.684820294380188,0.8438451886177063,0.7655665278434753,0.7491071820259094
1,987,32.626136779785156,30.847166061401367,32.5274543762207,29.946863174438477,1.2656091451644897,3.258190870285034,0.019360732287168503,0.08963564783334732,0.3869677186012268,1.4763102531433105,0.08737289905548096,0.33759236335754395,,,,,,,,,,,,,,,,,,,,,,,,,,,,,,,,,,,,,,,,,,,,,,,,
2,999,,,,,,,,,,,,,9.999999747378752e-05,9.999999747378752e-05,3.232564267818816e-06,,,,,,,,,,,,,,,,,,,,,,,,,,,,,,,,,,,,,,,,,,,,,
2,1049,,,,,,,,,,,,,9.999999747378752e-05,9.999999747378752e-05,3.232564267818816e-06,,,,,,,,,,,,,,,,,,,,,,,,,,,,,,,,,,,,,,,,,,,,,
2,1099,,,,,,,,,,,,,9.999999747378752e-05,9.999999747378752e-05,3.232564267818816e-06,,,,,,,,,,,,,,,,,,,,,,,,,,,,,,,,,,,,,,,,,,,,,
2,1149,,,,,,,,,,,,,9.999999747378752e-05,9.999999747378752e-05,3.232564267818816e-06,,,,,,,,,,,,,,,,,,,,,,,,,,,,,,,,,,,,,,,,,,,,,
2,1199,,,,,,,,,,,,,9.999999747378752e-05,9.999999747378752e-05,3.232564267818816e-06,,,,,,,,,,,,,,,,,,,,,,,,,,,,,,,,,,,,,,,,,,,,,
2,1249,,,,,,,,,,,,,9.999999747378752e-05,9.999999747378752e-05,3.232564267818816e-06,,,,,,,,,,,,,,,,,,,,,,,,,,,,,,,,,,,,,,,,,,,,,
2,1299,,,,,,,,,,,,,9.999999747378752e-05,9.999999747378752e-05,3.232564267818816e-06,,,,,,,,,,,,,,,,,,,,,,,,,,,,,,,,,,,,,,,,,,,,,
2,1349,,,,,,,,,,,,,9.999999747378752e-05,9.999999747378752e-05,3.232564267818816e-06,,,,,,,,,,,,,,,,,,,,,,,,,,,,,,,,,,,,,,,,,,,,,
2,1399,,,,,,,,,,,,,9.999999747378752e-05,9.999999747378752e-05,3.232564267818816e-06,,,,,,,,,,,,,,,,,,,,,,,,,,,,,,,,,,,,,,,,,,,,,
2,1449,,,,,,,,,,,,,9.999999747378752e-05,9.999999747378752e-05,3.232564267818816e-06,,,,,,,,,,,,,,,,,,,,,,,,,,,,,,,,,,,,,,,,,,,,,
2,1481,,,,,,,,,,,,,,,,0.9260382652282715,0.1493956595659256,0.2164888083934784,0.26955318450927734,0.5348228216171265,0.928194522857666,0.9668499231338501,0.5935232043266296,0.03218374773859978,0.8520107269287109,0.2519323229789734,0.9503447413444519,0.8670660257339478,0.996039628982544,0.9630689024925232,0.8976730704307556,0.8528451919555664,0.7706038355827332,0.9284443855285645,0.1573769748210907,0.24793905019760132,0.35136526823043823,0.5381549596786499,0.9272862076759338,0.9689659476280212,0.601237952709198,0.054688263684511185,0.8572721481323242,0.3067176342010498,0.9528744220733643,0.8684793710708618,1.0,0.9647610783576965,0.8992125988006592,0.8549006581306458,0.8034403920173645,0.6752750873565674,0.7067590951919556,0.8519462943077087,0.8034403920173645,0.6752750873565674,0.7067590951919556,0.8519462943077087,0.7920799255371094,0.77583909034729
2,1481,32.91915512084961,31.946104049682617,32.81578826904297,31.08641242980957,0.5829665064811707,3.0288097858428955,0.01811319589614868,0.08314727991819382,0.35840365290641785,1.3605046272277832,0.08317655324935913,0.31862330436706543,,,,,,,,,,,,,,,,,,,,,,,,,,,,,,,,,,,,,,,,,,,,,,,,
3,1499,,,,,,,,,,,,,9.999999747378752e-05,9.999999747378752e-05,3.232564267818816e-06,,,,,,,,,,,,,,,,,,,,,,,,,,,,,,,,,,,,,,,,,,,,,
3,1549,,,,,,,,,,,,,9.999999747378752e-05,9.999999747378752e-05,3.232564267818816e-06,,,,,,,,,,,,,,,,,,,,,,,,,,,,,,,,,,,,,,,,,,,,,
3,1599,,,,,,,,,,,,,9.999999747378752e-05,9.999999747378752e-05,3.232564267818816e-06,,,,,,,,,,,,,,,,,,,,,,,,,,,,,,,,,,,,,,,,,,,,,
3,1649,,,,,,,,,,,,,9.999999747378752e-05,9.999999747378752e-05,3.232564267818816e-06,,,,,,,,,,,,,,,,,,,,,,,,,,,,,,,,,,,,,,,,,,,,,
3,1699,,,,,,,,,,,,,9.999999747378752e-05,9.999999747378752e-05,3.232564267818816e-06,,,,,,,,,,,,,,,,,,,,,,,,,,,,,,,,,,,,,,,,,,,,,
3,1749,,,,,,,,,,,,,9.999999747378752e-05,9.999999747378752e-05,3.232564267818816e-06,,,,,,,,,,,,,,,,,,,,,,,,,,,,,,,,,,,,,,,,,,,,,
3,1799,,,,,,,,,,,,,9.999999747378752e-05,9.999999747378752e-05,3.232564267818816e-06,,,,,,,,,,,,,,,,,,,,,,,,,,,,,,,,,,,,,,,,,,,,,
3,1849,,,,,,,,,,,,,9.999999747378752e-05,9.999999747378752e-05,3.232564267818816e-06,,,,,,,,,,,,,,,,,,,,,,,,,,,,,,,,,,,,,,,,,,,,,
3,1899,,,,,,,,,,,,,9.999999747378752e-05,9.999999747378752e-05,3.232564267818816e-06,,,,,,,,,,,,,,,,,,,,,,,,,,,,,,,,,,,,,,,,,,,,,
3,1949,,,,,,,,,,,,,9.999999747378752e-05,9.999999747378752e-05,3.232564267818816e-06,,,,,,,,,,,,,,,,,,,,,,,,,,,,,,,,,,,,,,,,,,,,,
3,1975,,,,,,,,,,,,,,,,0.9264423847198486,0.16788414120674133,0.26085713505744934,0.3748410940170288,0.571141242980957,0.930294930934906,0.9698972105979919,0.6063148975372314,0.16931959986686707,0.8626586198806763,0.2968086302280426,0.9558579921722412,0.8682519197463989,0.9984923601150513,0.9674863815307617,0.8997343182563782,0.8570102453231812,0.7885411381721497,0.924440324306488,0.17839132249355316,0.27377521991729736,0.3983169496059418,0.6041275262832642,0.9333036541938782,0.9708284735679626,0.6113919019699097,0.28395092487335205,0.8680450916290283,0.2868996262550354,0.9588415622711182,0.868024468421936,0.9969847202301025,0.9702117443084717,0.9002560377120972,0.8591198325157166,0.8499139547348022,0.6992299556732178,0.7317030429840088,0.8544118404388428,0.8499139547348022,0.6992299556732178,0.7317030429840088,0.8544118404388428,0.796442985534668,0.8238950967788696
3,1975,33.18952560424805,32.532135009765625,33.122596740722656,32.31970977783203,0.47517234086990356,2.8524892330169678,0.01710827834904194,0.07781943678855896,0.3438338339328766,1.2667279243469238,0.0800873339176178,0.3035568296909332,,,,,,,,,,,,,,,,,,,,,,,,,,,,,,,,,,,,,,,,,,,,,,,,
4,1999,,,,,,,,,,,,,9.999999747378752e-05,9.999999747378752e-05,3.232564267818816e-06,,,,,,,,,,,,,,,,,,,,,,,,,,,,,,,,,,,,,,,,,,,,,
4,2049,,,,,,,,,,,,,9.999999747378752e-05,9.999999747378752e-05,3.232564267818816e-06,,,,,,,,,,,,,,,,,,,,,,,,,,,,,,,,,,,,,,,,,,,,,
4,2099,,,,,,,,,,,,,9.999999747378752e-05,9.999999747378752e-05,3.232564267818816e-06,,,,,,,,,,,,,,,,,,,,,,,,,,,,,,,,,,,,,,,,,,,,,
4,2149,,,,,,,,,,,,,9.999999747378752e-05,9.999999747378752e-05,3.232564267818816e-06,,,,,,,,,,,,,,,,,,,,,,,,,,,,,,,,,,,,,,,,,,,,,
4,2199,,,,,,,,,,,,,9.999999747378752e-05,9.999999747378752e-05,3.232564267818816e-06,,,,,,,,,,,,,,,,,,,,,,,,,,,,,,,,,,,,,,,,,,,,,
4,2249,,,,,,,,,,,,,9.999999747378752e-05,9.999999747378752e-05,3.232564267818816e-06,,,,,,,,,,,,,,,,,,,,,,,,,,,,,,,,,,,,,,,,,,,,,
4,2299,,,,,,,,,,,,,9.999999747378752e-05,9.999999747378752e-05,3.232564267818816e-06,,,,,,,,,,,,,,,,,,,,,,,,,,,,,,,,,,,,,,,,,,,,,
4,2349,,,,,,,,,,,,,9.999999747378752e-05,9.999999747378752e-05,3.232564267818816e-06,,,,,,,,,,,,,,,,,,,,,,,,,,,,,,,,,,,,,,,,,,,,,
4,2399,,,,,,,,,,,,,9.999999747378752e-05,9.999999747378752e-05,3.232564267818816e-06,,,,,,,,,,,,,,,,,,,,,,,,,,,,,,,,,,,,,,,,,,,,,
4,2449,,,,,,,,,,,,,9.999999747378752e-05,9.999999747378752e-05,3.232564267818816e-06,,,,,,,,,,,,,,,,,,,,,,,,,,,,,,,,,,,,,,,,,,,,,
4,2469,,,,,,,,,,,,,,,,0.9262163639068604,0.19514816999435425,0.2685486078262329,0.41526615619659424,0.6081053018569946,0.9287309050559998,0.9703542590141296,0.6207923889160156,0.3801688551902771,0.8649674654006958,0.3162528872489929,0.959269642829895,0.8692101240158081,0.996579647064209,0.9685611724853516,0.8973515033721924,0.8600638508796692,0.8590717315673828,0.9279923439025879,0.21190500259399414,0.26332199573516846,0.4322153925895691,0.6120830178260803,0.9241581559181213,0.9698800444602966,0.6301929354667664,0.47638678550720215,0.8618897795677185,0.34560614824295044,0.9596976637840271,0.8703957200050354,0.9961746335029602,0.9669106006622314,0.8944469690322876,0.8610078692436218,0.8813788294792175,0.7178979516029358,0.7506250143051147,0.8595410585403442,0.8813788294792175,0.7178979516029358,0.7506250143051147,0.8595410585403442,0.9021701812744141,0.8371465802192688
4,2469,33.353111267089844,32.7531623840332,33.24860763549805,32.57160949707031,0.25647595524787903,2.7817718982696533,0.01690584048628807,0.07778318226337433,0.33184945583343506,1.217976450920105,0.07879156619310379,0.30045875906944275,,,,,,,,,,,,,,,,,,,,,,,,,,,,,,,,,,,,,,,,,,,,,,,,
5,2499,,,,,,,,,,,,,9.999999747378752e-05,9.999999747378752e-05,3.232564267818816e-06,,,,,,,,,,,,,,,,,,,,,,,,,,,,,,,,,,,,,,,,,,,,,
5,2549,,,,,,,,,,,,,9.999999747378752e-05,9.999999747378752e-05,3.232564267818816e-06,,,,,,,,,,,,,,,,,,,,,,,,,,,,,,,,,,,,,,,,,,,,,
5,2599,,,,,,,,,,,,,9.999999747378752e-05,9.999999747378752e-05,3.232564267818816e-06,,,,,,,,,,,,,,,,,,,,,,,,,,,,,,,,,,,,,,,,,,,,,
5,2649,,,,,,,,,,,,,9.999999747378752e-05,9.999999747378752e-05,3.232564267818816e-06,,,,,,,,,,,,,,,,,,,,,,,,,,,,,,,,,,,,,,,,,,,,,
5,2699,,,,,,,,,,,,,9.999999747378752e-05,9.999999747378752e-05,3.232564267818816e-06,,,,,,,,,,,,,,,,,,,,,,,,,,,,,,,,,,,,,,,,,,,,,
5,2749,,,,,,,,,,,,,9.999999747378752e-05,9.999999747378752e-05,3.232564267818816e-06,,,,,,,,,,,,,,,,,,,,,,,,,,,,,,,,,,,,,,,,,,,,,
5,2799,,,,,,,,,,,,,9.999999747378752e-05,9.999999747378752e-05,3.232564267818816e-06,,,,,,,,,,,,,,,,,,,,,,,,,,,,,,,,,,,,,,,,,,,,,
5,2849,,,,,,,,,,,,,9.999999747378752e-05,9.999999747378752e-05,3.232564267818816e-06,,,,,,,,,,,,,,,,,,,,,,,,,,,,,,,,,,,,,,,,,,,,,
5,2899,,,,,,,,,,,,,9.999999747378752e-05,9.999999747378752e-05,3.232564267818816e-06,,,,,,,,,,,,,,,,,,,,,,,,,,,,,,,,,,,,,,,,,,,,,
5,2949,,,,,,,,,,,,,9.999999747378752e-05,9.999999747378752e-05,3.232564267818816e-06,,,,,,,,,,,,,,,,,,,,,,,,,,,,,,,,,,,,,,,,,,,,,
5,2963,,,,,,,,,,,,,,,,0.9300206899642944,0.22464534640312195,0.2762596011161804,0.436975359916687,0.5968374013900757,0.93019700050354,0.9696633219718933,0.6356199383735657,0.47703689336776733,0.866202712059021,0.33787909150123596,0.9582778811454773,0.8707143068313599,0.9964265823364258,0.966147780418396,0.8965156078338623,0.8610936403274536,0.8538251519203186,0.9320490956306458,0.23738569021224976,0.28919723629951477,0.44173529744148254,0.5815918445587158,0.9362359046936035,0.96944659948349,0.641046941280365,0.4776870310306549,0.8705156445503235,0.3301520347595215,0.9568580985069275,0.8710328936576843,0.9966785907745361,0.9653849601745605,0.8985843062400818,0.8611794710159302,0.8825668096542358,0.720986008644104,0.7519229650497437,0.8608449101448059,0.8825668096542358,0.720986008644104,0.7519229650497437,0.8608449101448059,0.8934187293052673,0.8408635258674622
5,2963,33.439395904541016,32.71849822998047,33.374114990234375,32.46154022216797,0.15079879760742188,2.740011215209961,0.01629575528204441,0.07452864199876785,0.32784605026245117,1.2120531797409058,0.07718363404273987,0.29581165313720703,,,,,,,,,,,,,,,,,,,,,,,,,,,,,,,,,,,,,,,,,,,,,,,,
6,2999,,,,,,,,,,,,,9.999999747378752e-05,9.999999747378752e-05,3.232564267818816e-06,,,,,,,,,,,,,,,,,,,,,,,,,,,,,,,,,,,,,,,,,,,,,
6,3049,,,,,,,,,,,,,9.999999747378752e-05,9.999999747378752e-05,3.232564267818816e-06,,,,,,,,,,,,,,,,,,,,,,,,,,,,,,,,,,,,,,,,,,,,,
6,3099,,,,,,,,,,,,,9.999999747378752e-05,9.999999747378752e-05,3.232564267818816e-06,,,,,,,,,,,,,,,,,,,,,,,,,,,,,,,,,,,,,,,,,,,,,
6,3149,,,,,,,,,,,,,9.999999747378752e-05,9.999999747378752e-05,3.232564267818816e-06,,,,,,,,,,,,,,,,,,,,,,,,,,,,,,,,,,,,,,,,,,,,,
6,3199,,,,,,,,,,,,,9.999999747378752e-05,9.999999747378752e-05,3.232564267818816e-06,,,,,,,,,,,,,,,,,,,,,,,,,,,,,,,,,,,,,,,,,,,,,
6,3249,,,,,,,,,,,,,9.999999747378752e-05,9.999999747378752e-05,3.232564267818816e-06,,,,,,,,,,,,,,,,,,,,,,,,,,,,,,,,,,,,,,,,,,,,,
6,3299,,,,,,,,,,,,,9.999999747378752e-05,9.999999747378752e-05,3.232564267818816e-06,,,,,,,,,,,,,,,,,,,,,,,,,,,,,,,,,,,,,,,,,,,,,
6,3349,,,,,,,,,,,,,9.999999747378752e-05,9.999999747378752e-05,3.232564267818816e-06,,,,,,,,,,,,,,,,,,,,,,,,,,,,,,,,,,,,,,,,,,,,,
6,3399,,,,,,,,,,,,,9.999999747378752e-05,9.999999747378752e-05,3.232564267818816e-06,,,,,,,,,,,,,,,,,,,,,,,,,,,,,,,,,,,,,,,,,,,,,
6,3449,,,,,,,,,,,,,9.999999747378752e-05,9.999999747378752e-05,3.232564267818816e-06,,,,,,,,,,,,,,,,,,,,,,,,,,,,,,,,,,,,,,,,,,,,,
6,3457,,,,,,,,,,,,,,,,0.9331369400024414,0.276222288608551,0.3020474314689636,0.407867968082428,0.5571677684783936,0.9281074404716492,0.9686393737792969,0.6428095102310181,0.5127454996109009,0.8745802640914917,0.33488795161247253,0.9573822021484375,0.8733015060424805,0.9966338872909546,0.9635969996452332,0.8971303701400757,0.8617033958435059,0.8575727939605713,0.9342248439788818,0.3150588870048523,0.31489765644073486,0.3740006685256958,0.5327436923980713,0.9199789762496948,0.9678322076797485,0.6445720791816711,0.5478039383888245,0.8786448836326599,0.3396238684654236,0.9579063653945923,0.8755701184272766,0.9965892434120178,0.9618090391159058,0.8956764340400696,0.8622273802757263,0.8880375623703003,0.7246564626693726,0.7606154084205627,0.8592429757118225,0.8880375623703003,0.7246564626693726,0.7606154084205627,0.8592429757118225,0.8927381634712219,0.8437634706497192
6,3457,33.48241424560547,33.07591247558594,33.431175231933594,32.744686126708984,0.1623416244983673,2.66601300239563,0.01606697030365467,0.0726340115070343,0.31737953424453735,1.1774996519088745,0.07549544423818588,0.28831902146339417,,,,,,,,,,,,,,,,,,,,,,,,,,,,,,,,,,,,,,,,,,,,,,,,
7,3499,,,,,,,,,,,,,9.999999747378752e-05,9.999999747378752e-05,3.232564267818816e-06,,,,,,,,,,,,,,,,,,,,,,,,,,,,,,,,,,,,,,,,,,,,,
7,3549,,,,,,,,,,,,,9.999999747378752e-05,9.999999747378752e-05,3.232564267818816e-06,,,,,,,,,,,,,,,,,,,,,,,,,,,,,,,,,,,,,,,,,,,,,
7,3599,,,,,,,,,,,,,9.999999747378752e-05,9.999999747378752e-05,3.232564267818816e-06,,,,,,,,,,,,,,,,,,,,,,,,,,,,,,,,,,,,,,,,,,,,,
7,3649,,,,,,,,,,,,,9.999999747378752e-05,9.999999747378752e-05,3.232564267818816e-06,,,,,,,,,,,,,,,,,,,,,,,,,,,,,,,,,,,,,,,,,,,,,
7,3699,,,,,,,,,,,,,9.999999747378752e-05,9.999999747378752e-05,3.232564267818816e-06,,,,,,,,,,,,,,,,,,,,,,,,,,,,,,,,,,,,,,,,,,,,,
7,3749,,,,,,,,,,,,,9.999999747378752e-05,9.999999747378752e-05,3.232564267818816e-06,,,,,,,,,,,,,,,,,,,,,,,,,,,,,,,,,,,,,,,,,,,,,
7,3799,,,,,,,,,,,,,9.999999747378752e-05,9.999999747378752e-05,3.232564267818816e-06,,,,,,,,,,,,,,,,,,,,,,,,,,,,,,,,,,,,,,,,,,,,,
7,3849,,,,,,,,,,,,,9.999999747378752e-05,9.999999747378752e-05,3.232564267818816e-06,,,,,,,,,,,,,,,,,,,,,,,,,,,,,,,,,,,,,,,,,,,,,
7,3899,,,,,,,,,,,,,9.999999747378752e-05,9.999999747378752e-05,3.232564267818816e-06,,,,,,,,,,,,,,,,,,,,,,,,,,,,,,,,,,,,,,,,,,,,,
7,3949,,,,,,,,,,,,,9.999999747378752e-05,9.999999747378752e-05,3.232564267818816e-06,,,,,,,,,,,,,,,,,,,,,,,,,,,,,,,,,,,,,,,,,,,,,
7,3951,,,,,,,,,,,,,,,,0.9334477186203003,0.27721190452575684,0.35187047719955444,0.39444828033447266,0.5443693399429321,0.927498459815979,0.9681137204170227,0.6406542062759399,0.5206162929534912,0.8760234117507935,0.3297838568687439,0.9595640897750854,0.8730272054672241,0.9967644810676575,0.9667630195617676,0.896084725856781,0.8619341850280762,0.8554248809814453,0.9326705932617188,0.23936490714550018,0.3888433277606964,0.4148958921432495,0.5559950470924377,0.9350178837776184,0.9683952331542969,0.6367363333702087,0.49342864751815796,0.8734018802642822,0.3199438452720642,0.9612218737602234,0.8704843521118164,0.9969397187232971,0.9717170596122742,0.8964930176734924,0.8616410493850708,0.88799649477005,0.724540650844574,0.7454339265823364,0.8586413264274597,0.88799649477005,0.724540650844574,0.7454339265823364,0.8586413264274597,0.8729963898658752,0.8561497926712036
7,3951,33.49114227294922,33.099571228027344,33.42219161987305,32.85741424560547,0.11373064666986465,2.638533353805542,0.015750598162412643,0.07124428451061249,0.3161328136920929,1.1619348526000977,0.07531697303056717,0.28742846846580505,,,,,,,,,,,,,,,,,,,,,,,,,,,,,,,,,,,,,,,,,,,,,,,,
8,3999,,,,,,,,,,,,,9.999999747378752e-05,9.999999747378752e-05,3.232564267818816e-06,,,,,,,,,,,,,,,,,,,,,,,,,,,,,,,,,,,,,,,,,,,,,
8,4049,,,,,,,,,,,,,9.999999747378752e-05,9.999999747378752e-05,3.232564267818816e-06,,,,,,,,,,,,,,,,,,,,,,,,,,,,,,,,,,,,,,,,,,,,,
8,4099,,,,,,,,,,,,,9.999999747378752e-05,9.999999747378752e-05,3.232564267818816e-06,,,,,,,,,,,,,,,,,,,,,,,,,,,,,,,,,,,,,,,,,,,,,
8,4149,,,,,,,,,,,,,9.999999747378752e-05,9.999999747378752e-05,3.232564267818816e-06,,,,,,,,,,,,,,,,,,,,,,,,,,,,,,,,,,,,,,,,,,,,,
8,4199,,,,,,,,,,,,,9.999999747378752e-05,9.999999747378752e-05,3.232564267818816e-06,,,,,,,,,,,,,,,,,,,,,,,,,,,,,,,,,,,,,,,,,,,,,
8,4249,,,,,,,,,,,,,9.999999747378752e-05,9.999999747378752e-05,3.232564267818816e-06,,,,,,,,,,,,,,,,,,,,,,,,,,,,,,,,,,,,,,,,,,,,,
8,4299,,,,,,,,,,,,,9.999999747378752e-05,9.999999747378752e-05,3.232564267818816e-06,,,,,,,,,,,,,,,,,,,,,,,,,,,,,,,,,,,,,,,,,,,,,
8,4349,,,,,,,,,,,,,9.999999747378752e-05,9.999999747378752e-05,3.232564267818816e-06,,,,,,,,,,,,,,,,,,,,,,,,,,,,,,,,,,,,,,,,,,,,,
8,4399,,,,,,,,,,,,,9.999999747378752e-05,9.999999747378752e-05,3.232564267818816e-06,,,,,,,,,,,,,,,,,,,,,,,,,,,,,,,,,,,,,,,,,,,,,
8,4445,,,,,,,,,,,,,,,,0.9299303293228149,0.2753378748893738,0.386913537979126,0.43615031242370605,0.5932881832122803,0.9359492063522339,0.9680566787719727,0.6373082995414734,0.510776162147522,0.8729205131530762,0.3540118336677551,0.9584594964981079,0.8716733455657959,0.9969059228897095,0.9694366455078125,0.9009367823600769,0.8619928359985352,0.8695830702781677,0.9271900653839111,0.31131085753440857,0.38498377799987793,0.4574047327041626,0.6305813193321228,0.9368805885314941,0.9677180647850037,0.637880265712738,0.5281237363815308,0.8724390864372253,0.38807985186576843,0.9556971192359924,0.8728623390197754,0.9968721866607666,0.9671562910079956,0.9053805470466614,0.8623445630073547,0.9046685695648193,0.7413473725318909,0.7717059850692749,0.8607300519943237,0.9046685695648193,0.7413473725318909,0.7717059850692749,0.8607300519943237,0.9069305658340454,0.8520184755325317
8,4445,33.58198547363281,33.256324768066406,33.57312774658203,33.1315803527832,0.08836082369089127,2.5789809226989746,0.015641137957572937,0.07036937028169632,0.3088436424732208,1.128338098526001,0.07421956956386566,0.2816541790962219,,,,,,,,,,,,,,,,,,,,,,,,,,,,,,,,,,,,,,,,,,,,,,,,
9,4449,,,,,,,,,,,,,9.999999747378752e-05,9.999999747378752e-05,3.232564267818816e-06,,,,,,,,,,,,,,,,,,,,,,,,,,,,,,,,,,,,,,,,,,,,,
9,4499,,,,,,,,,,,,,9.999999747378752e-05,9.999999747378752e-05,3.232564267818816e-06,,,,,,,,,,,,,,,,,,,,,,,,,,,,,,,,,,,,,,,,,,,,,
9,4549,,,,,,,,,,,,,9.999999747378752e-05,9.999999747378752e-05,3.232564267818816e-06,,,,,,,,,,,,,,,,,,,,,,,,,,,,,,,,,,,,,,,,,,,,,
9,4599,,,,,,,,,,,,,9.999999747378752e-05,9.999999747378752e-05,3.232564267818816e-06,,,,,,,,,,,,,,,,,,,,,,,,,,,,,,,,,,,,,,,,,,,,,
9,4649,,,,,,,,,,,,,9.999999747378752e-05,9.999999747378752e-05,3.232564267818816e-06,,,,,,,,,,,,,,,,,,,,,,,,,,,,,,,,,,,,,,,,,,,,,
9,4699,,,,,,,,,,,,,9.999999747378752e-05,9.999999747378752e-05,3.232564267818816e-06,,,,,,,,,,,,,,,,,,,,,,,,,,,,,,,,,,,,,,,,,,,,,
9,4749,,,,,,,,,,,,,9.999999747378752e-05,9.999999747378752e-05,3.232564267818816e-06,,,,,,,,,,,,,,,,,,,,,,,,,,,,,,,,,,,,,,,,,,,,,
9,4799,,,,,,,,,,,,,9.999999747378752e-05,9.999999747378752e-05,3.232564267818816e-06,,,,,,,,,,,,,,,,,,,,,,,,,,,,,,,,,,,,,,,,,,,,,
9,4849,,,,,,,,,,,,,9.999999747378752e-05,9.999999747378752e-05,3.232564267818816e-06,,,,,,,,,,,,,,,,,,,,,,,,,,,,,,,,,,,,,,,,,,,,,
9,4899,,,,,,,,,,,,,9.999999747378752e-05,9.999999747378752e-05,3.232564267818816e-06,,,,,,,,,,,,,,,,,,,,,,,,,,,,,,,,,,,,,,,,,,,,,
9,4939,,,,,,,,,,,,,,,,0.931106686592102,0.32321858406066895,0.4031926691532135,0.46409645676612854,0.6484677791595459,0.9362465143203735,0.9668537378311157,0.6402878761291504,0.4949623644351959,0.8714073896408081,0.36238837242126465,0.9545574188232422,0.8733148574829102,0.9966471791267395,0.9674418568611145,0.8994691967964172,0.8637773990631104,0.8777940273284912,0.9350232481956482,0.3351263105869293,0.4214015603065491,0.4707881808280945,0.6663542985916138,0.9356124997138977,0.9659894108772278,0.6426955461502075,0.4618009924888611,0.8703756928443909,0.3366968631744385,0.9534177184104919,0.8737674355506897,0.9964221715927124,0.9677274227142334,0.8935578465461731,0.8652102947235107,0.9070839285850525,0.7407039403915405,0.7795994281768799,0.8663531541824341,0.9070839285850525,0.7407039403915405,0.7795994281768799,0.8663531541824341,0.913616955280304,0.864601194858551
9,4939,33.66940689086914,33.25594711303711,33.65447998046875,32.87360763549805,0.05806889757514,2.5759100914001465,0.015487965196371078,0.07121966779232025,0.3023306131362915,1.134116768836975,0.07316991686820984,0.2797912061214447,,,,,,,,,,,,,,,,,,,,,,,,,,,,,,,,,,,,,,,,,,,,,,,,
10,4949,,,,,,,,,,,,,9.999999747378752e-05,9.999999747378752e-05,3.232564267818816e-06,,,,,,,,,,,,,,,,,,,,,,,,,,,,,,,,,,,,,,,,,,,,,
10,4999,,,,,,,,,,,,,9.999999747378752e-05,9.999999747378752e-05,3.232564267818816e-06,,,,,,,,,,,,,,,,,,,,,,,,,,,,,,,,,,,,,,,,,,,,,
10,5049,,,,,,,,,,,,,9.999999747378752e-05,9.999999747378752e-05,3.232564267818816e-06,,,,,,,,,,,,,,,,,,,,,,,,,,,,,,,,,,,,,,,,,,,,,
10,5099,,,,,,,,,,,,,9.999999747378752e-05,9.999999747378752e-05,3.232564267818816e-06,,,,,,,,,,,,,,,,,,,,,,,,,,,,,,,,,,,,,,,,,,,,,
10,5149,,,,,,,,,,,,,9.999999747378752e-05,9.999999747378752e-05,3.232564267818816e-06,,,,,,,,,,,,,,,,,,,,,,,,,,,,,,,,,,,,,,,,,,,,,
10,5199,,,,,,,,,,,,,9.999999747378752e-05,9.999999747378752e-05,3.232564267818816e-06,,,,,,,,,,,,,,,,,,,,,,,,,,,,,,,,,,,,,,,,,,,,,
10,5249,,,,,,,,,,,,,9.999999747378752e-05,9.999999747378752e-05,3.232564267818816e-06,,,,,,,,,,,,,,,,,,,,,,,,,,,,,,,,,,,,,,,,,,,,,
10,5299,,,,,,,,,,,,,9.999999747378752e-05,9.999999747378752e-05,3.232564267818816e-06,,,,,,,,,,,,,,,,,,,,,,,,,,,,,,,,,,,,,,,,,,,,,
10,5349,,,,,,,,,,,,,9.999999747378752e-05,9.999999747378752e-05,3.232564267818816e-06,,,,,,,,,,,,,,,,,,,,,,,,,,,,,,,,,,,,,,,,,,,,,
10,5399,,,,,,,,,,,,,9.999999747378752e-05,9.999999747378752e-05,3.232564267818816e-06,,,,,,,,,,,,,,,,,,,,,,,,,,,,,,,,,,,,,,,,,,,,,
10,5433,,,,,,,,,,,,,,,,0.9352864027023315,0.3191967010498047,0.41011038422584534,0.47767174243927,0.6567423343658447,0.9328542947769165,0.9659150838851929,0.6393475532531738,0.4403507709503174,0.8737977743148804,0.3629521131515503,0.9556663036346436,0.8738777041435242,0.9964784383773804,0.9674630165100098,0.8968991041183472,0.8653755187988281,0.8795016407966614,0.9355496168136597,0.30326706171035767,0.3988192081451416,0.48455530405044556,0.6471303701400757,0.9300960302352905,0.965840756893158,0.6359995007514954,0.4189005196094513,0.8772198557853699,0.3892073333263397,0.9579148888587952,0.8739879727363586,0.9965346455574036,0.9671985507011414,0.9002403020858765,0.8655408024787903,0.9053566455841064,0.7381178140640259,0.7710440158843994,0.8602569699287415,0.9053566455841064,0.7381178140640259,0.7710440158843994,0.8602569699287415,0.9179104566574097,0.8607340455055237
10,5433,33.715965270996094,33.338436126708984,33.66788864135742,33.22267150878906,0.07848688960075378,2.5257632732391357,0.015016338787972927,0.0698285773396492,0.2951270639896393,1.1081775426864624,0.07208187133073807,0.27703508734703064,,,,,,,,,,,,,,,,,,,,,,,,,,,,,,,,,,,,,,,,,,,,,,,,
11,5449,,,,,,,,,,,,,9.999999747378752e-05,9.999999747378752e-05,3.232564267818816e-06,,,,,,,,,,,,,,,,,,,,,,,,,,,,,,,,,,,,,,,,,,,,,
11,5499,,,,,,,,,,,,,9.999999747378752e-05,9.999999747378752e-05,3.232564267818816e-06,,,,,,,,,,,,,,,,,,,,,,,,,,,,,,,,,,,,,,,,,,,,,
11,5549,,,,,,,,,,,,,9.999999747378752e-05,9.999999747378752e-05,3.232564267818816e-06,,,,,,,,,,,,,,,,,,,,,,,,,,,,,,,,,,,,,,,,,,,,,
11,5599,,,,,,,,,,,,,9.999999747378752e-05,9.999999747378752e-05,3.232564267818816e-06,,,,,,,,,,,,,,,,,,,,,,,,,,,,,,,,,,,,,,,,,,,,,
11,5649,,,,,,,,,,,,,9.999999747378752e-05,9.999999747378752e-05,3.232564267818816e-06,,,,,,,,,,,,,,,,,,,,,,,,,,,,,,,,,,,,,,,,,,,,,
11,5699,,,,,,,,,,,,,9.999999747378752e-05,9.999999747378752e-05,3.232564267818816e-06,,,,,,,,,,,,,,,,,,,,,,,,,,,,,,,,,,,,,,,,,,,,,
11,5749,,,,,,,,,,,,,9.999999747378752e-05,9.999999747378752e-05,3.232564267818816e-06,,,,,,,,,,,,,,,,,,,,,,,,,,,,,,,,,,,,,,,,,,,,,
11,5799,,,,,,,,,,,,,9.999999747378752e-05,9.999999747378752e-05,3.232564267818816e-06,,,,,,,,,,,,,,,,,,,,,,,,,,,,,,,,,,,,,,,,,,,,,
11,5849,,,,,,,,,,,,,9.999999747378752e-05,9.999999747378752e-05,3.232564267818816e-06,,,,,,,,,,,,,,,,,,,,,,,,,,,,,,,,,,,,,,,,,,,,,
11,5899,,,,,,,,,,,,,9.999999747378752e-05,9.999999747378752e-05,3.232564267818816e-06,,,,,,,,,,,,,,,,,,,,,,,,,,,,,,,,,,,,,,,,,,,,,
11,5927,,,,,,,,,,,,,,,,0.9347752332687378,0.34260624647140503,0.41376447677612305,0.47849106788635254,0.657837986946106,0.9330655336380005,0.9645942449569702,0.6419259905815125,0.41119688749313354,0.877006471157074,0.3992324769496918,0.9591989517211914,0.875119686126709,0.9966385960578918,0.9674251079559326,0.8959543704986572,0.8654879331588745,0.8718975782394409,0.9340009093284607,0.3819454610347748,0.4287097156047821,0.4724268615245819,0.668545663356781,0.9360350370407104,0.9633477926254272,0.6478524804115295,0.4034932851791382,0.8767930865287781,0.4092576205730438,0.9604830145835876,0.8762513399124146,0.9967425465583801,0.9676516652107239,0.8916684985160828,0.8654351234436035,0.9103550314903259,0.7459200024604797,0.781853973865509,0.8660678267478943,0.9103550314903259,0.7459200024604797,0.781853973865509,0.8660678267478943,0.8994334936141968,0.8654460310935974
11,5927,33.73140335083008,33.513282775878906,33.69546890258789,33.22798538208008,0.052721649408340454,2.463078260421753,0.014897179789841175,0.06748849153518677,0.2926788032054901,1.0735325813293457,0.07151425629854202,0.27095499634742737,,,,,,,,,,,,,,,,,,,,,,,,,,,,,,,,,,,,,,,,,,,,,,,,
12,5949,,,,,,,,,,,,,9.999999747378752e-05,9.999999747378752e-05,3.232564267818816e-06,,,,,,,,,,,,,,,,,,,,,,,,,,,,,,,,,,,,,,,,,,,,,
12,5999,,,,,,,,,,,,,9.999999747378752e-05,9.999999747378752e-05,3.232564267818816e-06,,,,,,,,,,,,,,,,,,,,,,,,,,,,,,,,,,,,,,,,,,,,,
12,6049,,,,,,,,,,,,,9.999999747378752e-05,9.999999747378752e-05,3.232564267818816e-06,,,,,,,,,,,,,,,,,,,,,,,,,,,,,,,,,,,,,,,,,,,,,
12,6099,,,,,,,,,,,,,9.999999747378752e-05,9.999999747378752e-05,3.232564267818816e-06,,,,,,,,,,,,,,,,,,,,,,,,,,,,,,,,,,,,,,,,,,,,,
12,6149,,,,,,,,,,,,,9.999999747378752e-05,9.999999747378752e-05,3.232564267818816e-06,,,,,,,,,,,,,,,,,,,,,,,,,,,,,,,,,,,,,,,,,,,,,
12,6199,,,,,,,,,,,,,9.999999747378752e-05,9.999999747378752e-05,3.232564267818816e-06,,,,,,,,,,,,,,,,,,,,,,,,,,,,,,,,,,,,,,,,,,,,,
12,6249,,,,,,,,,,,,,9.999999747378752e-05,9.999999747378752e-05,3.232564267818816e-06,,,,,,,,,,,,,,,,,,,,,,,,,,,,,,,,,,,,,,,,,,,,,
12,6299,,,,,,,,,,,,,9.999999747378752e-05,9.999999747378752e-05,3.232564267818816e-06,,,,,,,,,,,,,,,,,,,,,,,,,,,,,,,,,,,,,,,,,,,,,
12,6349,,,,,,,,,,,,,9.999999747378752e-05,9.999999747378752e-05,3.232564267818816e-06,,,,,,,,,,,,,,,,,,,,,,,,,,,,,,,,,,,,,,,,,,,,,
12,6399,,,,,,,,,,,,,9.999999747378752e-05,9.999999747378752e-05,3.232564267818816e-06,,,,,,,,,,,,,,,,,,,,,,,,,,,,,,,,,,,,,,,,,,,,,
12,6421,,,,,,,,,,,,,,,,0.9296693205833435,0.36102795600891113,0.4219186305999756,0.48777955770492554,0.65519118309021,0.9324387311935425,0.9631766080856323,0.639997124671936,0.4313334822654724,0.8751230239868164,0.3994530439376831,0.9588682651519775,0.8757483959197998,0.99607914686203,0.9676605463027954,0.8942803740501404,0.8653616309165955,0.8675937056541443,0.9253377318382263,0.3401104211807251,0.41512757539749146,0.5031322240829468,0.6418367028236389,0.9288424849510193,0.9630054831504822,0.6321417093276978,0.45917364954948425,0.8734530210494995,0.3896484971046448,0.9572534561157227,0.8752453923225403,0.9954157471656799,0.9676693677902222,0.896892249584198,0.8652881383895874,0.9024567008018494,0.7429161071777344,0.7700093388557434,0.8609574437141418,0.9024567008018494,0.7429161071777344,0.7700093388557434,0.8609574437141418,0.9235442876815796,0.8380141258239746
12,6421,33.77985763549805,33.444332122802734,33.73038864135742,33.40131759643555,0.049769043922424316,2.4228150844573975,0.014468700625002384,0.06552296876907349,0.28560590744018555,1.0640747547149658,0.07035532593727112,0.26623210310935974,,,,,,,,,,,,,,,,,,,,,,,,,,,,,,,,,,,,,,,,,,,,,,,,
13,6449,,,,,,,,,,,,,9.999999747378752e-05,9.999999747378752e-05,3.232564267818816e-06,,,,,,,,,,,,,,,,,,,,,,,,,,,,,,,,,,,,,,,,,,,,,
13,6499,,,,,,,,,,,,,9.999999747378752e-05,9.999999747378752e-05,3.232564267818816e-06,,,,,,,,,,,,,,,,,,,,,,,,,,,,,,,,,,,,,,,,,,,,,
13,6549,,,,,,,,,,,,,9.999999747378752e-05,9.999999747378752e-05,3.232564267818816e-06,,,,,,,,,,,,,,,,,,,,,,,,,,,,,,,,,,,,,,,,,,,,,
13,6599,,,,,,,,,,,,,9.999999747378752e-05,9.999999747378752e-05,3.232564267818816e-06,,,,,,,,,,,,,,,,,,,,,,,,,,,,,,,,,,,,,,,,,,,,,
13,6649,,,,,,,,,,,,,9.999999747378752e-05,9.999999747378752e-05,3.232564267818816e-06,,,,,,,,,,,,,,,,,,,,,,,,,,,,,,,,,,,,,,,,,,,,,
13,6699,,,,,,,,,,,,,9.999999747378752e-05,9.999999747378752e-05,3.232564267818816e-06,,,,,,,,,,,,,,,,,,,,,,,,,,,,,,,,,,,,,,,,,,,,,
13,6749,,,,,,,,,,,,,9.999999747378752e-05,9.999999747378752e-05,3.232564267818816e-06,,,,,,,,,,,,,,,,,,,,,,,,,,,,,,,,,,,,,,,,,,,,,
13,6799,,,,,,,,,,,,,9.999999747378752e-05,9.999999747378752e-05,3.232564267818816e-06,,,,,,,,,,,,,,,,,,,,,,,,,,,,,,,,,,,,,,,,,,,,,
13,6849,,,,,,,,,,,,,9.999999747378752e-05,9.999999747378752e-05,3.232564267818816e-06,,,,,,,,,,,,,,,,,,,,,,,,,,,,,,,,,,,,,,,,,,,,,
13,6899,,,,,,,,,,,,,9.999999747378752e-05,9.999999747378752e-05,3.232564267818816e-06,,,,,,,,,,,,,,,,,,,,,,,,,,,,,,,,,,,,,,,,,,,,,
13,6915,,,,,,,,,,,,,,,,0.931090235710144,0.36559051275253296,0.4161761999130249,0.4938068389892578,0.6453351974487305,0.9353624582290649,0.9641834497451782,0.6313346028327942,0.4705650806427002,0.8704098463058472,0.41740792989730835,0.9572676420211792,0.8757772445678711,0.9954126477241516,0.9682810306549072,0.8977024555206299,0.8648921251296997,0.8822016716003418,0.936842679977417,0.3910706043243408,0.41722485423088074,0.48448148369789124,0.6488336324691772,0.9418824911117554,0.965361475944519,0.6305274963378906,0.48195651173591614,0.8673667311668396,0.4451673626899719,0.9572818279266357,0.8763090372085571,0.9954095482826233,0.9688927531242371,0.8985126614570618,0.8644961714744568,0.9107147455215454,0.7512716054916382,0.7821844220161438,0.860848605632782,0.9107147455215454,0.7512716054916382,0.7821844220161438,0.860848605632782,0.8827967047691345,0.8889917731285095
13,6915,33.79997634887695,33.57388687133789,33.7742919921875,33.313385009765625,0.04999370872974396,2.419259548187256,0.014372781850397587,0.06663032621145248,0.2836818993091583,1.0584591627120972,0.0694427564740181,0.26660826802253723,,,,,,,,,,,,,,,,,,,,,,,,,,,,,,,,,,,,,,,,,,,,,,,,
14,6949,,,,,,,,,,,,,9.999999747378752e-05,9.999999747378752e-05,3.232564267818816e-06,,,,,,,,,,,,,,,,,,,,,,,,,,,,,,,,,,,,,,,,,,,,,
14,6999,,,,,,,,,,,,,9.999999747378752e-05,9.999999747378752e-05,3.232564267818816e-06,,,,,,,,,,,,,,,,,,,,,,,,,,,,,,,,,,,,,,,,,,,,,
14,7049,,,,,,,,,,,,,9.999999747378752e-05,9.999999747378752e-05,3.232564267818816e-06,,,,,,,,,,,,,,,,,,,,,,,,,,,,,,,,,,,,,,,,,,,,,
14,7099,,,,,,,,,,,,,9.999999747378752e-05,9.999999747378752e-05,3.232564267818816e-06,,,,,,,,,,,,,,,,,,,,,,,,,,,,,,,,,,,,,,,,,,,,,
14,7149,,,,,,,,,,,,,9.999999747378752e-05,9.999999747378752e-05,3.232564267818816e-06,,,,,,,,,,,,,,,,,,,,,,,,,,,,,,,,,,,,,,,,,,,,,
14,7199,,,,,,,,,,,,,9.999999747378752e-05,9.999999747378752e-05,3.232564267818816e-06,,,,,,,,,,,,,,,,,,,,,,,,,,,,,,,,,,,,,,,,,,,,,
14,7249,,,,,,,,,,,,,9.999999747378752e-05,9.999999747378752e-05,3.232564267818816e-06,,,,,,,,,,,,,,,,,,,,,,,,,,,,,,,,,,,,,,,,,,,,,
14,7299,,,,,,,,,,,,,9.999999747378752e-05,9.999999747378752e-05,3.232564267818816e-06,,,,,,,,,,,,,,,,,,,,,,,,,,,,,,,,,,,,,,,,,,,,,
14,7349,,,,,,,,,,,,,9.999999747378752e-05,9.999999747378752e-05,3.232564267818816e-06,,,,,,,,,,,,,,,,,,,,,,,,,,,,,,,,,,,,,,,,,,,,,
14,7399,,,,,,,,,,,,,9.999999747378752e-05,9.999999747378752e-05,3.232564267818816e-06,,,,,,,,,,,,,,,,,,,,,,,,,,,,,,,,,,,,,,,,,,,,,
14,7409,,,,,,,,,,,,,,,,0.9354914426803589,0.3767411708831787,0.38992762565612793,0.4781160056591034,0.6481051445007324,0.9349655508995056,0.9657962918281555,0.6392951011657715,0.5129709243774414,0.8700273036956787,0.43991541862487793,0.9583663940429688,0.8747782707214355,0.9957565665245056,0.9687250852584839,0.8972060084342957,0.8653020262718201,0.8778807520866394,0.9341402053833008,0.3624117076396942,0.3626303970813751,0.47175052762031555,0.6473766565322876,0.9280486106872559,0.966231107711792,0.6480627655982971,0.5439853668212891,0.8726878762245178,0.43466347455978394,0.959450900554657,0.8732474446296692,0.9961035847663879,0.9685574173927307,0.8958993554115295,0.8661078810691833,0.9012935161590576,0.7489032745361328,0.780602216720581,0.8585836887359619,0.9012935161590576,0.7489032745361328,0.780602216720581,0.8585836887359619,0.9118629097938538,0.861657977104187
14,7409,33.781375885009766,33.484310150146484,33.746585845947266,33.22520065307617,0.06387858837842941,2.386273145675659,0.01398199051618576,0.06458974629640579,0.2773011326789856,1.0536803007125854,0.0688745304942131,0.2623421847820282,,,,,,,,,,,,,,,,,,,,,,,,,,,,,,,,,,,,,,,,,,,,,,,,
15,7449,,,,,,,,,,,,,9.999999747378752e-05,9.999999747378752e-05,3.232564267818816e-06,,,,,,,,,,,,,,,,,,,,,,,,,,,,,,,,,,,,,,,,,,,,,
15,7499,,,,,,,,,,,,,9.999999747378752e-05,9.999999747378752e-05,3.232564267818816e-06,,,,,,,,,,,,,,,,,,,,,,,,,,,,,,,,,,,,,,,,,,,,,
15,7549,,,,,,,,,,,,,9.999999747378752e-05,9.999999747378752e-05,3.232564267818816e-06,,,,,,,,,,,,,,,,,,,,,,,,,,,,,,,,,,,,,,,,,,,,,
15,7599,,,,,,,,,,,,,9.999999747378752e-05,9.999999747378752e-05,3.232564267818816e-06,,,,,,,,,,,,,,,,,,,,,,,,,,,,,,,,,,,,,,,,,,,,,
15,7649,,,,,,,,,,,,,9.999999747378752e-05,9.999999747378752e-05,3.232564267818816e-06,,,,,,,,,,,,,,,,,,,,,,,,,,,,,,,,,,,,,,,,,,,,,
15,7699,,,,,,,,,,,,,9.999999747378752e-05,9.999999747378752e-05,3.232564267818816e-06,,,,,,,,,,,,,,,,,,,,,,,,,,,,,,,,,,,,,,,,,,,,,
15,7749,,,,,,,,,,,,,9.999999747378752e-05,9.999999747378752e-05,3.232564267818816e-06,,,,,,,,,,,,,,,,,,,,,,,,,,,,,,,,,,,,,,,,,,,,,
15,7799,,,,,,,,,,,,,9.999999747378752e-05,9.999999747378752e-05,3.232564267818816e-06,,,,,,,,,,,,,,,,,,,,,,,,,,,,,,,,,,,,,,,,,,,,,
15,7849,,,,,,,,,,,,,9.999999747378752e-05,9.999999747378752e-05,3.232564267818816e-06,,,,,,,,,,,,,,,,,,,,,,,,,,,,,,,,,,,,,,,,,,,,,
15,7899,,,,,,,,,,,,,9.999999747378752e-05,9.999999747378752e-05,3.232564267818816e-06,,,,,,,,,,,,,,,,,,,,,,,,,,,,,,,,,,,,,,,,,,,,,
15,7903,,,,,,,,,,,,,,,,0.9345000982284546,0.363936185836792,0.3566513657569885,0.48516809940338135,0.6335747241973877,0.9299315214157104,0.9656848907470703,0.6498548984527588,0.4950914978981018,0.8724977374076843,0.43803393840789795,0.9580845832824707,0.8734449148178101,0.9960378408432007,0.9685763716697693,0.895907998085022,0.8654582500457764,0.8724128603935242,0.9348600506782532,0.36546066403388977,0.35067233443260193,0.49858570098876953,0.6197727918624878,0.9318144917488098,0.9651386737823486,0.6516470909118652,0.44619759917259216,0.8723075985908508,0.44140443205833435,0.9567182064056396,0.8736424446105957,0.9959720969200134,0.9685953259468079,0.8959167003631592,0.8648086786270142,0.9014926552772522,0.7431479096412659,0.7739537954330444,0.8632491230964661,0.9014926552772522,0.7431479096412659,0.7739537954330444,0.8632491230964661,0.8955942988395691,0.8659467697143555
15,7903,33.90068435668945,33.620697021484375,33.917762756347656,33.44572448730469,0.035727325826883316,2.393296003341675,0.014324844814836979,0.0661623552441597,0.27662262320518494,1.0459685325622559,0.06904063373804092,0.2650938332080841,,,,,,,,,,,,,,,,,,,,,,,,,,,,,,,,,,,,,,,,,,,,,,,,
16,7949,,,,,,,,,,,,,9.999999747378752e-05,9.999999747378752e-05,3.232564267818816e-06,,,,,,,,,,,,,,,,,,,,,,,,,,,,,,,,,,,,,,,,,,,,,
16,7999,,,,,,,,,,,,,9.999999747378752e-05,9.999999747378752e-05,3.232564267818816e-06,,,,,,,,,,,,,,,,,,,,,,,,,,,,,,,,,,,,,,,,,,,,,
16,8049,,,,,,,,,,,,,9.999999747378752e-05,9.999999747378752e-05,3.232564267818816e-06,,,,,,,,,,,,,,,,,,,,,,,,,,,,,,,,,,,,,,,,,,,,,
16,8099,,,,,,,,,,,,,9.999999747378752e-05,9.999999747378752e-05,3.232564267818816e-06,,,,,,,,,,,,,,,,,,,,,,,,,,,,,,,,,,,,,,,,,,,,,
16,8149,,,,,,,,,,,,,9.999999747378752e-05,9.999999747378752e-05,3.232564267818816e-06,,,,,,,,,,,,,,,,,,,,,,,,,,,,,,,,,,,,,,,,,,,,,
16,8199,,,,,,,,,,,,,9.999999747378752e-05,9.999999747378752e-05,3.232564267818816e-06,,,,,,,,,,,,,,,,,,,,,,,,,,,,,,,,,,,,,,,,,,,,,
16,8249,,,,,,,,,,,,,9.999999747378752e-05,9.999999747378752e-05,3.232564267818816e-06,,,,,,,,,,,,,,,,,,,,,,,,,,,,,,,,,,,,,,,,,,,,,
16,8299,,,,,,,,,,,,,9.999999747378752e-05,9.999999747378752e-05,3.232564267818816e-06,,,,,,,,,,,,,,,,,,,,,,,,,,,,,,,,,,,,,,,,,,,,,
16,8349,,,,,,,,,,,,,9.999999747378752e-05,9.999999747378752e-05,3.232564267818816e-06,,,,,,,,,,,,,,,,,,,,,,,,,,,,,,,,,,,,,,,,,,,,,
16,8397,,,,,,,,,,,,,,,,0.9349954128265381,0.3649469017982483,0.3467629551887512,0.5076693892478943,0.6383204460144043,0.9345768690109253,0.9651718139648438,0.6523717641830444,0.4447964131832123,0.8769665956497192,0.4368494153022766,0.9604794979095459,0.8721598386764526,0.9962759017944336,0.9687050580978394,0.8959676027297974,0.8640931844711304,0.8808935880661011,0.935130774974823,0.3644331693649292,0.3428536057472229,0.516753077507019,0.6568681001663208,0.9373393058776855,0.9652050137519836,0.6530964970588684,0.4433952271938324,0.8816255331039429,0.4322943687438965,0.9642407894134521,0.8706772923469543,0.996579647064209,0.9688147902488708,0.8960184454917908,0.8633776903152466,0.908720076084137,0.7463943362236023,0.7742701172828674,0.8632118105888367,0.908720076084137,0.7463943362236023,0.7742701172828674,0.8632118105888367,0.910392701625824,0.871258020401001
16,8397,33.890560150146484,33.666751861572266,33.911563873291016,33.54731750488281,0.05775805190205574,2.344564199447632,0.014132440090179443,0.06429878622293472,0.27386805415153503,1.0220400094985962,0.06802510470151901,0.26022565364837646,,,,,,,,,,,,,,,,,,,,,,,,,,,,,,,,,,,,,,,,,,,,,,,,
17,8399,,,,,,,,,,,,,9.999999747378752e-05,9.999999747378752e-05,3.232564267818816e-06,,,,,,,,,,,,,,,,,,,,,,,,,,,,,,,,,,,,,,,,,,,,,
17,8449,,,,,,,,,,,,,9.999999747378752e-05,9.999999747378752e-05,3.232564267818816e-06,,,,,,,,,,,,,,,,,,,,,,,,,,,,,,,,,,,,,,,,,,,,,
17,8499,,,,,,,,,,,,,9.999999747378752e-05,9.999999747378752e-05,3.232564267818816e-06,,,,,,,,,,,,,,,,,,,,,,,,,,,,,,,,,,,,,,,,,,,,,
17,8549,,,,,,,,,,,,,9.999999747378752e-05,9.999999747378752e-05,3.232564267818816e-06,,,,,,,,,,,,,,,,,,,,,,,,,,,,,,,,,,,,,,,,,,,,,
17,8599,,,,,,,,,,,,,9.999999747378752e-05,9.999999747378752e-05,3.232564267818816e-06,,,,,,,,,,,,,,,,,,,,,,,,,,,,,,,,,,,,,,,,,,,,,
17,8649,,,,,,,,,,,,,9.999999747378752e-05,9.999999747378752e-05,3.232564267818816e-06,,,,,,,,,,,,,,,,,,,,,,,,,,,,,,,,,,,,,,,,,,,,,
17,8699,,,,,,,,,,,,,9.999999747378752e-05,9.999999747378752e-05,3.232564267818816e-06,,,,,,,,,,,,,,,,,,,,,,,,,,,,,,,,,,,,,,,,,,,,,
17,8749,,,,,,,,,,,,,9.999999747378752e-05,9.999999747378752e-05,3.232564267818816e-06,,,,,,,,,,,,,,,,,,,,,,,,,,,,,,,,,,,,,,,,,,,,,
17,8799,,,,,,,,,,,,,9.999999747378752e-05,9.999999747378752e-05,3.232564267818816e-06,,,,,,,,,,,,,,,,,,,,,,,,,,,,,,,,,,,,,,,,,,,,,
17,8849,,,,,,,,,,,,,9.999999747378752e-05,9.999999747378752e-05,3.232564267818816e-06,,,,,,,,,,,,,,,,,,,,,,,,,,,,,,,,,,,,,,,,,,,,,
17,8891,,,,,,,,,,,,,,,,0.9329984188079834,0.38568082451820374,0.3464835286140442,0.4978419542312622,0.6390906572341919,0.9344809055328369,0.965068519115448,0.6489193439483643,0.45773959159851074,0.8761816620826721,0.41590309143066406,0.9642533659934998,0.8719276189804077,0.9961971044540405,0.9680758118629456,0.8965282440185547,0.8652371764183044,0.8775246739387512,0.930866003036499,0.40692847967147827,0.3501134514808655,0.47893086075782776,0.6213132739067078,0.9316224455833435,0.9649320244789124,0.6447422504425049,0.4720839262008667,0.8707377910614014,0.39951181411743164,0.9642659425735474,0.8731778860092163,0.9958145618438721,0.9673368334770203,0.8970380425453186,0.8670966625213623,0.9076756238937378,0.7433242797851562,0.7716517448425293,0.8575739860534668,0.9076756238937378,0.7433242797851562,0.7716517448425293,0.8575739860534668,0.9052670001983643,0.8649312853813171
17,8891,33.91523361206055,33.72368240356445,33.88410949707031,33.63815689086914,0.030961936339735985,2.3143742084503174,0.013887511566281319,0.0637916699051857,0.2682693302631378,1.0092402696609497,0.06727897375822067,0.256955087184906,,,,,,,,,,,,,,,,,,,,,,,,,,,,,,,,,,,,,,,,,,,,,,,,
18,8899,,,,,,,,,,,,,9.999999747378752e-05,9.999999747378752e-05,3.232564267818816e-06,,,,,,,,,,,,,,,,,,,,,,,,,,,,,,,,,,,,,,,,,,,,,
18,8949,,,,,,,,,,,,,9.999999747378752e-05,9.999999747378752e-05,3.232564267818816e-06,,,,,,,,,,,,,,,,,,,,,,,,,,,,,,,,,,,,,,,,,,,,,
18,8999,,,,,,,,,,,,,9.999999747378752e-05,9.999999747378752e-05,3.232564267818816e-06,,,,,,,,,,,,,,,,,,,,,,,,,,,,,,,,,,,,,,,,,,,,,
18,9049,,,,,,,,,,,,,9.999999747378752e-05,9.999999747378752e-05,3.232564267818816e-06,,,,,,,,,,,,,,,,,,,,,,,,,,,,,,,,,,,,,,,,,,,,,
18,9099,,,,,,,,,,,,,9.999999747378752e-05,9.999999747378752e-05,3.232564267818816e-06,,,,,,,,,,,,,,,,,,,,,,,,,,,,,,,,,,,,,,,,,,,,,
18,9149,,,,,,,,,,,,,9.999999747378752e-05,9.999999747378752e-05,3.232564267818816e-06,,,,,,,,,,,,,,,,,,,,,,,,,,,,,,,,,,,,,,,,,,,,,
18,9199,,,,,,,,,,,,,9.999999747378752e-05,9.999999747378752e-05,3.232564267818816e-06,,,,,,,,,,,,,,,,,,,,,,,,,,,,,,,,,,,,,,,,,,,,,
18,9249,,,,,,,,,,,,,9.999999747378752e-05,9.999999747378752e-05,3.232564267818816e-06,,,,,,,,,,,,,,,,,,,,,,,,,,,,,,,,,,,,,,,,,,,,,
18,9299,,,,,,,,,,,,,9.999999747378752e-05,9.999999747378752e-05,3.232564267818816e-06,,,,,,,,,,,,,,,,,,,,,,,,,,,,,,,,,,,,,,,,,,,,,
18,9349,,,,,,,,,,,,,9.999999747378752e-05,9.999999747378752e-05,3.232564267818816e-06,,,,,,,,,,,,,,,,,,,,,,,,,,,,,,,,,,,,,,,,,,,,,
18,9385,,,,,,,,,,,,,,,,0.9328230619430542,0.40727585554122925,0.351677805185318,0.4935351610183716,0.6501258611679077,0.931577205657959,0.9647037386894226,0.647334098815918,0.4636087119579315,0.8742082715034485,0.39753586053848267,0.9627434015274048,0.8706966042518616,0.9962196350097656,0.9680715799331665,0.895209550857544,0.8668625354766846,0.8819681406021118,0.9347801804542542,0.40762320160865784,0.3532421588897705,0.508139431476593,0.6789384484291077,0.9315320253372192,0.9644754528999329,0.649925947189331,0.45513349771499634,0.8776787519454956,0.3955599367618561,0.9612208604812622,0.8682153224945068,0.9966246485710144,0.9688063859939575,0.8933811187744141,0.8666284680366516,0.9111710786819458,0.7477591633796692,0.7881798148155212,0.8586124777793884,0.9111710786819458,0.7477591633796692,0.7881798148155212,0.8586124777793884,0.8930500745773315,0.8791481852531433
18,9385,33.930416107177734,33.88385772705078,33.93497085571289,33.77302551269531,0.047558896243572235,2.275545835494995,0.013795661740005016,0.06282994896173477,0.2661876976490021,0.9867191910743713,0.0666135847568512,0.2531415820121765,,,,,,,,,,,,,,,,,,,,,,,,,,,,,,,,,,,,,,,,,,,,,,,,
19,9399,,,,,,,,,,,,,9.999999747378752e-05,9.999999747378752e-05,3.232564267818816e-06,,,,,,,,,,,,,,,,,,,,,,,,,,,,,,,,,,,,,,,,,,,,,
19,9449,,,,,,,,,,,,,9.999999747378752e-05,9.999999747378752e-05,3.232564267818816e-06,,,,,,,,,,,,,,,,,,,,,,,,,,,,,,,,,,,,,,,,,,,,,
19,9499,,,,,,,,,,,,,9.999999747378752e-05,9.999999747378752e-05,3.232564267818816e-06,,,,,,,,,,,,,,,,,,,,,,,,,,,,,,,,,,,,,,,,,,,,,
19,9549,,,,,,,,,,,,,9.999999747378752e-05,9.999999747378752e-05,3.232564267818816e-06,,,,,,,,,,,,,,,,,,,,,,,,,,,,,,,,,,,,,,,,,,,,,
19,9599,,,,,,,,,,,,,9.999999747378752e-05,9.999999747378752e-05,3.232564267818816e-06,,,,,,,,,,,,,,,,,,,,,,,,,,,,,,,,,,,,,,,,,,,,,
19,9649,,,,,,,,,,,,,9.999999747378752e-05,9.999999747378752e-05,3.232564267818816e-06,,,,,,,,,,,,,,,,,,,,,,,,,,,,,,,,,,,,,,,,,,,,,
19,9699,,,,,,,,,,,,,9.999999747378752e-05,9.999999747378752e-05,3.232564267818816e-06,,,,,,,,,,,,,,,,,,,,,,,,,,,,,,,,,,,,,,,,,,,,,
19,9749,,,,,,,,,,,,,9.999999747378752e-05,9.999999747378752e-05,3.232564267818816e-06,,,,,,,,,,,,,,,,,,,,,,,,,,,,,,,,,,,,,,,,,,,,,
19,9799,,,,,,,,,,,,,9.999999747378752e-05,9.999999747378752e-05,3.232564267818816e-06,,,,,,,,,,,,,,,,,,,,,,,,,,,,,,,,,,,,,,,,,,,,,
19,9849,,,,,,,,,,,,,9.999999747378752e-05,9.999999747378752e-05,3.232564267818816e-06,,,,,,,,,,,,,,,,,,,,,,,,,,,,,,,,,,,,,,,,,,,,,
19,9879,,,,,,,,,,,,,,,,0.9353771805763245,0.40716832876205444,0.32898446917533875,0.4854881167411804,0.6890310645103455,0.9263008832931519,0.9641438722610474,0.644068717956543,0.4606238603591919,0.8731212615966797,0.4189011752605438,0.9620097875595093,0.8682474493980408,0.9967398643493652,0.9656518697738647,0.8988189697265625,0.8660715818405151,0.873116672039032,0.9359741806983948,0.40671345591545105,0.304726779460907,0.46283677220344543,0.6991236805915833,0.9210697412490845,0.9638123512268066,0.6382114887237549,0.46611422300338745,0.868563711643219,0.44224241375923157,0.9627986550331116,0.8682795763015747,0.9968551397323608,0.962497353553772,0.9042568802833557,0.8655146956443787,0.902538537979126,0.7452700734138489,0.7755354642868042,0.8504745960235596,0.902538537979126,0.7452700734138489,0.7755354642868042,0.8504745960235596,0.9063141942024231,0.8615237474441528
19,9879,33.91763687133789,33.908653259277344,33.93421173095703,33.68674087524414,0.023250749334692955,2.2907297611236572,0.013615049421787262,0.06436192244291306,0.26260241866111755,0.9895827174186707,0.06662853062152863,0.25770124793052673,,,,,,,,,,,,,,,,,,,,,,,,,,,,,,,,,,,,,,,,,,,,,,,,
20,9899,,,,,,,,,,,,,9.999999747378752e-05,9.999999747378752e-05,3.232564267818816e-06,,,,,,,,,,,,,,,,,,,,,,,,,,,,,,,,,,,,,,,,,,,,,
20,9949,,,,,,,,,,,,,9.999999747378752e-05,9.999999747378752e-05,3.232564267818816e-06,,,,,,,,,,,,,,,,,,,,,,,,,,,,,,,,,,,,,,,,,,,,,
20,9999,,,,,,,,,,,,,9.999999747378752e-05,9.999999747378752e-05,3.232564267818816e-06,,,,,,,,,,,,,,,,,,,,,,,,,,,,,,,,,,,,,,,,,,,,,
20,10049,,,,,,,,,,,,,9.999999747378752e-05,9.999999747378752e-05,3.232564267818816e-06,,,,,,,,,,,,,,,,,,,,,,,,,,,,,,,,,,,,,,,,,,,,,
20,10099,,,,,,,,,,,,,9.999999747378752e-05,9.999999747378752e-05,3.232564267818816e-06,,,,,,,,,,,,,,,,,,,,,,,,,,,,,,,,,,,,,,,,,,,,,
20,10149,,,,,,,,,,,,,9.999999747378752e-05,9.999999747378752e-05,3.232564267818816e-06,,,,,,,,,,,,,,,,,,,,,,,,,,,,,,,,,,,,,,,,,,,,,
20,10199,,,,,,,,,,,,,9.999999747378752e-05,9.999999747378752e-05,3.232564267818816e-06,,,,,,,,,,,,,,,,,,,,,,,,,,,,,,,,,,,,,,,,,,,,,
20,10249,,,,,,,,,,,,,9.999999747378752e-05,9.999999747378752e-05,3.232564267818816e-06,,,,,,,,,,,,,,,,,,,,,,,,,,,,,,,,,,,,,,,,,,,,,
20,10299,,,,,,,,,,,,,9.999999747378752e-05,9.999999747378752e-05,3.232564267818816e-06,,,,,,,,,,,,,,,,,,,,,,,,,,,,,,,,,,,,,,,,,,,,,
20,10349,,,,,,,,,,,,,9.999999747378752e-05,9.999999747378752e-05,3.232564267818816e-06,,,,,,,,,,,,,,,,,,,,,,,,,,,,,,,,,,,,,,,,,,,,,
20,10373,,,,,,,,,,,,,,,,0.9337190985679626,0.41334015130996704,0.3152427077293396,0.4616709351539612,0.7079843282699585,0.9257416129112244,0.9642592668533325,0.6391783952713013,0.481683611869812,0.8693981170654297,0.4306647777557373,0.9643783569335938,0.868503749370575,0.9967988729476929,0.9624667763710022,0.9018904566764832,0.8648990392684937,0.8812406063079834,0.9314640164375305,0.41996684670448303,0.3257586359977722,0.46050509810447693,0.716844916343689,0.9304134845733643,0.9647061228752136,0.6401452422142029,0.4972530007362366,0.8702324628829956,0.41908711194992065,0.9659580588340759,0.8687279224395752,0.9967425465583801,0.9624361991882324,0.8995240330696106,0.8642833232879639,0.9060233235359192,0.7490617036819458,0.7857373356819153,0.8615150451660156,0.9060233235359192,0.7490617036819458,0.7857373356819153,0.8615150451660156,0.8787077069282532,0.8908635973930359
20,10373,33.972923278808594,33.841854095458984,33.98038864135742,33.66017150878906,0.014657070860266685,2.2762155532836914,0.013388738967478275,0.06316548585891724,0.2590007781982422,0.9929520487785339,0.06539912521839142,0.2553464472293854,,,,,,,,,,,,,,,,,,,,,,,,,,,,,,,,,,,,,,,,,,,,,,,,
21,10399,,,,,,,,,,,,,9.999999747378752e-05,9.999999747378752e-05,3.232564267818816e-06,,,,,,,,,,,,,,,,,,,,,,,,,,,,,,,,,,,,,,,,,,,,,
21,10449,,,,,,,,,,,,,9.999999747378752e-05,9.999999747378752e-05,3.232564267818816e-06,,,,,,,,,,,,,,,,,,,,,,,,,,,,,,,,,,,,,,,,,,,,,
21,10499,,,,,,,,,,,,,9.999999747378752e-05,9.999999747378752e-05,3.232564267818816e-06,,,,,,,,,,,,,,,,,,,,,,,,,,,,,,,,,,,,,,,,,,,,,
21,10549,,,,,,,,,,,,,9.999999747378752e-05,9.999999747378752e-05,3.232564267818816e-06,,,,,,,,,,,,,,,,,,,,,,,,,,,,,,,,,,,,,,,,,,,,,
21,10599,,,,,,,,,,,,,9.999999747378752e-05,9.999999747378752e-05,3.232564267818816e-06,,,,,,,,,,,,,,,,,,,,,,,,,,,,,,,,,,,,,,,,,,,,,
21,10649,,,,,,,,,,,,,9.999999747378752e-05,9.999999747378752e-05,3.232564267818816e-06,,,,,,,,,,,,,,,,,,,,,,,,,,,,,,,,,,,,,,,,,,,,,
21,10699,,,,,,,,,,,,,9.999999747378752e-05,9.999999747378752e-05,3.232564267818816e-06,,,,,,,,,,,,,,,,,,,,,,,,,,,,,,,,,,,,,,,,,,,,,
21,10749,,,,,,,,,,,,,9.999999747378752e-05,9.999999747378752e-05,3.232564267818816e-06,,,,,,,,,,,,,,,,,,,,,,,,,,,,,,,,,,,,,,,,,,,,,
21,10799,,,,,,,,,,,,,9.999999747378752e-05,9.999999747378752e-05,3.232564267818816e-06,,,,,,,,,,,,,,,,,,,,,,,,,,,,,,,,,,,,,,,,,,,,,
21,10849,,,,,,,,,,,,,9.999999747378752e-05,9.999999747378752e-05,3.232564267818816e-06,,,,,,,,,,,,,,,,,,,,,,,,,,,,,,,,,,,,,,,,,,,,,
21,10867,,,,,,,,,,,,,,,,0.9291909337043762,0.42303967475891113,0.3287237882614136,0.45966440439224243,0.6866471767425537,0.9329208135604858,0.963549792766571,0.6390966176986694,0.4864397346973419,0.8726069927215576,0.4039219617843628,0.9648700952529907,0.8674834966659546,0.9967623949050903,0.9657332897186279,0.900246262550354,0.8650619387626648,0.8800567984580994,0.9269178509712219,0.42611250281333923,0.33168891072273254,0.45882368087768555,0.6564494371414185,0.9354282021522522,0.9623934626579285,0.638047993183136,0.47562646865844727,0.8749815225601196,0.38875678181648254,0.9637820720672607,0.8662390112876892,0.9967821836471558,0.9690303206443787,0.9009684920310974,0.8658405542373657,0.9065157175064087,0.7434040904045105,0.7893145680427551,0.8566104769706726,0.9065157175064087,0.7434040904045105,0.7893145680427551,0.8566104769706726,0.8919186592102051,0.8773041367530823
21,10867,33.9655876159668,33.8503303527832,33.985069274902344,33.581729888916016,0.032165125012397766,2.225625514984131,0.013230989687144756,0.060102663934230804,0.2561924457550049,0.9769173860549927,0.06485989689826965,0.24806348979473114,,,,,,,,,,,,,,,,,,,,,,,,,,,,,,,,,,,,,,,,,,,,,,,,
22,10899,,,,,,,,,,,,,9.999999747378752e-05,9.999999747378752e-05,3.232564267818816e-06,,,,,,,,,,,,,,,,,,,,,,,,,,,,,,,,,,,,,,,,,,,,,
22,10949,,,,,,,,,,,,,9.999999747378752e-05,9.999999747378752e-05,3.232564267818816e-06,,,,,,,,,,,,,,,,,,,,,,,,,,,,,,,,,,,,,,,,,,,,,
22,10999,,,,,,,,,,,,,9.999999747378752e-05,9.999999747378752e-05,3.232564267818816e-06,,,,,,,,,,,,,,,,,,,,,,,,,,,,,,,,,,,,,,,,,,,,,
22,11049,,,,,,,,,,,,,9.999999747378752e-05,9.999999747378752e-05,3.232564267818816e-06,,,,,,,,,,,,,,,,,,,,,,,,,,,,,,,,,,,,,,,,,,,,,
22,11099,,,,,,,,,,,,,9.999999747378752e-05,9.999999747378752e-05,3.232564267818816e-06,,,,,,,,,,,,,,,,,,,,,,,,,,,,,,,,,,,,,,,,,,,,,
22,11149,,,,,,,,,,,,,9.999999747378752e-05,9.999999747378752e-05,3.232564267818816e-06,,,,,,,,,,,,,,,,,,,,,,,,,,,,,,,,,,,,,,,,,,,,,
22,11199,,,,,,,,,,,,,9.999999747378752e-05,9.999999747378752e-05,3.232564267818816e-06,,,,,,,,,,,,,,,,,,,,,,,,,,,,,,,,,,,,,,,,,,,,,
22,11249,,,,,,,,,,,,,9.999999747378752e-05,9.999999747378752e-05,3.232564267818816e-06,,,,,,,,,,,,,,,,,,,,,,,,,,,,,,,,,,,,,,,,,,,,,
22,11299,,,,,,,,,,,,,9.999999747378752e-05,9.999999747378752e-05,3.232564267818816e-06,,,,,,,,,,,,,,,,,,,,,,,,,,,,,,,,,,,,,,,,,,,,,
22,11349,,,,,,,,,,,,,9.999999747378752e-05,9.999999747378752e-05,3.232564267818816e-06,,,,,,,,,,,,,,,,,,,,,,,,,,,,,,,,,,,,,,,,,,,,,
22,11361,,,,,,,,,,,,,,,,0.929318368434906,0.43345433473587036,0.3294849395751953,0.47422683238983154,0.673275351524353,0.9349450469017029,0.963695228099823,0.639556884765625,0.44524067640304565,0.8742011785507202,0.42706626653671265,0.9612716436386108,0.8657835721969604,0.9966809153556824,0.9671186208724976,0.9002456665039062,0.8658127784729004,0.8863924145698547,0.9317188858985901,0.4407961368560791,0.32728099822998047,0.4896300137042999,0.6901012659072876,0.9344618916511536,0.9649969935417175,0.6410658359527588,0.41485488414764404,0.873420774936676,0.46537575125694275,0.9587612152099609,0.8653280735015869,0.996579647064209,0.9652069807052612,0.8995228409767151,0.8657849431037903,0.9118284583091736,0.7485227584838867,0.7912304401397705,0.85561203956604,0.9118284583091736,0.7485227584838867,0.7912304401397705,0.85561203956604,0.9413821697235107,0.8533798456192017
22,11361,33.902835845947266,33.71925735473633,33.92560577392578,33.65599822998047,0.030349483713507652,2.1791903972625732,0.01299714669585228,0.05889856070280075,0.2523055970668793,0.9532130360603333,0.06392963230609894,0.24316634237766266,,,,,,,,,,,,,,,,,,,,,,,,,,,,,,,,,,,,,,,,,,,,,,,,
23,11399,,,,,,,,,,,,,9.999999747378752e-05,9.999999747378752e-05,3.232564267818816e-06,,,,,,,,,,,,,,,,,,,,,,,,,,,,,,,,,,,,,,,,,,,,,
23,11449,,,,,,,,,,,,,9.999999747378752e-05,9.999999747378752e-05,3.232564267818816e-06,,,,,,,,,,,,,,,,,,,,,,,,,,,,,,,,,,,,,,,,,,,,,
23,11499,,,,,,,,,,,,,9.999999747378752e-05,9.999999747378752e-05,3.232564267818816e-06,,,,,,,,,,,,,,,,,,,,,,,,,,,,,,,,,,,,,,,,,,,,,
23,11549,,,,,,,,,,,,,9.999999747378752e-05,9.999999747378752e-05,3.232564267818816e-06,,,,,,,,,,,,,,,,,,,,,,,,,,,,,,,,,,,,,,,,,,,,,
23,11599,,,,,,,,,,,,,9.999999747378752e-05,9.999999747378752e-05,3.232564267818816e-06,,,,,,,,,,,,,,,,,,,,,,,,,,,,,,,,,,,,,,,,,,,,,
23,11649,,,,,,,,,,,,,9.999999747378752e-05,9.999999747378752e-05,3.232564267818816e-06,,,,,,,,,,,,,,,,,,,,,,,,,,,,,,,,,,,,,,,,,,,,,
23,11699,,,,,,,,,,,,,9.999999747378752e-05,9.999999747378752e-05,3.232564267818816e-06,,,,,,,,,,,,,,,,,,,,,,,,,,,,,,,,,,,,,,,,,,,,,
23,11749,,,,,,,,,,,,,9.999999747378752e-05,9.999999747378752e-05,3.232564267818816e-06,,,,,,,,,,,,,,,,,,,,,,,,,,,,,,,,,,,,,,,,,,,,,
23,11799,,,,,,,,,,,,,9.999999747378752e-05,9.999999747378752e-05,3.232564267818816e-06,,,,,,,,,,,,,,,,,,,,,,,,,,,,,,,,,,,,,,,,,,,,,
23,11849,,,,,,,,,,,,,9.999999747378752e-05,9.999999747378752e-05,3.232564267818816e-06,,,,,,,,,,,,,,,,,,,,,,,,,,,,,,,,,,,,,,,,,,,,,
23,11855,,,,,,,,,,,,,,,,0.934441328048706,0.4307247996330261,0.3662717342376709,0.5147494673728943,0.6699924468994141,0.9289802312850952,0.9650717973709106,0.6421481370925903,0.4067578911781311,0.8738757371902466,0.4797048568725586,0.9585014581680298,0.8680577278137207,0.9967679977416992,0.9669405221939087,0.9001214504241943,0.8660386800765991,0.8836631774902344,0.9371637105941772,0.42065346240997314,0.40526247024536133,0.539868950843811,0.6498836874961853,0.9234986305236816,0.9651466608047485,0.6432303786277771,0.3986608684062958,0.8743306994438171,0.49403393268585205,0.9582416415214539,0.8707873821258545,0.9969562888145447,0.9686740636825562,0.9007201194763184,0.8662923574447632,0.9146728515625,0.7537297010421753,0.7936218976974487,0.8607929944992065,0.9146728515625,0.7537297010421753,0.7936218976974487,0.8607929944992065,0.902786135673523,0.8727235198020935
23,11855,33.95609664916992,33.921810150146484,33.949771881103516,33.803897857666016,0.034129634499549866,2.216405153274536,0.013201924972236156,0.06165990233421326,0.25532591342926025,0.9638619422912598,0.06445984542369843,0.24699454009532928,,,,,,,,,,,,,,,,,,,,,,,,,,,,,,,,,,,,,,,,,,,,,,,,
24,11899,,,,,,,,,,,,,9.999999747378752e-05,9.999999747378752e-05,3.232564267818816e-06,,,,,,,,,,,,,,,,,,,,,,,,,,,,,,,,,,,,,,,,,,,,,
24,11949,,,,,,,,,,,,,9.999999747378752e-05,9.999999747378752e-05,3.232564267818816e-06,,,,,,,,,,,,,,,,,,,,,,,,,,,,,,,,,,,,,,,,,,,,,
24,11999,,,,,,,,,,,,,9.999999747378752e-05,9.999999747378752e-05,3.232564267818816e-06,,,,,,,,,,,,,,,,,,,,,,,,,,,,,,,,,,,,,,,,,,,,,
24,12049,,,,,,,,,,,,,9.999999747378752e-05,9.999999747378752e-05,3.232564267818816e-06,,,,,,,,,,,,,,,,,,,,,,,,,,,,,,,,,,,,,,,,,,,,,
24,12099,,,,,,,,,,,,,9.999999747378752e-05,9.999999747378752e-05,3.232564267818816e-06,,,,,,,,,,,,,,,,,,,,,,,,,,,,,,,,,,,,,,,,,,,,,
24,12149,,,,,,,,,,,,,9.999999747378752e-05,9.999999747378752e-05,3.232564267818816e-06,,,,,,,,,,,,,,,,,,,,,,,,,,,,,,,,,,,,,,,,,,,,,
24,12199,,,,,,,,,,,,,9.999999747378752e-05,9.999999747378752e-05,3.232564267818816e-06,,,,,,,,,,,,,,,,,,,,,,,,,,,,,,,,,,,,,,,,,,,,,
24,12249,,,,,,,,,,,,,9.999999747378752e-05,9.999999747378752e-05,3.232564267818816e-06,,,,,,,,,,,,,,,,,,,,,,,,,,,,,,,,,,,,,,,,,,,,,
24,12299,,,,,,,,,,,,,9.999999747378752e-05,9.999999747378752e-05,3.232564267818816e-06,,,,,,,,,,,,,,,,,,,,,,,,,,,,,,,,,,,,,,,,,,,,,
24,12349,,,,,,,,,,,,,9.999999747378752e-05,9.999999747378752e-05,3.232564267818816e-06,,,,,,,,,,,,,,,,,,,,,,,,,,,,,,,,,,,,,,,,,,,,,
24,12349,,,,,,,,,,,,,,,,0.9363259077072144,0.4001149833202362,0.38005247712135315,0.5120285749435425,0.6250432729721069,0.9330524206161499,0.9647135138511658,0.6449907422065735,0.4045253098011017,0.8719714879989624,0.4916641116142273,0.9600128531455994,0.8680166006088257,0.996340811252594,0.9689325094223022,0.9009900093078613,0.8648273944854736,0.8770343661308289,0.9354881048202515,0.37957650423049927,0.35484248399734497,0.4841882288455963,0.6002027988433838,0.9426062107086182,0.964280366897583,0.6467511057853699,0.4103897511959076,0.8696122765541077,0.48929426074028015,0.9617840647697449,0.8652458786964417,0.9957253336906433,0.9691908955574036,0.9012599587440491,0.8633624315261841,0.9035975337028503,0.7431647181510925,0.781066358089447,0.8614802956581116,0.9035975337028503,0.7431647181510925,0.781066358089447,0.8614802956581116,0.8551924228668213,0.9034690260887146
24,12349,33.92953109741211,34.02214050292969,33.976593017578125,33.774925231933594,0.022045211866497993,2.1757328510284424,0.013091565109789371,0.06041499599814415,0.2513967454433441,0.9429973363876343,0.06367151439189911,0.24323104321956635,,,,,,,,,,,,,,,,,,,,,,,,,,,,,,,,,,,,,,,,,,,,,,,,
25,12399,,,,,,,,,,,,,9.999999747378752e-05,9.999999747378752e-05,3.232564267818816e-06,,,,,,,,,,,,,,,,,,,,,,,,,,,,,,,,,,,,,,,,,,,,,
25,12449,,,,,,,,,,,,,9.999999747378752e-05,9.999999747378752e-05,3.232564267818816e-06,,,,,,,,,,,,,,,,,,,,,,,,,,,,,,,,,,,,,,,,,,,,,
25,12499,,,,,,,,,,,,,9.999999747378752e-05,9.999999747378752e-05,3.232564267818816e-06,,,,,,,,,,,,,,,,,,,,,,,,,,,,,,,,,,,,,,,,,,,,,
25,12549,,,,,,,,,,,,,9.999999747378752e-05,9.999999747378752e-05,3.232564267818816e-06,,,,,,,,,,,,,,,,,,,,,,,,,,,,,,,,,,,,,,,,,,,,,
25,12599,,,,,,,,,,,,,9.999999747378752e-05,9.999999747378752e-05,3.232564267818816e-06,,,,,,,,,,,,,,,,,,,,,,,,,,,,,,,,,,,,,,,,,,,,,
25,12649,,,,,,,,,,,,,9.999999747378752e-05,9.999999747378752e-05,3.232564267818816e-06,,,,,,,,,,,,,,,,,,,,,,,,,,,,,,,,,,,,,,,,,,,,,
25,12699,,,,,,,,,,,,,9.999999747378752e-05,9.999999747378752e-05,3.232564267818816e-06,,,,,,,,,,,,,,,,,,,,,,,,,,,,,,,,,,,,,,,,,,,,,
25,12749,,,,,,,,,,,,,9.999999747378752e-05,9.999999747378752e-05,3.232564267818816e-06,,,,,,,,,,,,,,,,,,,,,,,,,,,,,,,,,,,,,,,,,,,,,
25,12799,,,,,,,,,,,,,9.999999747378752e-05,9.999999747378752e-05,3.232564267818816e-06,,,,,,,,,,,,,,,,,,,,,,,,,,,,,,,,,,,,,,,,,,,,,
25,12843,,,,,,,,,,,,,,,,0.9354639053344727,0.3720818758010864,0.3710491359233856,0.49178701639175415,0.5924806594848633,0.9384039640426636,0.9647767543792725,0.6448545455932617,0.4087374806404114,0.8700475096702576,0.47201406955718994,0.9605785012245178,0.8681780099868774,0.9958752393722534,0.9642001986503601,0.9027653932571411,0.8632156252861023,0.884037971496582,0.9354397654533386,0.3645872175693512,0.38725578784942627,0.4993858337402344,0.5847585797309875,0.934201717376709,0.9652730822563171,0.6429580450057983,0.4070851802825928,0.8704827427864075,0.45473387837409973,0.9593729376792908,0.8711100816726685,0.9960250854492188,0.9592095017433167,0.9042708277702332,0.8630688190460205,0.9074530005455017,0.741130530834198,0.7723082900047302,0.8577467799186707,0.9074530005455017,0.741130530834198,0.7723082900047302,0.8577467799186707,0.9074572920799255,0.8756647109985352
25,12843,33.93825912475586,33.790992736816406,33.93357849121094,33.79187774658203,0.02259852923452854,2.1343472003936768,0.012873025611042976,0.057953979820013046,0.2484375536441803,0.9294554591178894,0.06315111368894577,0.2380083203315735,,,,,,,,,,,,,,,,,,,,,,,,,,,,,,,,,,,,,,,,,,,,,,,,
26,12849,,,,,,,,,,,,,9.999999747378752e-05,9.999999747378752e-05,3.232564267818816e-06,,,,,,,,,,,,,,,,,,,,,,,,,,,,,,,,,,,,,,,,,,,,,
26,12899,,,,,,,,,,,,,9.999999747378752e-05,9.999999747378752e-05,3.232564267818816e-06,,,,,,,,,,,,,,,,,,,,,,,,,,,,,,,,,,,,,,,,,,,,,
26,12949,,,,,,,,,,,,,9.999999747378752e-05,9.999999747378752e-05,3.232564267818816e-06,,,,,,,,,,,,,,,,,,,,,,,,,,,,,,,,,,,,,,,,,,,,,
26,12999,,,,,,,,,,,,,9.999999747378752e-05,9.999999747378752e-05,3.232564267818816e-06,,,,,,,,,,,,,,,,,,,,,,,,,,,,,,,,,,,,,,,,,,,,,
26,13049,,,,,,,,,,,,,9.999999747378752e-05,9.999999747378752e-05,3.232564267818816e-06,,,,,,,,,,,,,,,,,,,,,,,,,,,,,,,,,,,,,,,,,,,,,
26,13099,,,,,,,,,,,,,9.999999747378752e-05,9.999999747378752e-05,3.232564267818816e-06,,,,,,,,,,,,,,,,,,,,,,,,,,,,,,,,,,,,,,,,,,,,,
26,13149,,,,,,,,,,,,,9.999999747378752e-05,9.999999747378752e-05,3.232564267818816e-06,,,,,,,,,,,,,,,,,,,,,,,,,,,,,,,,,,,,,,,,,,,,,
26,13199,,,,,,,,,,,,,9.999999747378752e-05,9.999999747378752e-05,3.232564267818816e-06,,,,,,,,,,,,,,,,,,,,,,,,,,,,,,,,,,,,,,,,,,,,,
26,13249,,,,,,,,,,,,,9.999999747378752e-05,9.999999747378752e-05,3.232564267818816e-06,,,,,,,,,,,,,,,,,,,,,,,,,,,,,,,,,,,,,,,,,,,,,
26,13299,,,,,,,,,,,,,9.999999747378752e-05,9.999999747378752e-05,3.232564267818816e-06,,,,,,,,,,,,,,,,,,,,,,,,,,,,,,,,,,,,,,,,,,,,,
26,13337,,,,,,,,,,,,,,,,0.9344066381454468,0.3759976625442505,0.363974004983902,0.4928571283817291,0.584386944770813,0.9304153323173523,0.9654518365859985,0.6335971355438232,0.44413119554519653,0.8700947761535645,0.45807960629463196,0.9598580598831177,0.8695266246795654,0.9961673617362976,0.9622436761856079,0.9035104513168335,0.8634961843490601,0.8765654563903809,0.9333735108375549,0.3874081075191498,0.3406922221183777,0.4863284230232239,0.5840152502059937,0.9266289472579956,0.9656305313110352,0.6242362856864929,0.4811772108078003,0.8697068691253662,0.4614253342151642,0.9603431820869446,0.8679432272911072,0.9963096380233765,0.9652777910232544,0.9027500748634338,0.8639235496520996,0.8979376554489136,0.7421864867210388,0.7772902846336365,0.8565120100975037,0.8979376554489136,0.7421864867210388,0.7772902846336365,0.8565120100975037,0.8953092098236084,0.8677407503128052
26,13337,33.93383026123047,33.8162956237793,33.961917877197266,33.689144134521484,0.013227192685008049,2.1525211334228516,0.01282323058694601,0.059282734990119934,0.24638152122497559,0.9419838786125183,0.06269565969705582,0.23911656439304352,,,,,,,,,,,,,,,,,,,,,,,,,,,,,,,,,,,,,,,,,,,,,,,,
27,13349,,,,,,,,,,,,,9.999999747378752e-05,9.999999747378752e-05,3.232564267818816e-06,,,,,,,,,,,,,,,,,,,,,,,,,,,,,,,,,,,,,,,,,,,,,
27,13399,,,,,,,,,,,,,9.999999747378752e-05,9.999999747378752e-05,3.232564267818816e-06,,,,,,,,,,,,,,,,,,,,,,,,,,,,,,,,,,,,,,,,,,,,,
27,13449,,,,,,,,,,,,,9.999999747378752e-05,9.999999747378752e-05,3.232564267818816e-06,,,,,,,,,,,,,,,,,,,,,,,,,,,,,,,,,,,,,,,,,,,,,
27,13499,,,,,,,,,,,,,9.999999747378752e-05,9.999999747378752e-05,3.232564267818816e-06,,,,,,,,,,,,,,,,,,,,,,,,,,,,,,,,,,,,,,,,,,,,,
27,13549,,,,,,,,,,,,,9.999999747378752e-05,9.999999747378752e-05,3.232564267818816e-06,,,,,,,,,,,,,,,,,,,,,,,,,,,,,,,,,,,,,,,,,,,,,
27,13599,,,,,,,,,,,,,9.999999747378752e-05,9.999999747378752e-05,3.232564267818816e-06,,,,,,,,,,,,,,,,,,,,,,,,,,,,,,,,,,,,,,,,,,,,,
27,13649,,,,,,,,,,,,,9.999999747378752e-05,9.999999747378752e-05,3.232564267818816e-06,,,,,,,,,,,,,,,,,,,,,,,,,,,,,,,,,,,,,,,,,,,,,
27,13699,,,,,,,,,,,,,9.999999747378752e-05,9.999999747378752e-05,3.232564267818816e-06,,,,,,,,,,,,,,,,,,,,,,,,,,,,,,,,,,,,,,,,,,,,,
27,13749,,,,,,,,,,,,,9.999999747378752e-05,9.999999747378752e-05,3.232564267818816e-06,,,,,,,,,,,,,,,,,,,,,,,,,,,,,,,,,,,,,,,,,,,,,
27,13799,,,,,,,,,,,,,9.999999747378752e-05,9.999999747378752e-05,3.232564267818816e-06,,,,,,,,,,,,,,,,,,,,,,,,,,,,,,,,,,,,,,,,,,,,,
27,13831,,,,,,,,,,,,,,,,0.9337114095687866,0.37807750701904297,0.3028874695301056,0.5044152736663818,0.583182692527771,0.9312592148780823,0.9670041799545288,0.6315049529075623,0.448953777551651,0.8701246380805969,0.4696130156517029,0.9614468812942505,0.8672183752059937,0.9963659048080444,0.9655419588088989,0.9035996198654175,0.8640114665031433,0.8652944564819336,0.9340493679046631,0.36874693632125854,0.2650827169418335,0.5225021839141846,0.5823501348495483,0.935889482498169,0.9683778285980225,0.6387736201286316,0.4167303442955017,0.8705424070358276,0.4778006970882416,0.9625505208969116,0.8664935827255249,0.9964221715927124,0.9658061861991882,0.9044491648674011,0.864099383354187,0.89411860704422,0.737686276435852,0.7707220911979675,0.8546924591064453,0.89411860704422,0.737686276435852,0.7707220911979675,0.8546924591064453,0.9104251861572266,0.8466198444366455
27,13831,33.91143798828125,33.740257263183594,33.95622634887695,33.60095977783203,0.018718132749199867,2.2180709838867188,0.012858055531978607,0.0626111850142479,0.24795499444007874,0.9733647108078003,0.06319474428892136,0.2465081363916397,,,,,,,,,,,,,,,,,,,,,,,,,,,,,,,,,,,,,,,,,,,,,,,,
28,13849,,,,,,,,,,,,,9.999999747378752e-05,9.999999747378752e-05,3.232564267818816e-06,,,,,,,,,,,,,,,,,,,,,,,,,,,,,,,,,,,,,,,,,,,,,
28,13899,,,,,,,,,,,,,9.999999747378752e-05,9.999999747378752e-05,3.232564267818816e-06,,,,,,,,,,,,,,,,,,,,,,,,,,,,,,,,,,,,,,,,,,,,,
28,13949,,,,,,,,,,,,,9.999999747378752e-05,9.999999747378752e-05,3.232564267818816e-06,,,,,,,,,,,,,,,,,,,,,,,,,,,,,,,,,,,,,,,,,,,,,
28,13999,,,,,,,,,,,,,9.999999747378752e-05,9.999999747378752e-05,3.232564267818816e-06,,,,,,,,,,,,,,,,,,,,,,,,,,,,,,,,,,,,,,,,,,,,,
28,14049,,,,,,,,,,,,,9.999999747378752e-05,9.999999747378752e-05,3.232564267818816e-06,,,,,,,,,,,,,,,,,,,,,,,,,,,,,,,,,,,,,,,,,,,,,
28,14099,,,,,,,,,,,,,9.999999747378752e-05,9.999999747378752e-05,3.232564267818816e-06,,,,,,,,,,,,,,,,,,,,,,,,,,,,,,,,,,,,,,,,,,,,,
28,14149,,,,,,,,,,,,,9.999999747378752e-05,9.999999747378752e-05,3.232564267818816e-06,,,,,,,,,,,,,,,,,,,,,,,,,,,,,,,,,,,,,,,,,,,,,
28,14199,,,,,,,,,,,,,9.999999747378752e-05,9.999999747378752e-05,3.232564267818816e-06,,,,,,,,,,,,,,,,,,,,,,,,,,,,,,,,,,,,,,,,,,,,,
28,14249,,,,,,,,,,,,,9.999999747378752e-05,9.999999747378752e-05,3.232564267818816e-06,,,,,,,,,,,,,,,,,,,,,,,,,,,,,,,,,,,,,,,,,,,,,
28,14299,,,,,,,,,,,,,9.999999747378752e-05,9.999999747378752e-05,3.232564267818816e-06,,,,,,,,,,,,,,,,,,,,,,,,,,,,,,,,,,,,,,,,,,,,,
28,14325,,,,,,,,,,,,,,,,0.9314965009689331,0.3819040060043335,0.3244120478630066,0.5170266628265381,0.6103520393371582,0.9346966743469238,0.966315507888794,0.6428853273391724,0.4031637907028198,0.8712540864944458,0.4614039361476898,0.9599919319152832,0.8667196035385132,0.9965009093284607,0.9687231779098511,0.9015878438949585,0.8648157119750977,0.8799229860305786,0.9289436340332031,0.39506110548973083,0.3837414085865021,0.5115511417388916,0.6383538842201233,0.9335038065910339,0.9642532467842102,0.6469970345497131,0.38959720730781555,0.871965765953064,0.44500717520713806,0.9574333429336548,0.8669456243515015,0.996579647064209,0.9716401100158691,0.8987265229225159,0.8655319809913635,0.9018265604972839,0.745048999786377,0.7725172638893127,0.859764575958252,0.9018265604972839,0.745048999786377,0.7725172638893127,0.859764575958252,0.9001054763793945,0.8691316843032837
28,14325,33.936866760253906,33.805667877197266,33.98127365112305,33.810855865478516,0.021036464720964432,2.1053242683410645,0.01265978068113327,0.05796179547905922,0.24122720956802368,0.9151214957237244,0.062321972101926804,0.23561210930347443,,,,,,,,,,,,,,,,,,,,,,,,,,,,,,,,,,,,,,,,,,,,,,,,
29,14349,,,,,,,,,,,,,9.999999747378752e-05,9.999999747378752e-05,3.232564267818816e-06,,,,,,,,,,,,,,,,,,,,,,,,,,,,,,,,,,,,,,,,,,,,,
29,14399,,,,,,,,,,,,,9.999999747378752e-05,9.999999747378752e-05,3.232564267818816e-06,,,,,,,,,,,,,,,,,,,,,,,,,,,,,,,,,,,,,,,,,,,,,
29,14449,,,,,,,,,,,,,9.999999747378752e-05,9.999999747378752e-05,3.232564267818816e-06,,,,,,,,,,,,,,,,,,,,,,,,,,,,,,,,,,,,,,,,,,,,,
29,14499,,,,,,,,,,,,,9.999999747378752e-05,9.999999747378752e-05,3.232564267818816e-06,,,,,,,,,,,,,,,,,,,,,,,,,,,,,,,,,,,,,,,,,,,,,
29,14549,,,,,,,,,,,,,9.999999747378752e-05,9.999999747378752e-05,3.232564267818816e-06,,,,,,,,,,,,,,,,,,,,,,,,,,,,,,,,,,,,,,,,,,,,,
29,14599,,,,,,,,,,,,,9.999999747378752e-05,9.999999747378752e-05,3.232564267818816e-06,,,,,,,,,,,,,,,,,,,,,,,,,,,,,,,,,,,,,,,,,,,,,
29,14649,,,,,,,,,,,,,9.999999747378752e-05,9.999999747378752e-05,3.232564267818816e-06,,,,,,,,,,,,,,,,,,,,,,,,,,,,,,,,,,,,,,,,,,,,,
29,14699,,,,,,,,,,,,,9.999999747378752e-05,9.999999747378752e-05,3.232564267818816e-06,,,,,,,,,,,,,,,,,,,,,,,,,,,,,,,,,,,,,,,,,,,,,
29,14749,,,,,,,,,,,,,9.999999747378752e-05,9.999999747378752e-05,3.232564267818816e-06,,,,,,,,,,,,,,,,,,,,,,,,,,,,,,,,,,,,,,,,,,,,,
29,14799,,,,,,,,,,,,,9.999999747378752e-05,9.999999747378752e-05,3.232564267818816e-06,,,,,,,,,,,,,,,,,,,,,,,,,,,,,,,,,,,,,,,,,,,,,
29,14819,,,,,,,,,,,,,,,,0.9288947582244873,0.4045875668525696,0.3714415431022644,0.490159273147583,0.6493886113166809,0.9316180944442749,0.9649884104728699,0.6425051689147949,0.36661309003829956,0.8713622093200684,0.42720362544059753,0.9539035558700562,0.8669021129608154,0.996579647064209,0.971061110496521,0.8949558138847351,0.8637402653694153,0.8737652897834778,0.9288458824157715,0.4141140282154083,0.3591417074203491,0.468767374753952,0.6604233384132385,0.9297324419021606,0.9657235741615295,0.6380133628845215,0.34362897276878357,0.8707587122917175,0.409400075674057,0.9503737688064575,0.8668585419654846,0.996579647064209,0.9704821109771729,0.8911851048469543,0.861948549747467,0.89052814245224,0.7368221879005432,0.767106831073761,0.849249005317688,0.89052814245224,0.7368221879005432,0.767106831073761,0.849249005317688,0.9003570079803467,0.8613898158073425
29,14819,33.89979934692383,33.946102142333984,33.96583938598633,33.87828826904297,0.043267734348773956,2.1359970569610596,0.012623880989849567,0.059633366763591766,0.24282921850681305,0.9282149076461792,0.06217349320650101,0.23965898156166077,,,,,,,,,,,,,,,,,,,,,,,,,,,,,,,,,,,,,,,,,,,,,,,,
30,14849,,,,,,,,,,,,,9.999999747378752e-05,9.999999747378752e-05,3.232564267818816e-06,,,,,,,,,,,,,,,,,,,,,,,,,,,,,,,,,,,,,,,,,,,,,
30,14899,,,,,,,,,,,,,9.999999747378752e-05,9.999999747378752e-05,3.232564267818816e-06,,,,,,,,,,,,,,,,,,,,,,,,,,,,,,,,,,,,,,,,,,,,,
30,14949,,,,,,,,,,,,,9.999999747378752e-05,9.999999747378752e-05,3.232564267818816e-06,,,,,,,,,,,,,,,,,,,,,,,,,,,,,,,,,,,,,,,,,,,,,
30,14999,,,,,,,,,,,,,9.999999747378752e-05,9.999999747378752e-05,3.232564267818816e-06,,,,,,,,,,,,,,,,,,,,,,,,,,,,,,,,,,,,,,,,,,,,,
30,15049,,,,,,,,,,,,,9.999999747378752e-05,9.999999747378752e-05,3.232564267818816e-06,,,,,,,,,,,,,,,,,,,,,,,,,,,,,,,,,,,,,,,,,,,,,
30,15099,,,,,,,,,,,,,9.999999747378752e-05,9.999999747378752e-05,3.232564267818816e-06,,,,,,,,,,,,,,,,,,,,,,,,,,,,,,,,,,,,,,,,,,,,,
30,15149,,,,,,,,,,,,,9.999999747378752e-05,9.999999747378752e-05,3.232564267818816e-06,,,,,,,,,,,,,,,,,,,,,,,,,,,,,,,,,,,,,,,,,,,,,
30,15199,,,,,,,,,,,,,9.999999747378752e-05,9.999999747378752e-05,3.232564267818816e-06,,,,,,,,,,,,,,,,,,,,,,,,,,,,,,,,,,,,,,,,,,,,,
30,15249,,,,,,,,,,,,,9.999999747378752e-05,9.999999747378752e-05,3.232564267818816e-06,,,,,,,,,,,,,,,,,,,,,,,,,,,,,,,,,,,,,,,,,,,,,
30,15299,,,,,,,,,,,,,9.999999747378752e-05,9.999999747378752e-05,3.232564267818816e-06,,,,,,,,,,,,,,,,,,,,,,,,,,,,,,,,,,,,,,,,,,,,,
30,15313,,,,,,,,,,,,,,,,0.9279547333717346,0.42278826236724854,0.38586848974227905,0.46828633546829224,0.6489980220794678,0.9320917129516602,0.9669378399848938,0.6391403675079346,0.36948633193969727,0.8716528415679932,0.4150567948818207,0.9548880457878113,0.8661971092224121,0.9965009093284607,0.9675689935684204,0.8930537700653076,0.8631131649017334,0.8797791004180908,0.9270635843276978,0.43146252632141113,0.41259530186653137,0.46780529618263245,0.637572705745697,0.9344509840011597,0.9681521058082581,0.6402673721313477,0.39534372091293335,0.8725469708442688,0.42071351408958435,0.959402322769165,0.8655356764793396,0.9964221715927124,0.964655876159668,0.8949224352836609,0.864277720451355,0.903772234916687,0.7443053126335144,0.7787610292434692,0.8613710403442383,0.903772234916687,0.7443053126335144,0.7787610292434692,0.8613710403442383,0.9140992760658264,0.8626292943954468
30,15313,33.97178649902344,34.03226089477539,34.00025177001953,33.888031005859375,0.040250059217214584,2.0774316787719727,0.012551072984933853,0.05718806013464928,0.24023671448230743,0.8982407450675964,0.06155763939023018,0.23357164859771729,,,,,,,,,,,,,,,,,,,,,,,,,,,,,,,,,,,,,,,,,,,,,,,,
31,15349,,,,,,,,,,,,,9.999999747378752e-05,9.999999747378752e-05,3.232564267818816e-06,,,,,,,,,,,,,,,,,,,,,,,,,,,,,,,,,,,,,,,,,,,,,
31,15399,,,,,,,,,,,,,9.999999747378752e-05,9.999999747378752e-05,3.232564267818816e-06,,,,,,,,,,,,,,,,,,,,,,,,,,,,,,,,,,,,,,,,,,,,,
31,15449,,,,,,,,,,,,,9.999999747378752e-05,9.999999747378752e-05,3.232564267818816e-06,,,,,,,,,,,,,,,,,,,,,,,,,,,,,,,,,,,,,,,,,,,,,
31,15499,,,,,,,,,,,,,9.999999747378752e-05,9.999999747378752e-05,3.232564267818816e-06,,,,,,,,,,,,,,,,,,,,,,,,,,,,,,,,,,,,,,,,,,,,,
31,15549,,,,,,,,,,,,,9.999999747378752e-05,9.999999747378752e-05,3.232564267818816e-06,,,,,,,,,,,,,,,,,,,,,,,,,,,,,,,,,,,,,,,,,,,,,
31,15599,,,,,,,,,,,,,9.999999747378752e-05,9.999999747378752e-05,3.232564267818816e-06,,,,,,,,,,,,,,,,,,,,,,,,,,,,,,,,,,,,,,,,,,,,,
31,15649,,,,,,,,,,,,,9.999999747378752e-05,9.999999747378752e-05,3.232564267818816e-06,,,,,,,,,,,,,,,,,,,,,,,,,,,,,,,,,,,,,,,,,,,,,
31,15699,,,,,,,,,,,,,9.999999747378752e-05,9.999999747378752e-05,3.232564267818816e-06,,,,,,,,,,,,,,,,,,,,,,,,,,,,,,,,,,,,,,,,,,,,,
31,15749,,,,,,,,,,,,,9.999999747378752e-05,9.999999747378752e-05,3.232564267818816e-06,,,,,,,,,,,,,,,,,,,,,,,,,,,,,,,,,,,,,,,,,,,,,
31,15799,,,,,,,,,,,,,9.999999747378752e-05,9.999999747378752e-05,3.232564267818816e-06,,,,,,,,,,,,,,,,,,,,,,,,,,,,,,,,,,,,,,,,,,,,,
31,15807,,,,,,,,,,,,,,,,0.9285695552825928,0.42164212465286255,0.38964200019836426,0.45847901701927185,0.6549681425094604,0.9295560121536255,0.9675642251968384,0.6393047571182251,0.3726933002471924,0.867767333984375,0.42112916707992554,0.9591090083122253,0.8663352727890015,0.9965459108352661,0.9635646343231201,0.8926766514778137,0.8654563426971436,0.8696856498718262,0.930075466632843,0.4118216931819916,0.36668872833251953,0.44915273785591125,0.6723636388778687,0.9246610403060913,0.9669763445854187,0.6383420825004578,0.3500429093837738,0.8629876971244812,0.4215448200702667,0.9588156938552856,0.8671348094940186,0.9966696500778198,0.962473452091217,0.8904308676719666,0.8666349649429321,0.8937512636184692,0.7374597787857056,0.771963357925415,0.8604403138160706,0.8937512636184692,0.7374597787857056,0.771963357925415,0.8604403138160706,0.8879261612892151,0.8662243485450745
31,15807,33.97861862182617,34.13170623779297,34.01935577392578,33.84197998046875,0.0258141178637743,2.1243529319763184,0.012864776886999607,0.06029697507619858,0.24074199795722961,0.9156733751296997,0.06200107932090759,0.23906317353248596,,,,,,,,,,,,,,,,,,,,,,,,,,,,,,,,,,,,,,,,,,,,,,,,
32,15849,,,,,,,,,,,,,9.999999747378752e-05,9.999999747378752e-05,3.232564267818816e-06,,,,,,,,,,,,,,,,,,,,,,,,,,,,,,,,,,,,,,,,,,,,,
32,15899,,,,,,,,,,,,,9.999999747378752e-05,9.999999747378752e-05,3.232564267818816e-06,,,,,,,,,,,,,,,,,,,,,,,,,,,,,,,,,,,,,,,,,,,,,
32,15949,,,,,,,,,,,,,9.999999747378752e-05,9.999999747378752e-05,3.232564267818816e-06,,,,,,,,,,,,,,,,,,,,,,,,,,,,,,,,,,,,,,,,,,,,,
32,15999,,,,,,,,,,,,,9.999999747378752e-05,9.999999747378752e-05,3.232564267818816e-06,,,,,,,,,,,,,,,,,,,,,,,,,,,,,,,,,,,,,,,,,,,,,
32,16049,,,,,,,,,,,,,9.999999747378752e-05,9.999999747378752e-05,3.232564267818816e-06,,,,,,,,,,,,,,,,,,,,,,,,,,,,,,,,,,,,,,,,,,,,,
32,16099,,,,,,,,,,,,,9.999999747378752e-05,9.999999747378752e-05,3.232564267818816e-06,,,,,,,,,,,,,,,,,,,,,,,,,,,,,,,,,,,,,,,,,,,,,
32,16149,,,,,,,,,,,,,9.999999747378752e-05,9.999999747378752e-05,3.232564267818816e-06,,,,,,,,,,,,,,,,,,,,,,,,,,,,,,,,,,,,,,,,,,,,,
32,16199,,,,,,,,,,,,,9.999999747378752e-05,9.999999747378752e-05,3.232564267818816e-06,,,,,,,,,,,,,,,,,,,,,,,,,,,,,,,,,,,,,,,,,,,,,
32,16249,,,,,,,,,,,,,9.999999747378752e-05,9.999999747378752e-05,3.232564267818816e-06,,,,,,,,,,,,,,,,,,,,,,,,,,,,,,,,,,,,,,,,,,,,,
32,16299,,,,,,,,,,,,,9.999999747378752e-05,9.999999747378752e-05,3.232564267818816e-06,,,,,,,,,,,,,,,,,,,,,,,,,,,,,,,,,,,,,,,,,,,,,
32,16301,,,,,,,,,,,,,,,,0.9314569234848022,0.39753854274749756,0.3629302680492401,0.44348853826522827,0.6583436727523804,0.9268897771835327,0.9669920206069946,0.6403210163116455,0.36782822012901306,0.8655376434326172,0.4215722978115082,0.9598124027252197,0.8676034212112427,0.9963996410369873,0.962828516960144,0.8893898725509644,0.8654305338859558,0.8691633343696594,0.9328383803367615,0.38325539231300354,0.3591718077659607,0.4378243386745453,0.6443236470222473,0.9291185736656189,0.9670076370239258,0.642300009727478,0.3856135308742523,0.8680875301361084,0.42159977555274963,0.9608091711997986,0.8680720925331116,0.9961296319961548,0.9631836414337158,0.8883489370346069,0.8642261028289795,0.8983697295188904,0.7359946966171265,0.7625040411949158,0.8574349880218506,0.8983697295188904,0.7359946966171265,0.7625040411949158,0.8574349880218506,0.8723899722099304,0.8793520927429199
32,16301,33.964447021484375,33.9795036315918,33.975582122802734,33.688133239746094,0.01406003162264824,2.1158487796783447,0.012442784383893013,0.05889422446489334,0.2389540821313858,0.9207706451416016,0.06124714016914368,0.2384721040725708,,,,,,,,,,,,,,,,,,,,,,,,,,,,,,,,,,,,,,,,,,,,,,,,
33,16349,,,,,,,,,,,,,9.999999747378752e-05,9.999999747378752e-05,3.232564267818816e-06,,,,,,,,,,,,,,,,,,,,,,,,,,,,,,,,,,,,,,,,,,,,,
33,16399,,,,,,,,,,,,,9.999999747378752e-05,9.999999747378752e-05,3.232564267818816e-06,,,,,,,,,,,,,,,,,,,,,,,,,,,,,,,,,,,,,,,,,,,,,
33,16449,,,,,,,,,,,,,9.999999747378752e-05,9.999999747378752e-05,3.232564267818816e-06,,,,,,,,,,,,,,,,,,,,,,,,,,,,,,,,,,,,,,,,,,,,,
33,16499,,,,,,,,,,,,,9.999999747378752e-05,9.999999747378752e-05,3.232564267818816e-06,,,,,,,,,,,,,,,,,,,,,,,,,,,,,,,,,,,,,,,,,,,,,
33,16549,,,,,,,,,,,,,9.999999747378752e-05,9.999999747378752e-05,3.232564267818816e-06,,,,,,,,,,,,,,,,,,,,,,,,,,,,,,,,,,,,,,,,,,,,,
33,16599,,,,,,,,,,,,,9.999999747378752e-05,9.999999747378752e-05,3.232564267818816e-06,,,,,,,,,,,,,,,,,,,,,,,,,,,,,,,,,,,,,,,,,,,,,
33,16649,,,,,,,,,,,,,9.999999747378752e-05,9.999999747378752e-05,3.232564267818816e-06,,,,,,,,,,,,,,,,,,,,,,,,,,,,,,,,,,,,,,,,,,,,,
33,16699,,,,,,,,,,,,,9.999999747378752e-05,9.999999747378752e-05,3.232564267818816e-06,,,,,,,,,,,,,,,,,,,,,,,,,,,,,,,,,,,,,,,,,,,,,
33,16749,,,,,,,,,,,,,9.999999747378752e-05,9.999999747378752e-05,3.232564267818816e-06,,,,,,,,,,,,,,,,,,,,,,,,,,,,,,,,,,,,,,,,,,,,,
33,16795,,,,,,,,,,,,,,,,0.9301154613494873,0.3919520080089569,0.3721611499786377,0.44562798738479614,0.6384924650192261,0.9325478076934814,0.966684103012085,0.6433396339416504,0.36503636837005615,0.8694603443145752,0.38896289467811584,0.9607273936271667,0.8684992790222168,0.995942234992981,0.9662752151489258,0.8885661363601685,0.8629570603370667,0.88083416223526,0.9273924827575684,0.4006486237049103,0.3851504623889923,0.4534316658973694,0.6326613426208496,0.935977041721344,0.9663605093955994,0.6443793177604675,0.3444591760635376,0.8708332180976868,0.35632601380348206,0.9606456160545349,0.868926465511322,0.9957548975944519,0.969366729259491,0.88878333568573,0.8616880178451538,0.8997568488121033,0.7331050038337708,0.7526604533195496,0.8525120615959167,0.8997568488121033,0.7331050038337708,0.7526604533195496,0.8525120615959167,0.9054092168807983,0.8707422614097595
33,16795,33.98861312866211,33.98114776611328,34.00645065307617,33.830718994140625,0.016734860837459564,2.0723516941070557,0.012418964877724648,0.057194557040929794,0.23726896941661835,0.8987289071083069,0.061032507568597794,0.233111172914505,,,,,,,,,,,,,,,,,,,,,,,,,,,,,,,,,,,,,,,,,,,,,,,,
34,16799,,,,,,,,,,,,,9.999999747378752e-05,9.999999747378752e-05,3.232564267818816e-06,,,,,,,,,,,,,,,,,,,,,,,,,,,,,,,,,,,,,,,,,,,,,
34,16849,,,,,,,,,,,,,9.999999747378752e-05,9.999999747378752e-05,3.232564267818816e-06,,,,,,,,,,,,,,,,,,,,,,,,,,,,,,,,,,,,,,,,,,,,,
34,16899,,,,,,,,,,,,,9.999999747378752e-05,9.999999747378752e-05,3.232564267818816e-06,,,,,,,,,,,,,,,,,,,,,,,,,,,,,,,,,,,,,,,,,,,,,
34,16949,,,,,,,,,,,,,9.999999747378752e-05,9.999999747378752e-05,3.232564267818816e-06,,,,,,,,,,,,,,,,,,,,,,,,,,,,,,,,,,,,,,,,,,,,,
34,16999,,,,,,,,,,,,,9.999999747378752e-05,9.999999747378752e-05,3.232564267818816e-06,,,,,,,,,,,,,,,,,,,,,,,,,,,,,,,,,,,,,,,,,,,,,
34,17049,,,,,,,,,,,,,9.999999747378752e-05,9.999999747378752e-05,3.232564267818816e-06,,,,,,,,,,,,,,,,,,,,,,,,,,,,,,,,,,,,,,,,,,,,,
34,17099,,,,,,,,,,,,,9.999999747378752e-05,9.999999747378752e-05,3.232564267818816e-06,,,,,,,,,,,,,,,,,,,,,,,,,,,,,,,,,,,,,,,,,,,,,
34,17149,,,,,,,,,,,,,9.999999747378752e-05,9.999999747378752e-05,3.232564267818816e-06,,,,,,,,,,,,,,,,,,,,,,,,,,,,,,,,,,,,,,,,,,,,,
34,17199,,,,,,,,,,,,,9.999999747378752e-05,9.999999747378752e-05,3.232564267818816e-06,,,,,,,,,,,,,,,,,,,,,,,,,,,,,,,,,,,,,,,,,,,,,
34,17249,,,,,,,,,,,,,9.999999747378752e-05,9.999999747378752e-05,3.232564267818816e-06,,,,,,,,,,,,,,,,,,,,,,,,,,,,,,,,,,,,,,,,,,,,,
34,17289,,,,,,,,,,,,,,,,0.926400899887085,0.40485769510269165,0.3903428614139557,0.48237186670303345,0.6576814651489258,0.9329490661621094,0.9646978378295898,0.643956184387207,0.3567039370536804,0.8702067136764526,0.35464340448379517,0.9614549875259399,0.8694771528244019,0.9956496953964233,0.9693964719772339,0.8900579214096069,0.8618611097335815,0.8952648043632507,0.9254093170166016,0.409066766500473,0.39553526043891907,0.5113120675086975,0.682701587677002,0.92992103099823,0.9630352258682251,0.6435331106185913,0.36894869804382324,0.8695801496505737,0.35296082496643066,0.9622644186019897,0.8700278997421265,0.9955445528030396,0.9694262742996216,0.8913325667381287,0.862034261226654,0.9109152555465698,0.7413313984870911,0.759372889995575,0.8547621965408325,0.9109152555465698,0.7413313984870911,0.759372889995575,0.8547621965408325,0.9267249703407288,0.8792294859886169
34,17289,33.9371223449707,34.02568435668945,33.950782775878906,33.6878776550293,0.025878844782710075,2.0899200439453125,0.012655681930482388,0.058095499873161316,0.23678012192249298,0.9033535122871399,0.06144940108060837,0.2365659922361374,,,,,,,,,,,,,,,,,,,,,,,,,,,,,,,,,,,,,,,,,,,,,,,,
35,17299,,,,,,,,,,,,,9.999999747378752e-05,9.999999747378752e-05,3.232564267818816e-06,,,,,,,,,,,,,,,,,,,,,,,,,,,,,,,,,,,,,,,,,,,,,
35,17349,,,,,,,,,,,,,9.999999747378752e-05,9.999999747378752e-05,3.232564267818816e-06,,,,,,,,,,,,,,,,,,,,,,,,,,,,,,,,,,,,,,,,,,,,,
35,17399,,,,,,,,,,,,,9.999999747378752e-05,9.999999747378752e-05,3.232564267818816e-06,,,,,,,,,,,,,,,,,,,,,,,,,,,,,,,,,,,,,,,,,,,,,
35,17449,,,,,,,,,,,,,9.999999747378752e-05,9.999999747378752e-05,3.232564267818816e-06,,,,,,,,,,,,,,,,,,,,,,,,,,,,,,,,,,,,,,,,,,,,,
35,17499,,,,,,,,,,,,,9.999999747378752e-05,9.999999747378752e-05,3.232564267818816e-06,,,,,,,,,,,,,,,,,,,,,,,,,,,,,,,,,,,,,,,,,,,,,
35,17549,,,,,,,,,,,,,9.999999747378752e-05,9.999999747378752e-05,3.232564267818816e-06,,,,,,,,,,,,,,,,,,,,,,,,,,,,,,,,,,,,,,,,,,,,,
35,17599,,,,,,,,,,,,,9.999999747378752e-05,9.999999747378752e-05,3.232564267818816e-06,,,,,,,,,,,,,,,,,,,,,,,,,,,,,,,,,,,,,,,,,,,,,
35,17649,,,,,,,,,,,,,9.999999747378752e-05,9.999999747378752e-05,3.232564267818816e-06,,,,,,,,,,,,,,,,,,,,,,,,,,,,,,,,,,,,,,,,,,,,,
35,17699,,,,,,,,,,,,,9.999999747378752e-05,9.999999747378752e-05,3.232564267818816e-06,,,,,,,,,,,,,,,,,,,,,,,,,,,,,,,,,,,,,,,,,,,,,
35,17749,,,,,,,,,,,,,9.999999747378752e-05,9.999999747378752e-05,3.232564267818816e-06,,,,,,,,,,,,,,,,,,,,,,,,,,,,,,,,,,,,,,,,,,,,,
35,17783,,,,,,,,,,,,,,,,0.9255104064941406,0.3935655355453491,0.3821319043636322,0.5050735473632812,0.6376140117645264,0.9310295581817627,0.9627786874771118,0.6399916410446167,0.35802292823791504,0.8704789876937866,0.38878074288368225,0.9625563621520996,0.8667316436767578,0.9958820939064026,0.9698860049247742,0.8900107741355896,0.8612765073776245,0.8847136497497559,0.9256115555763245,0.3780643343925476,0.36872854828834534,0.4988349974155426,0.5925264358520508,0.9321380257606506,0.9625222086906433,0.6364501118659973,0.34709715843200684,0.8713777661323547,0.42460066080093384,0.9628483057022095,0.8634353876113892,0.9962196350097656,0.9703457355499268,0.8886889815330505,0.860518753528595,0.9012731909751892,0.7341181635856628,0.7684429287910461,0.8642814755439758,0.9012731909751892,0.7341181635856628,0.7684429287910461,0.8642814755439758,0.9228450655937195,0.8669726848602295
35,17783,33.93193435668945,33.99000549316406,33.96394348144531,33.75809860229492,0.0072054071351885796,2.080685615539551,0.012445242144167423,0.057464417070150375,0.2356453835964203,0.9060708284378052,0.06067343428730965,0.23403717577457428,,,,,,,,,,,,,,,,,,,,,,,,,,,,,,,,,,,,,,,,,,,,,,,,
36,17799,,,,,,,,,,,,,9.999999747378752e-05,9.999999747378752e-05,3.232564267818816e-06,,,,,,,,,,,,,,,,,,,,,,,,,,,,,,,,,,,,,,,,,,,,,
36,17849,,,,,,,,,,,,,9.999999747378752e-05,9.999999747378752e-05,3.232564267818816e-06,,,,,,,,,,,,,,,,,,,,,,,,,,,,,,,,,,,,,,,,,,,,,
36,17899,,,,,,,,,,,,,9.999999747378752e-05,9.999999747378752e-05,3.232564267818816e-06,,,,,,,,,,,,,,,,,,,,,,,,,,,,,,,,,,,,,,,,,,,,,
36,17949,,,,,,,,,,,,,9.999999747378752e-05,9.999999747378752e-05,3.232564267818816e-06,,,,,,,,,,,,,,,,,,,,,,,,,,,,,,,,,,,,,,,,,,,,,
36,17999,,,,,,,,,,,,,9.999999747378752e-05,9.999999747378752e-05,3.232564267818816e-06,,,,,,,,,,,,,,,,,,,,,,,,,,,,,,,,,,,,,,,,,,,,,
36,18049,,,,,,,,,,,,,9.999999747378752e-05,9.999999747378752e-05,3.232564267818816e-06,,,,,,,,,,,,,,,,,,,,,,,,,,,,,,,,,,,,,,,,,,,,,
36,18099,,,,,,,,,,,,,9.999999747378752e-05,9.999999747378752e-05,3.232564267818816e-06,,,,,,,,,,,,,,,,,,,,,,,,,,,,,,,,,,,,,,,,,,,,,
36,18149,,,,,,,,,,,,,9.999999747378752e-05,9.999999747378752e-05,3.232564267818816e-06,,,,,,,,,,,,,,,,,,,,,,,,,,,,,,,,,,,,,,,,,,,,,
36,18199,,,,,,,,,,,,,9.999999747378752e-05,9.999999747378752e-05,3.232564267818816e-06,,,,,,,,,,,,,,,,,,,,,,,,,,,,,,,,,,,,,,,,,,,,,
36,18249,,,,,,,,,,,,,9.999999747378752e-05,9.999999747378752e-05,3.232564267818816e-06,,,,,,,,,,,,,,,,,,,,,,,,,,,,,,,,,,,,,,,,,,,,,
36,18277,,,,,,,,,,,,,,,,0.9238568544387817,0.3861296474933624,0.3740638196468353,0.49164921045303345,0.6312255859375,0.9315335750579834,0.9639550447463989,0.6385439038276672,0.3423788547515869,0.8723849654197693,0.4553954601287842,0.9636404514312744,0.8626696467399597,0.9957808256149292,0.9697897434234619,0.8869799971580505,0.8618112802505493,0.8837670087814331,0.9221022129058838,0.39419496059417725,0.3793990910053253,0.4844633936882019,0.6699247360229492,0.9309291243553162,0.9653878808021545,0.6406376957893372,0.3376605212688446,0.8733921647071838,0.48619022965431213,0.9644326567649841,0.8619039058685303,0.9953420162200928,0.9692336916923523,0.8852710127830505,0.8631038069725037,0.9027012586593628,0.7425628900527954,0.7761837840080261,0.860853910446167,0.9027012586593628,0.7425628900527954,0.7761837840080261,0.860853910446167,0.893044650554657,0.8821517825126648
36,18277,33.98469161987305,33.9892463684082,34.02302551269531,33.81224822998047,0.011594919487833977,2.004260540008545,0.011944406665861607,0.05431089550256729,0.23156794905662537,0.8722278475761414,0.059181589633226395,0.22541271150112152,,,,,,,,,,,,,,,,,,,,,,,,,,,,,,,,,,,,,,,,,,,,,,,,
37,18299,,,,,,,,,,,,,9.999999747378752e-05,9.999999747378752e-05,3.232564267818816e-06,,,,,,,,,,,,,,,,,,,,,,,,,,,,,,,,,,,,,,,,,,,,,
37,18349,,,,,,,,,,,,,9.999999747378752e-05,9.999999747378752e-05,3.232564267818816e-06,,,,,,,,,,,,,,,,,,,,,,,,,,,,,,,,,,,,,,,,,,,,,
37,18399,,,,,,,,,,,,,9.999999747378752e-05,9.999999747378752e-05,3.232564267818816e-06,,,,,,,,,,,,,,,,,,,,,,,,,,,,,,,,,,,,,,,,,,,,,
37,18449,,,,,,,,,,,,,9.999999747378752e-05,9.999999747378752e-05,3.232564267818816e-06,,,,,,,,,,,,,,,,,,,,,,,,,,,,,,,,,,,,,,,,,,,,,
37,18499,,,,,,,,,,,,,9.999999747378752e-05,9.999999747378752e-05,3.232564267818816e-06,,,,,,,,,,,,,,,,,,,,,,,,,,,,,,,,,,,,,,,,,,,,,
37,18549,,,,,,,,,,,,,9.999999747378752e-05,9.999999747378752e-05,3.232564267818816e-06,,,,,,,,,,,,,,,,,,,,,,,,,,,,,,,,,,,,,,,,,,,,,
37,18599,,,,,,,,,,,,,9.999999747378752e-05,9.999999747378752e-05,3.232564267818816e-06,,,,,,,,,,,,,,,,,,,,,,,,,,,,,,,,,,,,,,,,,,,,,
37,18649,,,,,,,,,,,,,9.999999747378752e-05,9.999999747378752e-05,3.232564267818816e-06,,,,,,,,,,,,,,,,,,,,,,,,,,,,,,,,,,,,,,,,,,,,,
37,18699,,,,,,,,,,,,,9.999999747378752e-05,9.999999747378752e-05,3.232564267818816e-06,,,,,,,,,,,,,,,,,,,,,,,,,,,,,,,,,,,,,,,,,,,,,
37,18749,,,,,,,,,,,,,9.999999747378752e-05,9.999999747378752e-05,3.232564267818816e-06,,,,,,,,,,,,,,,,,,,,,,,,,,,,,,,,,,,,,,,,,,,,,
37,18771,,,,,,,,,,,,,,,,0.9258033037185669,0.4011343717575073,0.375451922416687,0.47948867082595825,0.6647374033927917,0.9331533908843994,0.9658682346343994,0.6418782472610474,0.3873508870601654,0.8735398054122925,0.4739307761192322,0.9621642827987671,0.8642338514328003,0.9956883788108826,0.9703891277313232,0.886654257774353,0.8631489276885986,0.8856186270713806,0.9295043349266052,0.4080738127231598,0.3715047538280487,0.4745139181613922,0.6595500707626343,0.9353777170181274,0.9663485884666443,0.6431188583374023,0.4370412528514862,0.8736873865127563,0.4616713225841522,0.9598958492279053,0.8665638566017151,0.9960347414016724,0.971544623374939,0.8880375027656555,0.8631940484046936,0.9081512689590454,0.747391939163208,0.7840144634246826,0.8639957904815674,0.9081512689590454,0.747391939163208,0.7840144634246826,0.8639957904815674,0.900674045085907,0.8809620141983032
37,18771,33.93206024169922,34.0489616394043,33.98114776611328,33.855010986328125,0.006759921554476023,1.9878385066986084,0.012079392559826374,0.05464642867445946,0.229996919631958,0.8584924936294556,0.05912139266729355,0.22373904287815094,,,,,,,,,,,,,,,,,,,,,,,,,,,,,,,,,,,,,,,,,,,,,,,,
38,18799,,,,,,,,,,,,,9.999999747378752e-05,9.999999747378752e-05,3.232564267818816e-06,,,,,,,,,,,,,,,,,,,,,,,,,,,,,,,,,,,,,,,,,,,,,
38,18849,,,,,,,,,,,,,9.999999747378752e-05,9.999999747378752e-05,3.232564267818816e-06,,,,,,,,,,,,,,,,,,,,,,,,,,,,,,,,,,,,,,,,,,,,,
38,18899,,,,,,,,,,,,,9.999999747378752e-05,9.999999747378752e-05,3.232564267818816e-06,,,,,,,,,,,,,,,,,,,,,,,,,,,,,,,,,,,,,,,,,,,,,
38,18949,,,,,,,,,,,,,9.999999747378752e-05,9.999999747378752e-05,3.232564267818816e-06,,,,,,,,,,,,,,,,,,,,,,,,,,,,,,,,,,,,,,,,,,,,,
38,18999,,,,,,,,,,,,,9.999999747378752e-05,9.999999747378752e-05,3.232564267818816e-06,,,,,,,,,,,,,,,,,,,,,,,,,,,,,,,,,,,,,,,,,,,,,
38,19049,,,,,,,,,,,,,9.999999747378752e-05,9.999999747378752e-05,3.232564267818816e-06,,,,,,,,,,,,,,,,,,,,,,,,,,,,,,,,,,,,,,,,,,,,,
38,19099,,,,,,,,,,,,,9.999999747378752e-05,9.999999747378752e-05,3.232564267818816e-06,,,,,,,,,,,,,,,,,,,,,,,,,,,,,,,,,,,,,,,,,,,,,
38,19149,,,,,,,,,,,,,9.999999747378752e-05,9.999999747378752e-05,3.232564267818816e-06,,,,,,,,,,,,,,,,,,,,,,,,,,,,,,,,,,,,,,,,,,,,,
38,19199,,,,,,,,,,,,,9.999999747378752e-05,9.999999747378752e-05,3.232564267818816e-06,,,,,,,,,,,,,,,,,,,,,,,,,,,,,,,,,,,,,,,,,,,,,
38,19249,,,,,,,,,,,,,9.999999747378752e-05,9.999999747378752e-05,3.232564267818816e-06,,,,,,,,,,,,,,,,,,,,,,,,,,,,,,,,,,,,,,,,,,,,,
38,19265,,,,,,,,,,,,,,,,0.9283143281936646,0.42366015911102295,0.3513006567955017,0.47481197118759155,0.660085141658783,0.9380639791488647,0.9659873247146606,0.6457707285881042,0.40465712547302246,0.8651332855224609,0.46461015939712524,0.9579983949661255,0.8650813102722168,0.9962925314903259,0.9665149450302124,0.8852896690368652,0.8623954653739929,0.8831705451011658,0.9271243810653687,0.4392465054988861,0.3310965597629547,0.4751100540161133,0.6606202125549316,0.9407501816749573,0.9656261205673218,0.6484225988388062,0.37227296829223633,0.8565791249275208,0.46754902601242065,0.9561010003089905,0.8635987043380737,0.9965503215789795,0.9614853262901306,0.8825417757034302,0.8615968823432922,0.8986093401908875,0.7415453791618347,0.7750955820083618,0.8576697111129761,0.8986093401908875,0.7415453791618347,0.7750955820083618,0.8576697111129761,0.9088897109031677,0.8718398213386536
38,19265,33.92978286743164,34.138282775878906,33.9510383605957,33.92788314819336,0.010831964202225208,1.946776032447815,0.011747355572879314,0.05320662632584572,0.22581106424331665,0.8393563628196716,0.058490023016929626,0.21992963552474976,,,,,,,,,,,,,,,,,,,,,,,,,,,,,,,,,,,,,,,,,,,,,,,,
39,19299,,,,,,,,,,,,,9.999999747378752e-05,9.999999747378752e-05,3.232564267818816e-06,,,,,,,,,,,,,,,,,,,,,,,,,,,,,,,,,,,,,,,,,,,,,
39,19349,,,,,,,,,,,,,9.999999747378752e-05,9.999999747378752e-05,3.232564267818816e-06,,,,,,,,,,,,,,,,,,,,,,,,,,,,,,,,,,,,,,,,,,,,,
39,19399,,,,,,,,,,,,,9.999999747378752e-05,9.999999747378752e-05,3.232564267818816e-06,,,,,,,,,,,,,,,,,,,,,,,,,,,,,,,,,,,,,,,,,,,,,
39,19449,,,,,,,,,,,,,9.999999747378752e-05,9.999999747378752e-05,3.232564267818816e-06,,,,,,,,,,,,,,,,,,,,,,,,,,,,,,,,,,,,,,,,,,,,,
39,19499,,,,,,,,,,,,,9.999999747378752e-05,9.999999747378752e-05,3.232564267818816e-06,,,,,,,,,,,,,,,,,,,,,,,,,,,,,,,,,,,,,,,,,,,,,
39,19549,,,,,,,,,,,,,9.999999747378752e-05,9.999999747378752e-05,3.232564267818816e-06,,,,,,,,,,,,,,,,,,,,,,,,,,,,,,,,,,,,,,,,,,,,,
39,19599,,,,,,,,,,,,,9.999999747378752e-05,9.999999747378752e-05,3.232564267818816e-06,,,,,,,,,,,,,,,,,,,,,,,,,,,,,,,,,,,,,,,,,,,,,
39,19649,,,,,,,,,,,,,9.999999747378752e-05,9.999999747378752e-05,3.232564267818816e-06,,,,,,,,,,,,,,,,,,,,,,,,,,,,,,,,,,,,,,,,,,,,,
39,19699,,,,,,,,,,,,,9.999999747378752e-05,9.999999747378752e-05,3.232564267818816e-06,,,,,,,,,,,,,,,,,,,,,,,,,,,,,,,,,,,,,,,,,,,,,
39,19749,,,,,,,,,,,,,9.999999747378752e-05,9.999999747378752e-05,3.232564267818816e-06,,,,,,,,,,,,,,,,,,,,,,,,,,,,,,,,,,,,,,,,,,,,,
39,19759,,,,,,,,,,,,,,,,0.9273436069488525,0.4081035554409027,0.3634677529335022,0.46808481216430664,0.6418972015380859,0.9417334794998169,0.9666591882705688,0.6495946049690247,0.3812514543533325,0.8629606366157532,0.4715704619884491,0.9599165916442871,0.8653818964958191,0.9964338541030884,0.9642446041107178,0.8822131156921387,0.8618149757385254,0.8768559694290161,0.9275627732276917,0.3769606053829193,0.39583897590637207,0.4610595405101776,0.6231741309165955,0.9427167177200317,0.9676922559738159,0.6507666110992432,0.3902299106121063,0.8693421483039856,0.47559189796447754,0.9637322425842285,0.8671650886535645,0.9963173270225525,0.9670038819313049,0.8818845152854919,0.8620331287384033,0.8928626775741577,0.7422983646392822,0.7834759950637817,0.8571241497993469,0.8928626775741577,0.7422983646392822,0.7834759950637817,0.8571241497993469,0.9047067761421204,0.8638163208961487
39,19759,33.953819274902344,34.04225540161133,33.996585845947266,33.89435577392578,0.022769078612327576,1.9868173599243164,0.011788703501224518,0.054510004818439484,0.2275308519601822,0.8666577339172363,0.05819078907370567,0.22237658500671387,,,,,,,,,,,,,,,,,,,,,,,,,,,,,,,,,,,,,,,,,,,,,,,,
40,19799,,,,,,,,,,,,,9.999999747378752e-05,9.999999747378752e-05,3.232564267818816e-06,,,,,,,,,,,,,,,,,,,,,,,,,,,,,,,,,,,,,,,,,,,,,
40,19849,,,,,,,,,,,,,9.999999747378752e-05,9.999999747378752e-05,3.232564267818816e-06,,,,,,,,,,,,,,,,,,,,,,,,,,,,,,,,,,,,,,,,,,,,,
40,19899,,,,,,,,,,,,,9.999999747378752e-05,9.999999747378752e-05,3.232564267818816e-06,,,,,,,,,,,,,,,,,,,,,,,,,,,,,,,,,,,,,,,,,,,,,
40,19949,,,,,,,,,,,,,9.999999747378752e-05,9.999999747378752e-05,3.232564267818816e-06,,,,,,,,,,,,,,,,,,,,,,,,,,,,,,,,,,,,,,,,,,,,,
40,19999,,,,,,,,,,,,,9.999999747378752e-05,9.999999747378752e-05,3.232564267818816e-06,,,,,,,,,,,,,,,,,,,,,,,,,,,,,,,,,,,,,,,,,,,,,
40,20049,,,,,,,,,,,,,9.999999747378752e-05,9.999999747378752e-05,3.232564267818816e-06,,,,,,,,,,,,,,,,,,,,,,,,,,,,,,,,,,,,,,,,,,,,,
40,20099,,,,,,,,,,,,,9.999999747378752e-05,9.999999747378752e-05,3.232564267818816e-06,,,,,,,,,,,,,,,,,,,,,,,,,,,,,,,,,,,,,,,,,,,,,
40,20149,,,,,,,,,,,,,9.999999747378752e-05,9.999999747378752e-05,3.232564267818816e-06,,,,,,,,,,,,,,,,,,,,,,,,,,,,,,,,,,,,,,,,,,,,,
40,20199,,,,,,,,,,,,,9.999999747378752e-05,9.999999747378752e-05,3.232564267818816e-06,,,,,,,,,,,,,,,,,,,,,,,,,,,,,,,,,,,,,,,,,,,,,
40,20249,,,,,,,,,,,,,9.999999747378752e-05,9.999999747378752e-05,3.232564267818816e-06,,,,,,,,,,,,,,,,,,,,,,,,,,,,,,,,,,,,,,,,,,,,,
40,20253,,,,,,,,,,,,,,,,0.9260731935501099,0.3731790781021118,0.3936365246772766,0.4637830853462219,0.632529616355896,0.9360789060592651,0.9673539400100708,0.6469656229019165,0.40895092487335205,0.8721184730529785,0.4853239357471466,0.9651896357536316,0.8666608929634094,0.9962340593338013,0.9669759273529053,0.8915390968322754,0.8623338937759399,0.877923846244812,0.9245836734771729,0.36939752101898193,0.39143410325050354,0.46650660037994385,0.6418851613998413,0.9294410943984985,0.9670156836509705,0.6431646943092346,0.4276719391345978,0.8748947978019714,0.4950559735298157,0.9666470289230347,0.8661566972732544,0.99615079164505,0.9669479727745056,0.9011936783790588,0.8626347184181213,0.8982411623001099,0.7465165853500366,0.7928887605667114,0.8538966774940491,0.8982411623001099,0.7465165853500366,0.7928887605667114,0.8538966774940491,0.8797537684440613,0.8803877234458923
40,20253,33.93307113647461,33.9791259765625,33.97241973876953,33.885501861572266,0.01651099883019924,1.9811052083969116,0.011618771590292454,0.054141659289598465,0.22720356285572052,0.8655896186828613,0.057967402040958405,0.22178706526756287,,,,,,,,,,,,,,,,,,,,,,,,,,,,,,,,,,,,,,,,,,,,,,,,
41,20299,,,,,,,,,,,,,9.999999747378752e-05,9.999999747378752e-05,3.232564267818816e-06,,,,,,,,,,,,,,,,,,,,,,,,,,,,,,,,,,,,,,,,,,,,,
41,20349,,,,,,,,,,,,,9.999999747378752e-05,9.999999747378752e-05,3.232564267818816e-06,,,,,,,,,,,,,,,,,,,,,,,,,,,,,,,,,,,,,,,,,,,,,
41,20399,,,,,,,,,,,,,9.999999747378752e-05,9.999999747378752e-05,3.232564267818816e-06,,,,,,,,,,,,,,,,,,,,,,,,,,,,,,,,,,,,,,,,,,,,,
41,20449,,,,,,,,,,,,,9.999999747378752e-05,9.999999747378752e-05,3.232564267818816e-06,,,,,,,,,,,,,,,,,,,,,,,,,,,,,,,,,,,,,,,,,,,,,
41,20499,,,,,,,,,,,,,9.999999747378752e-05,9.999999747378752e-05,3.232564267818816e-06,,,,,,,,,,,,,,,,,,,,,,,,,,,,,,,,,,,,,,,,,,,,,
41,20549,,,,,,,,,,,,,9.999999747378752e-05,9.999999747378752e-05,3.232564267818816e-06,,,,,,,,,,,,,,,,,,,,,,,,,,,,,,,,,,,,,,,,,,,,,
41,20599,,,,,,,,,,,,,9.999999747378752e-05,9.999999747378752e-05,3.232564267818816e-06,,,,,,,,,,,,,,,,,,,,,,,,,,,,,,,,,,,,,,,,,,,,,
41,20649,,,,,,,,,,,,,9.999999747378752e-05,9.999999747378752e-05,3.232564267818816e-06,,,,,,,,,,,,,,,,,,,,,,,,,,,,,,,,,,,,,,,,,,,,,
41,20699,,,,,,,,,,,,,9.999999747378752e-05,9.999999747378752e-05,3.232564267818816e-06,,,,,,,,,,,,,,,,,,,,,,,,,,,,,,,,,,,,,,,,,,,,,
41,20747,,,,,,,,,,,,,,,,0.9258073568344116,0.3643225431442261,0.3801959753036499,0.44281676411628723,0.6181981563568115,0.9346802234649658,0.9657588005065918,0.6459829211235046,0.4377869963645935,0.8727240562438965,0.47969675064086914,0.9653666019439697,0.8639907836914062,0.996380090713501,0.9670084714889526,0.8964096307754517,0.862873375415802,0.8851765990257263,0.9270309805870056,0.3592475652694702,0.36895787715911865,0.4191269278526306,0.5945112109184265,0.9399193525314331,0.9645018577575684,0.6488011479377747,0.4479020833969116,0.8705533146858215,0.464337557554245,0.9640861749649048,0.8618248105049133,0.9966094493865967,0.9670689702033997,0.8916256427764893,0.8631120324134827,0.8989946246147156,0.7381892204284668,0.7774601578712463,0.8490166068077087,0.8989946246147156,0.7381892204284668,0.7774601578712463,0.8490166068077087,0.9126306176185608,0.8737908601760864
41,20747,33.994937896728516,34.07072448730469,34.01214599609375,34.006072998046875,0.020504353567957878,1.9696881771087646,0.011811571195721626,0.0542406402528286,0.22566169500350952,0.8586840033531189,0.05767521634697914,0.21986539661884308,,,,,,,,,,,,,,,,,,,,,,,,,,,,,,,,,,,,,,,,,,,,,,,,
42,20749,,,,,,,,,,,,,9.999999747378752e-05,9.999999747378752e-05,3.232564267818816e-06,,,,,,,,,,,,,,,,,,,,,,,,,,,,,,,,,,,,,,,,,,,,,
42,20799,,,,,,,,,,,,,9.999999747378752e-05,9.999999747378752e-05,3.232564267818816e-06,,,,,,,,,,,,,,,,,,,,,,,,,,,,,,,,,,,,,,,,,,,,,
42,20849,,,,,,,,,,,,,9.999999747378752e-05,9.999999747378752e-05,3.232564267818816e-06,,,,,,,,,,,,,,,,,,,,,,,,,,,,,,,,,,,,,,,,,,,,,
42,20899,,,,,,,,,,,,,9.999999747378752e-05,9.999999747378752e-05,3.232564267818816e-06,,,,,,,,,,,,,,,,,,,,,,,,,,,,,,,,,,,,,,,,,,,,,
42,20949,,,,,,,,,,,,,9.999999747378752e-05,9.999999747378752e-05,3.232564267818816e-06,,,,,,,,,,,,,,,,,,,,,,,,,,,,,,,,,,,,,,,,,,,,,
42,20999,,,,,,,,,,,,,9.999999747378752e-05,9.999999747378752e-05,3.232564267818816e-06,,,,,,,,,,,,,,,,,,,,,,,,,,,,,,,,,,,,,,,,,,,,,
42,21049,,,,,,,,,,,,,9.999999747378752e-05,9.999999747378752e-05,3.232564267818816e-06,,,,,,,,,,,,,,,,,,,,,,,,,,,,,,,,,,,,,,,,,,,,,
42,21099,,,,,,,,,,,,,9.999999747378752e-05,9.999999747378752e-05,3.232564267818816e-06,,,,,,,,,,,,,,,,,,,,,,,,,,,,,,,,,,,,,,,,,,,,,
42,21149,,,,,,,,,,,,,9.999999747378752e-05,9.999999747378752e-05,3.232564267818816e-06,,,,,,,,,,,,,,,,,,,,,,,,,,,,,,,,,,,,,,,,,,,,,
42,21199,,,,,,,,,,,,,9.999999747378752e-05,9.999999747378752e-05,3.232564267818816e-06,,,,,,,,,,,,,,,,,,,,,,,,,,,,,,,,,,,,,,,,,,,,,
42,21241,,,,,,,,,,,,,,,,0.9257862567901611,0.3606564402580261,0.33604463934898376,0.4151492714881897,0.6073960065841675,0.9328148365020752,0.9644125699996948,0.6398254036903381,0.4158477783203125,0.8708050847053528,0.48100292682647705,0.9637129306793213,0.8639311790466309,0.9966219067573547,0.9654279947280884,0.8822219371795654,0.8635858297348022,0.8696117997169495,0.9245414733886719,0.36206531524658203,0.3031314015388489,0.4111715853214264,0.6202808618545532,0.9257103800773621,0.9643233418464661,0.6308496594429016,0.38379350304603577,0.871056854724884,0.4976682960987091,0.9633396863937378,0.8660376071929932,0.9966343641281128,0.9637870788574219,0.8728182911872864,0.8640596270561218,0.8836416602134705,0.7306628823280334,0.7657363414764404,0.8381454944610596,0.8836416602134705,0.7306628823280334,0.7657363414764404,0.8381454944610596,0.907420814037323,0.8541659712791443
42,21241,33.9516716003418,33.967105865478516,33.97178649902344,33.876644134521484,0.010165225714445114,1.9469027519226074,0.011698899790644646,0.05383802205324173,0.22319535911083221,0.8457220196723938,0.0570795014500618,0.2180703580379486,,,,,,,,,,,,,,,,,,,,,,,,,,,,,,,,,,,,,,,,,,,,,,,,
43,21249,,,,,,,,,,,,,9.999999747378752e-05,9.999999747378752e-05,3.232564267818816e-06,,,,,,,,,,,,,,,,,,,,,,,,,,,,,,,,,,,,,,,,,,,,,
43,21299,,,,,,,,,,,,,9.999999747378752e-05,9.999999747378752e-05,3.232564267818816e-06,,,,,,,,,,,,,,,,,,,,,,,,,,,,,,,,,,,,,,,,,,,,,
43,21349,,,,,,,,,,,,,9.999999747378752e-05,9.999999747378752e-05,3.232564267818816e-06,,,,,,,,,,,,,,,,,,,,,,,,,,,,,,,,,,,,,,,,,,,,,
43,21399,,,,,,,,,,,,,9.999999747378752e-05,9.999999747378752e-05,3.232564267818816e-06,,,,,,,,,,,,,,,,,,,,,,,,,,,,,,,,,,,,,,,,,,,,,
43,21449,,,,,,,,,,,,,9.999999747378752e-05,9.999999747378752e-05,3.232564267818816e-06,,,,,,,,,,,,,,,,,,,,,,,,,,,,,,,,,,,,,,,,,,,,,
43,21499,,,,,,,,,,,,,9.999999747378752e-05,9.999999747378752e-05,3.232564267818816e-06,,,,,,,,,,,,,,,,,,,,,,,,,,,,,,,,,,,,,,,,,,,,,
43,21549,,,,,,,,,,,,,9.999999747378752e-05,9.999999747378752e-05,3.232564267818816e-06,,,,,,,,,,,,,,,,,,,,,,,,,,,,,,,,,,,,,,,,,,,,,
43,21599,,,,,,,,,,,,,9.999999747378752e-05,9.999999747378752e-05,3.232564267818816e-06,,,,,,,,,,,,,,,,,,,,,,,,,,,,,,,,,,,,,,,,,,,,,
43,21649,,,,,,,,,,,,,9.999999747378752e-05,9.999999747378752e-05,3.232564267818816e-06,,,,,,,,,,,,,,,,,,,,,,,,,,,,,,,,,,,,,,,,,,,,,
43,21699,,,,,,,,,,,,,9.999999747378752e-05,9.999999747378752e-05,3.232564267818816e-06,,,,,,,,,,,,,,,,,,,,,,,,,,,,,,,,,,,,,,,,,,,,,
43,21735,,,,,,,,,,,,,,,,0.9215484857559204,0.38124266266822815,0.32739752531051636,0.43032950162887573,0.6236088275909424,0.9275598526000977,0.9642020463943481,0.6308625340461731,0.39604347944259644,0.8746060132980347,0.5002866983413696,0.9640511274337769,0.8650954365730286,0.9960726499557495,0.9618439078330994,0.8784035444259644,0.8637244701385498,0.8790143132209778,0.918555498123169,0.40042001008987427,0.3516636788845062,0.44948744773864746,0.6269367337226868,0.9294093251228333,0.9640806913375854,0.6308754086494446,0.4082934856414795,0.8781552314758301,0.5029051303863525,0.9647626280784607,0.864153265953064,0.9955108761787415,0.9599007368087769,0.8839887976646423,0.8633893132209778,0.8928770422935486,0.7407345771789551,0.7821130156517029,0.8481752276420593,0.8928770422935486,0.7407345771789551,0.7821130156517029,0.8481752276420593,0.9050300717353821,0.8696032762527466
43,21735,33.939395904541016,33.81578826904297,33.96799087524414,33.94572448730469,0.017886852845549583,1.985333800315857,0.011721116490662098,0.054952867329120636,0.22527390718460083,0.8672317266464233,0.05752988159656525,0.22219885885715485,,,,,,,,,,,,,,,,,,,,,,,,,,,,,,,,,,,,,,,,,,,,,,,,
44,21749,,,,,,,,,,,,,9.999999747378752e-05,9.999999747378752e-05,3.232564267818816e-06,,,,,,,,,,,,,,,,,,,,,,,,,,,,,,,,,,,,,,,,,,,,,
44,21799,,,,,,,,,,,,,9.999999747378752e-05,9.999999747378752e-05,3.232564267818816e-06,,,,,,,,,,,,,,,,,,,,,,,,,,,,,,,,,,,,,,,,,,,,,
44,21849,,,,,,,,,,,,,9.999999747378752e-05,9.999999747378752e-05,3.232564267818816e-06,,,,,,,,,,,,,,,,,,,,,,,,,,,,,,,,,,,,,,,,,,,,,
44,21899,,,,,,,,,,,,,9.999999747378752e-05,9.999999747378752e-05,3.232564267818816e-06,,,,,,,,,,,,,,,,,,,,,,,,,,,,,,,,,,,,,,,,,,,,,
44,21949,,,,,,,,,,,,,9.999999747378752e-05,9.999999747378752e-05,3.232564267818816e-06,,,,,,,,,,,,,,,,,,,,,,,,,,,,,,,,,,,,,,,,,,,,,
44,21999,,,,,,,,,,,,,9.999999747378752e-05,9.999999747378752e-05,3.232564267818816e-06,,,,,,,,,,,,,,,,,,,,,,,,,,,,,,,,,,,,,,,,,,,,,
44,22049,,,,,,,,,,,,,9.999999747378752e-05,9.999999747378752e-05,3.232564267818816e-06,,,,,,,,,,,,,,,,,,,,,,,,,,,,,,,,,,,,,,,,,,,,,
44,22099,,,,,,,,,,,,,9.999999747378752e-05,9.999999747378752e-05,3.232564267818816e-06,,,,,,,,,,,,,,,,,,,,,,,,,,,,,,,,,,,,,,,,,,,,,
44,22149,,,,,,,,,,,,,9.999999747378752e-05,9.999999747378752e-05,3.232564267818816e-06,,,,,,,,,,,,,,,,,,,,,,,,,,,,,,,,,,,,,,,,,,,,,
44,22199,,,,,,,,,,,,,9.999999747378752e-05,9.999999747378752e-05,3.232564267818816e-06,,,,,,,,,,,,,,,,,,,,,,,,,,,,,,,,,,,,,,,,,,,,,
44,22229,,,,,,,,,,,,,,,,0.9204889535903931,0.3949925899505615,0.3525940775871277,0.44798392057418823,0.6257197260856628,0.9289271235466003,0.9646239280700684,0.624375581741333,0.4371807277202606,0.8781028985977173,0.5076848268508911,0.9665433168411255,0.8629504442214966,0.9957075119018555,0.960381269454956,0.8827199935913086,0.8621936440467834,0.8840040564537048,0.922422468662262,0.38956519961357117,0.35352447628974915,0.4464803636074066,0.6245027184486389,0.9284449219703674,0.9651671648025513,0.6178757548332214,0.46606796979904175,0.8780506253242493,0.5124645233154297,0.9683240056037903,0.8617475628852844,0.9959040880203247,0.9608617424964905,0.8814512491226196,0.8609979748725891,0.8946771025657654,0.7431678175926208,0.7751203179359436,0.8468142151832581,0.8946771025657654,0.7431678175926208,0.7751203179359436,0.8468142151832581,0.9080709218978882,0.8725658059120178
44,22229,33.96356201171875,33.93307113647461,34.0,33.95774459838867,0.026880919933319092,1.9461328983306885,0.011412263847887516,0.05400107800960541,0.22122564911842346,0.8465500473976135,0.0566878616809845,0.21895742416381836,,,,,,,,,,,,,,,,,,,,,,,,,,,,,,,,,,,,,,,,,,,,,,,,
45,22249,,,,,,,,,,,,,9.999999747378752e-05,9.999999747378752e-05,3.232564267818816e-06,,,,,,,,,,,,,,,,,,,,,,,,,,,,,,,,,,,,,,,,,,,,,
45,22299,,,,,,,,,,,,,9.999999747378752e-05,9.999999747378752e-05,3.232564267818816e-06,,,,,,,,,,,,,,,,,,,,,,,,,,,,,,,,,,,,,,,,,,,,,
45,22349,,,,,,,,,,,,,9.999999747378752e-05,9.999999747378752e-05,3.232564267818816e-06,,,,,,,,,,,,,,,,,,,,,,,,,,,,,,,,,,,,,,,,,,,,,
45,22399,,,,,,,,,,,,,9.999999747378752e-05,9.999999747378752e-05,3.232564267818816e-06,,,,,,,,,,,,,,,,,,,,,,,,,,,,,,,,,,,,,,,,,,,,,
45,22449,,,,,,,,,,,,,9.999999747378752e-05,9.999999747378752e-05,3.232564267818816e-06,,,,,,,,,,,,,,,,,,,,,,,,,,,,,,,,,,,,,,,,,,,,,
45,22499,,,,,,,,,,,,,9.999999747378752e-05,9.999999747378752e-05,3.232564267818816e-06,,,,,,,,,,,,,,,,,,,,,,,,,,,,,,,,,,,,,,,,,,,,,
45,22549,,,,,,,,,,,,,9.999999747378752e-05,9.999999747378752e-05,3.232564267818816e-06,,,,,,,,,,,,,,,,,,,,,,,,,,,,,,,,,,,,,,,,,,,,,
45,22599,,,,,,,,,,,,,9.999999747378752e-05,9.999999747378752e-05,3.232564267818816e-06,,,,,,,,,,,,,,,,,,,,,,,,,,,,,,,,,,,,,,,,,,,,,
45,22649,,,,,,,,,,,,,9.999999747378752e-05,9.999999747378752e-05,3.232564267818816e-06,,,,,,,,,,,,,,,,,,,,,,,,,,,,,,,,,,,,,,,,,,,,,
45,22699,,,,,,,,,,,,,9.999999747378752e-05,9.999999747378752e-05,3.232564267818816e-06,,,,,,,,,,,,,,,,,,,,,,,,,,,,,,,,,,,,,,,,,,,,,
45,22723,,,,,,,,,,,,,,,,0.921741247177124,0.37452948093414307,0.3550712764263153,0.43820011615753174,0.6342312693595886,0.9288380146026611,0.9645451307296753,0.6267383098602295,0.4795745611190796,0.8751721382141113,0.511780321598053,0.9648139476776123,0.8617960214614868,0.9958969950675964,0.9646239280700684,0.8803336024284363,0.8594380617141724,0.8826631307601929,0.9210599660873413,0.35949379205703735,0.35661807656288147,0.42991986870765686,0.6439598202705383,0.9292311668395996,0.9639230966567993,0.6356009244918823,0.4930811822414398,0.8722936511039734,0.5110961198806763,0.9613039493560791,0.861844539642334,0.9958899021148682,0.968386173248291,0.8792159557342529,0.8578781485557556,0.8949864506721497,0.7435762286186218,0.7807984352111816,0.8454874753952026,0.8949864506721497,0.7435762286186218,0.7807984352111816,0.8454874753952026,0.8979367613792419,0.8778827786445618
45,22723,33.88246536254883,33.89726638793945,33.93674087524414,33.936614990234375,0.0065386537462472916,2.0148580074310303,0.01216264721006155,0.05862714722752571,0.22445639967918396,0.8667082190513611,0.05819440633058548,0.22667789459228516,,,,,,,,,,,,,,,,,,,,,,,,,,,,,,,,,,,,,,,,,,,,,,,,
46,22749,,,,,,,,,,,,,9.999999747378752e-05,9.999999747378752e-05,3.232564267818816e-06,,,,,,,,,,,,,,,,,,,,,,,,,,,,,,,,,,,,,,,,,,,,,
46,22799,,,,,,,,,,,,,9.999999747378752e-05,9.999999747378752e-05,3.232564267818816e-06,,,,,,,,,,,,,,,,,,,,,,,,,,,,,,,,,,,,,,,,,,,,,
46,22849,,,,,,,,,,,,,9.999999747378752e-05,9.999999747378752e-05,3.232564267818816e-06,,,,,,,,,,,,,,,,,,,,,,,,,,,,,,,,,,,,,,,,,,,,,
46,22899,,,,,,,,,,,,,9.999999747378752e-05,9.999999747378752e-05,3.232564267818816e-06,,,,,,,,,,,,,,,,,,,,,,,,,,,,,,,,,,,,,,,,,,,,,
46,22949,,,,,,,,,,,,,9.999999747378752e-05,9.999999747378752e-05,3.232564267818816e-06,,,,,,,,,,,,,,,,,,,,,,,,,,,,,,,,,,,,,,,,,,,,,
46,22999,,,,,,,,,,,,,9.999999747378752e-05,9.999999747378752e-05,3.232564267818816e-06,,,,,,,,,,,,,,,,,,,,,,,,,,,,,,,,,,,,,,,,,,,,,
46,23049,,,,,,,,,,,,,9.999999747378752e-05,9.999999747378752e-05,3.232564267818816e-06,,,,,,,,,,,,,,,,,,,,,,,,,,,,,,,,,,,,,,,,,,,,,
46,23099,,,,,,,,,,,,,9.999999747378752e-05,9.999999747378752e-05,3.232564267818816e-06,,,,,,,,,,,,,,,,,,,,,,,,,,,,,,,,,,,,,,,,,,,,,
46,23149,,,,,,,,,,,,,9.999999747378752e-05,9.999999747378752e-05,3.232564267818816e-06,,,,,,,,,,,,,,,,,,,,,,,,,,,,,,,,,,,,,,,,,,,,,
46,23199,,,,,,,,,,,,,9.999999747378752e-05,9.999999747378752e-05,3.232564267818816e-06,,,,,,,,,,,,,,,,,,,,,,,,,,,,,,,,,,,,,,,,,,,,,
46,23217,,,,,,,,,,,,,,,,0.917930006980896,0.34698134660720825,0.3416653275489807,0.44400542974472046,0.6162447333335876,0.927650511264801,0.9637958407402039,0.6327115297317505,0.48459118604660034,0.86961829662323,0.49628812074661255,0.9614758491516113,0.8622773289680481,0.9979449510574341,0.9679305553436279,0.884961724281311,0.8602502346038818,0.8868225812911987,0.9148001074790955,0.33446887135505676,0.32671257853507996,0.45809096097946167,0.588529646396637,0.9260698556900024,0.9636685848236084,0.6298221349716187,0.47610118985176086,0.8669428825378418,0.48148009181022644,0.9616477489471436,0.8627101182937622,1.0,0.9674749970436096,0.8907074332237244,0.8626223802566528,0.8922716379165649,0.7359911799430847,0.7639862298965454,0.8349658250808716,0.8922716379165649,0.7359911799430847,0.7639862298965454,0.8349658250808716,0.9111571311950684,0.8754338622093201
46,23217,33.95255661010742,33.930667877197266,33.96128463745117,33.59944152832031,0.008826158940792084,2.0182418823242188,0.01147426012903452,0.05709168687462807,0.22020727396011353,0.8807782530784607,0.056508325040340424,0.23070457577705383,,,,,,,,,,,,,,,,,,,,,,,,,,,,,,,,,,,,,,,,,,,,,,,,
47,23249,,,,,,,,,,,,,9.999999747378752e-05,9.999999747378752e-05,3.232564267818816e-06,,,,,,,,,,,,,,,,,,,,,,,,,,,,,,,,,,,,,,,,,,,,,
47,23299,,,,,,,,,,,,,9.999999747378752e-05,9.999999747378752e-05,3.232564267818816e-06,,,,,,,,,,,,,,,,,,,,,,,,,,,,,,,,,,,,,,,,,,,,,
47,23349,,,,,,,,,,,,,9.999999747378752e-05,9.999999747378752e-05,3.232564267818816e-06,,,,,,,,,,,,,,,,,,,,,,,,,,,,,,,,,,,,,,,,,,,,,
47,23399,,,,,,,,,,,,,9.999999747378752e-05,9.999999747378752e-05,3.232564267818816e-06,,,,,,,,,,,,,,,,,,,,,,,,,,,,,,,,,,,,,,,,,,,,,
47,23449,,,,,,,,,,,,,9.999999747378752e-05,9.999999747378752e-05,3.232564267818816e-06,,,,,,,,,,,,,,,,,,,,,,,,,,,,,,,,,,,,,,,,,,,,,
47,23499,,,,,,,,,,,,,9.999999747378752e-05,9.999999747378752e-05,3.232564267818816e-06,,,,,,,,,,,,,,,,,,,,,,,,,,,,,,,,,,,,,,,,,,,,,
47,23549,,,,,,,,,,,,,9.999999747378752e-05,9.999999747378752e-05,3.232564267818816e-06,,,,,,,,,,,,,,,,,,,,,,,,,,,,,,,,,,,,,,,,,,,,,
47,23599,,,,,,,,,,,,,9.999999747378752e-05,9.999999747378752e-05,3.232564267818816e-06,,,,,,,,,,,,,,,,,,,,,,,,,,,,,,,,,,,,,,,,,,,,,
47,23649,,,,,,,,,,,,,9.999999747378752e-05,9.999999747378752e-05,3.232564267818816e-06,,,,,,,,,,,,,,,,,,,,,,,,,,,,,,,,,,,,,,,,,,,,,
47,23699,,,,,,,,,,,,,9.999999747378752e-05,9.999999747378752e-05,3.232564267818816e-06,,,,,,,,,,,,,,,,,,,,,,,,,,,,,,,,,,,,,,,,,,,,,
47,23711,,,,,,,,,,,,,,,,0.9158364534378052,0.33418798446655273,0.31323495507240295,0.4555509686470032,0.5848689675331116,0.9270973205566406,0.9638079404830933,0.6274764537811279,0.48180097341537476,0.8670276403427124,0.46179717779159546,0.9640463590621948,0.8620848655700684,0.9975472688674927,0.9685112833976746,0.8864486217498779,0.8635852336883545,0.8823686838150024,0.9168727397918701,0.3339071273803711,0.29975733160972595,0.4530109763145447,0.5812082886695862,0.928124725818634,0.9639472961425781,0.6251307725906372,0.48750075697898865,0.8671123385429382,0.4421142339706421,0.9664450287818909,0.8614596128463745,0.9950945377349854,0.9695475697517395,0.8821898698806763,0.8645480871200562,0.8879995942115784,0.7316453456878662,0.7575417160987854,0.8401488661766052,0.8879995942115784,0.7316453456878662,0.7575417160987854,0.8401488661766052,0.9387229084968567,0.8524322509765625
47,23711,33.95926284790039,33.98127365112305,33.9725456237793,33.734310150146484,0.007083830889314413,2.0333213806152344,0.011513452045619488,0.0580018050968647,0.21904930472373962,0.8935489654541016,0.05596592649817467,0.23060815036296844,,,,,,,,,,,,,,,,,,,,,,,,,,,,,,,,,,,,,,,,,,,,,,,,
48,23749,,,,,,,,,,,,,9.999999747378752e-05,9.999999747378752e-05,3.232564267818816e-06,,,,,,,,,,,,,,,,,,,,,,,,,,,,,,,,,,,,,,,,,,,,,
48,23799,,,,,,,,,,,,,9.999999747378752e-05,9.999999747378752e-05,3.232564267818816e-06,,,,,,,,,,,,,,,,,,,,,,,,,,,,,,,,,,,,,,,,,,,,,
48,23849,,,,,,,,,,,,,9.999999747378752e-05,9.999999747378752e-05,3.232564267818816e-06,,,,,,,,,,,,,,,,,,,,,,,,,,,,,,,,,,,,,,,,,,,,,
48,23899,,,,,,,,,,,,,9.999999747378752e-05,9.999999747378752e-05,3.232564267818816e-06,,,,,,,,,,,,,,,,,,,,,,,,,,,,,,,,,,,,,,,,,,,,,
48,23949,,,,,,,,,,,,,9.999999747378752e-05,9.999999747378752e-05,3.232564267818816e-06,,,,,,,,,,,,,,,,,,,,,,,,,,,,,,,,,,,,,,,,,,,,,
48,23999,,,,,,,,,,,,,9.999999747378752e-05,9.999999747378752e-05,3.232564267818816e-06,,,,,,,,,,,,,,,,,,,,,,,,,,,,,,,,,,,,,,,,,,,,,
48,24049,,,,,,,,,,,,,9.999999747378752e-05,9.999999747378752e-05,3.232564267818816e-06,,,,,,,,,,,,,,,,,,,,,,,,,,,,,,,,,,,,,,,,,,,,,
48,24099,,,,,,,,,,,,,9.999999747378752e-05,9.999999747378752e-05,3.232564267818816e-06,,,,,,,,,,,,,,,,,,,,,,,,,,,,,,,,,,,,,,,,,,,,,
48,24149,,,,,,,,,,,,,9.999999747378752e-05,9.999999747378752e-05,3.232564267818816e-06,,,,,,,,,,,,,,,,,,,,,,,,,,,,,,,,,,,,,,,,,,,,,
48,24199,,,,,,,,,,,,,9.999999747378752e-05,9.999999747378752e-05,3.232564267818816e-06,,,,,,,,,,,,,,,,,,,,,,,,,,,,,,,,,,,,,,,,,,,,,
48,24205,,,,,,,,,,,,,,,,0.919409990310669,0.35807764530181885,0.3098059296607971,0.4601002037525177,0.5882247686386108,0.9335528016090393,0.9637142419815063,0.6229134798049927,0.460638165473938,0.8686286211013794,0.43572139739990234,0.9600663781166077,0.8590922355651855,0.9951395392417908,0.9681887030601501,0.8841803669929504,0.8628311157226562,0.8834946751594543,0.921947181224823,0.382248193025589,0.3198545575141907,0.4671894311904907,0.5952413082122803,0.9389808773994446,0.9634811878204346,0.6206961870193481,0.43377554416656494,0.8701449036598206,0.429328590631485,0.9536877274513245,0.8567249178886414,0.9951845407485962,0.9668298363685608,0.8861708641052246,0.8611140847206116,0.8961993455886841,0.7330940961837769,0.7621331214904785,0.8428691625595093,0.8961993455886841,0.7330940961837769,0.7621331214904785,0.8428691625595093,0.9013561606407166,0.8778833746910095
48,24205,33.960147857666016,33.887020111083984,33.95787048339844,33.80655288696289,0.014298520050942898,2.0120227336883545,0.011494011618196964,0.05624706298112869,0.2224944829940796,0.8849444389343262,0.05663339048624039,0.22630533576011658,,,,,,,,,,,,,,,,,,,,,,,,,,,,,,,,,,,,,,,,,,,,,,,,
49,24249,,,,,,,,,,,,,9.999999747378752e-05,9.999999747378752e-05,3.232564267818816e-06,,,,,,,,,,,,,,,,,,,,,,,,,,,,,,,,,,,,,,,,,,,,,
49,24299,,,,,,,,,,,,,9.999999747378752e-05,9.999999747378752e-05,3.232564267818816e-06,,,,,,,,,,,,,,,,,,,,,,,,,,,,,,,,,,,,,,,,,,,,,
49,24349,,,,,,,,,,,,,9.999999747378752e-05,9.999999747378752e-05,3.232564267818816e-06,,,,,,,,,,,,,,,,,,,,,,,,,,,,,,,,,,,,,,,,,,,,,
49,24399,,,,,,,,,,,,,9.999999747378752e-05,9.999999747378752e-05,3.232564267818816e-06,,,,,,,,,,,,,,,,,,,,,,,,,,,,,,,,,,,,,,,,,,,,,
49,24449,,,,,,,,,,,,,9.999999747378752e-05,9.999999747378752e-05,3.232564267818816e-06,,,,,,,,,,,,,,,,,,,,,,,,,,,,,,,,,,,,,,,,,,,,,
49,24499,,,,,,,,,,,,,9.999999747378752e-05,9.999999747378752e-05,3.232564267818816e-06,,,,,,,,,,,,,,,,,,,,,,,,,,,,,,,,,,,,,,,,,,,,,
49,24549,,,,,,,,,,,,,9.999999747378752e-05,9.999999747378752e-05,3.232564267818816e-06,,,,,,,,,,,,,,,,,,,,,,,,,,,,,,,,,,,,,,,,,,,,,
49,24599,,,,,,,,,,,,,9.999999747378752e-05,9.999999747378752e-05,3.232564267818816e-06,,,,,,,,,,,,,,,,,,,,,,,,,,,,,,,,,,,,,,,,,,,,,
49,24649,,,,,,,,,,,,,9.999999747378752e-05,9.999999747378752e-05,3.232564267818816e-06,,,,,,,,,,,,,,,,,,,,,,,,,,,,,,,,,,,,,,,,,,,,,
49,24699,,,,,,,,,,,,,9.999999747378752e-05,9.999999747378752e-05,3.232564267818816e-06,,,,,,,,,,,,,,,,,,,,,,,,,,,,,,,,,,,,,,,,,,,,,
49,24699,,,,,,,,,,,,,,,,0.9225867986679077,0.35757631063461304,0.31710198521614075,0.4571036696434021,0.5911744832992554,0.9325779676437378,0.9632065296173096,0.623059868812561,0.4066326916217804,0.8712292909622192,0.4604167640209198,0.9561800956726074,0.8584343194961548,0.9952408075332642,0.9649999141693115,0.8860523700714111,0.8612791299819946,0.8732189536094666,0.9232264161109924,0.3329044580459595,0.3143494129180908,0.4470179080963135,0.5871075987815857,0.9261751174926758,0.9629318714141846,0.6254236102104187,0.37948983907699585,0.8723136782646179,0.4915049374103546,0.9586724042892456,0.860143780708313,0.9952970147132874,0.963170051574707,0.8859338164329529,0.8614441156387329,0.8870692253112793,0.7286533117294312,0.7549775838851929,0.846894383430481,0.8870692253112793,0.7286533117294312,0.7549775838851929,0.846894383430481,0.9244436025619507,0.8471086025238037
49,24699,33.944583892822266,33.95268249511719,33.96406936645508,33.84235763549805,0.012386275455355644,2.0054593086242676,0.011464836075901985,0.056580789387226105,0.22062541544437408,0.8801276087760925,0.05648209899663925,0.22575704753398895,,,,,,,,,,,,,,,,,,,,,,,,,,,,,,,,,,,,,,,,,,,,,,,,
50,24749,,,,,,,,,,,,,9.999999747378752e-05,9.999999747378752e-05,3.232564267818816e-06,,,,,,,,,,,,,,,,,,,,,,,,,,,,,,,,,,,,,,,,,,,,,
50,24799,,,,,,,,,,,,,9.999999747378752e-05,9.999999747378752e-05,3.232564267818816e-06,,,,,,,,,,,,,,,,,,,,,,,,,,,,,,,,,,,,,,,,,,,,,
50,24849,,,,,,,,,,,,,9.999999747378752e-05,9.999999747378752e-05,3.232564267818816e-06,,,,,,,,,,,,,,,,,,,,,,,,,,,,,,,,,,,,,,,,,,,,,
50,24899,,,,,,,,,,,,,9.999999747378752e-05,9.999999747378752e-05,3.232564267818816e-06,,,,,,,,,,,,,,,,,,,,,,,,,,,,,,,,,,,,,,,,,,,,,
50,24949,,,,,,,,,,,,,9.999999747378752e-05,9.999999747378752e-05,3.232564267818816e-06,,,,,,,,,,,,,,,,,,,,,,,,,,,,,,,,,,,,,,,,,,,,,
50,24999,,,,,,,,,,,,,9.999999747378752e-05,9.999999747378752e-05,3.232564267818816e-06,,,,,,,,,,,,,,,,,,,,,,,,,,,,,,,,,,,,,,,,,,,,,
50,25049,,,,,,,,,,,,,9.999999747378752e-05,9.999999747378752e-05,3.232564267818816e-06,,,,,,,,,,,,,,,,,,,,,,,,,,,,,,,,,,,,,,,,,,,,,
50,25099,,,,,,,,,,,,,9.999999747378752e-05,9.999999747378752e-05,3.232564267818816e-06,,,,,,,,,,,,,,,,,,,,,,,,,,,,,,,,,,,,,,,,,,,,,
50,25149,,,,,,,,,,,,,9.999999747378752e-05,9.999999747378752e-05,3.232564267818816e-06,,,,,,,,,,,,,,,,,,,,,,,,,,,,,,,,,,,,,,,,,,,,,
50,25193,,,,,,,,,,,,,,,,0.9217042326927185,0.351357638835907,0.3362213373184204,0.4468306005001068,0.5941528677940369,0.9251683950424194,0.9638417363166809,0.624054491519928,0.42684242129325867,0.8710930347442627,0.4902232587337494,0.9610723257064819,0.8593816757202148,0.9955346584320068,0.9652504920959473,0.8838812708854675,0.8614155054092407,0.8867083787918091,0.9201820492744446,0.3698108196258545,0.3580932915210724,0.44664329290390015,0.601198136806488,0.9241617321968079,0.9647516012191772,0.6226853728294373,0.4741950035095215,0.8698724508285522,0.48894158005714417,0.9634721875190735,0.8586195707321167,0.9957723021507263,0.9673308730125427,0.8818287253379822,0.8613868355751038,0.8956603407859802,0.7393497228622437,0.7806075215339661,0.844660758972168,0.8956603407859802,0.7393497228622437,0.7806075215339661,0.844660758972168,0.9211438298225403,0.8690834045410156
50,25193,33.95622634887695,33.91017150878906,33.98013687133789,33.941673278808594,0.015533586032688618,1.9379316568374634,0.011407888494431973,0.0539483018219471,0.21652723848819733,0.8446742296218872,0.0558677539229393,0.2191070020198822,,,,,,,,,,,,,,,,,,,,,,,,,,,,,,,,,,,,,,,,,,,,,,,,
51,25199,,,,,,,,,,,,,9.999999747378752e-05,9.999999747378752e-05,3.232564267818816e-06,,,,,,,,,,,,,,,,,,,,,,,,,,,,,,,,,,,,,,,,,,,,,
51,25249,,,,,,,,,,,,,9.999999747378752e-05,9.999999747378752e-05,3.232564267818816e-06,,,,,,,,,,,,,,,,,,,,,,,,,,,,,,,,,,,,,,,,,,,,,
51,25299,,,,,,,,,,,,,9.999999747378752e-05,9.999999747378752e-05,3.232564267818816e-06,,,,,,,,,,,,,,,,,,,,,,,,,,,,,,,,,,,,,,,,,,,,,
51,25349,,,,,,,,,,,,,9.999999747378752e-05,9.999999747378752e-05,3.232564267818816e-06,,,,,,,,,,,,,,,,,,,,,,,,,,,,,,,,,,,,,,,,,,,,,
51,25399,,,,,,,,,,,,,9.999999747378752e-05,9.999999747378752e-05,3.232564267818816e-06,,,,,,,,,,,,,,,,,,,,,,,,,,,,,,,,,,,,,,,,,,,,,
51,25449,,,,,,,,,,,,,9.999999747378752e-05,9.999999747378752e-05,3.232564267818816e-06,,,,,,,,,,,,,,,,,,,,,,,,,,,,,,,,,,,,,,,,,,,,,
51,25499,,,,,,,,,,,,,9.999999747378752e-05,9.999999747378752e-05,3.232564267818816e-06,,,,,,,,,,,,,,,,,,,,,,,,,,,,,,,,,,,,,,,,,,,,,
51,25549,,,,,,,,,,,,,9.999999747378752e-05,9.999999747378752e-05,3.232564267818816e-06,,,,,,,,,,,,,,,,,,,,,,,,,,,,,,,,,,,,,,,,,,,,,
51,25599,,,,,,,,,,,,,9.999999747378752e-05,9.999999747378752e-05,3.232564267818816e-06,,,,,,,,,,,,,,,,,,,,,,,,,,,,,,,,,,,,,,,,,,,,,
51,25649,,,,,,,,,,,,,9.999999747378752e-05,9.999999747378752e-05,3.232564267818816e-06,,,,,,,,,,,,,,,,,,,,,,,,,,,,,,,,,,,,,,,,,,,,,
51,25687,,,,,,,,,,,,,,,,0.9181160926818848,0.3701305389404297,0.3312530517578125,0.4637274742126465,0.6144024133682251,0.9290441274642944,0.9644067287445068,0.6326993107795715,0.4752228260040283,0.871671199798584,0.4609852135181427,0.962502658367157,0.8613789081573486,0.9955406785011292,0.9670034646987915,0.8792493343353271,0.8618110418319702,0.8884389996528625,0.9160500764846802,0.37045028805732727,0.3044128119945526,0.4808116853237152,0.6276067495346069,0.933926522731781,0.9640617966651917,0.6427132487297058,0.47625064849853516,0.8734699487686157,0.43302884697914124,0.9615331292152405,0.8641381859779358,0.995309054851532,0.9666760563850403,0.8766698837280273,0.8622353076934814,0.8949075937271118,0.7381967306137085,0.7732938528060913,0.8449927568435669,0.8949075937271118,0.7381967306137085,0.7732938528060913,0.8449927568435669,0.9364564418792725,0.8621752262115479
51,25687,33.96065139770508,34.082489013671875,34.0003776550293,33.98216247558594,0.0013143871910870075,1.911903738975525,0.011051458306610584,0.05181032046675682,0.21537309885025024,0.8413695096969604,0.05514345318078995,0.2152828425168991,,,,,,,,,,,,,,,,,,,,,,,,,,,,,,,,,,,,,,,,,,,,,,,,
52,25699,,,,,,,,,,,,,9.999999747378752e-05,9.999999747378752e-05,3.232564267818816e-06,,,,,,,,,,,,,,,,,,,,,,,,,,,,,,,,,,,,,,,,,,,,,
52,25749,,,,,,,,,,,,,9.999999747378752e-05,9.999999747378752e-05,3.232564267818816e-06,,,,,,,,,,,,,,,,,,,,,,,,,,,,,,,,,,,,,,,,,,,,,
52,25799,,,,,,,,,,,,,9.999999747378752e-05,9.999999747378752e-05,3.232564267818816e-06,,,,,,,,,,,,,,,,,,,,,,,,,,,,,,,,,,,,,,,,,,,,,
52,25849,,,,,,,,,,,,,9.999999747378752e-05,9.999999747378752e-05,3.232564267818816e-06,,,,,,,,,,,,,,,,,,,,,,,,,,,,,,,,,,,,,,,,,,,,,
52,25899,,,,,,,,,,,,,9.999999747378752e-05,9.999999747378752e-05,3.232564267818816e-06,,,,,,,,,,,,,,,,,,,,,,,,,,,,,,,,,,,,,,,,,,,,,
52,25949,,,,,,,,,,,,,9.999999747378752e-05,9.999999747378752e-05,3.232564267818816e-06,,,,,,,,,,,,,,,,,,,,,,,,,,,,,,,,,,,,,,,,,,,,,
52,25999,,,,,,,,,,,,,9.999999747378752e-05,9.999999747378752e-05,3.232564267818816e-06,,,,,,,,,,,,,,,,,,,,,,,,,,,,,,,,,,,,,,,,,,,,,
52,26049,,,,,,,,,,,,,9.999999747378752e-05,9.999999747378752e-05,3.232564267818816e-06,,,,,,,,,,,,,,,,,,,,,,,,,,,,,,,,,,,,,,,,,,,,,
52,26099,,,,,,,,,,,,,9.999999747378752e-05,9.999999747378752e-05,3.232564267818816e-06,,,,,,,,,,,,,,,,,,,,,,,,,,,,,,,,,,,,,,,,,,,,,
52,26149,,,,,,,,,,,,,9.999999747378752e-05,9.999999747378752e-05,3.232564267818816e-06,,,,,,,,,,,,,,,,,,,,,,,,,,,,,,,,,,,,,,,,,,,,,
52,26181,,,,,,,,,,,,,,,,0.9179832935333252,0.36956787109375,0.3099651038646698,0.48834070563316345,0.6161136627197266,0.9295922517776489,0.9640763998031616,0.6401547193527222,0.4640476405620575,0.8746979236602783,0.46058109402656555,0.9596717357635498,0.8649812936782837,0.9959443807601929,0.9635006189346313,0.8760497570037842,0.8608413934707642,0.881252646446228,0.9199164509773254,0.3686854839324951,0.315517395734787,0.4958697259426117,0.6046205759048462,0.9252579808235168,0.9640909433364868,0.6375962495803833,0.45184463262557983,0.8759258389472961,0.48813334107398987,0.9578103423118591,0.8658244609832764,0.996579647064209,0.9603251218795776,0.8754295706748962,0.8594474792480469,0.8962445855140686,0.7389926910400391,0.7758309841156006,0.8541024923324585,0.8962445855140686,0.7389926910400391,0.7758309841156006,0.8541024923324585,0.9043722152709961,0.868101179599762
52,26181,33.94470977783203,34.11057662963867,33.98494338989258,33.94736862182617,0.007583510130643845,1.912790298461914,0.011108677834272385,0.05325056239962578,0.21375279128551483,0.8392388224601746,0.054715558886528015,0.21428561210632324,,,,,,,,,,,,,,,,,,,,,,,,,,,,,,,,,,,,,,,,,,,,,,,,
53,26199,,,,,,,,,,,,,9.999999747378752e-05,9.999999747378752e-05,3.232564267818816e-06,,,,,,,,,,,,,,,,,,,,,,,,,,,,,,,,,,,,,,,,,,,,,
53,26249,,,,,,,,,,,,,9.999999747378752e-05,9.999999747378752e-05,3.232564267818816e-06,,,,,,,,,,,,,,,,,,,,,,,,,,,,,,,,,,,,,,,,,,,,,
53,26299,,,,,,,,,,,,,9.999999747378752e-05,9.999999747378752e-05,3.232564267818816e-06,,,,,,,,,,,,,,,,,,,,,,,,,,,,,,,,,,,,,,,,,,,,,
53,26349,,,,,,,,,,,,,9.999999747378752e-05,9.999999747378752e-05,3.232564267818816e-06,,,,,,,,,,,,,,,,,,,,,,,,,,,,,,,,,,,,,,,,,,,,,
53,26399,,,,,,,,,,,,,9.999999747378752e-05,9.999999747378752e-05,3.232564267818816e-06,,,,,,,,,,,,,,,,,,,,,,,,,,,,,,,,,,,,,,,,,,,,,
53,26449,,,,,,,,,,,,,9.999999747378752e-05,9.999999747378752e-05,3.232564267818816e-06,,,,,,,,,,,,,,,,,,,,,,,,,,,,,,,,,,,,,,,,,,,,,
53,26499,,,,,,,,,,,,,9.999999747378752e-05,9.999999747378752e-05,3.232564267818816e-06,,,,,,,,,,,,,,,,,,,,,,,,,,,,,,,,,,,,,,,,,,,,,
53,26549,,,,,,,,,,,,,9.999999747378752e-05,9.999999747378752e-05,3.232564267818816e-06,,,,,,,,,,,,,,,,,,,,,,,,,,,,,,,,,,,,,,,,,,,,,
53,26599,,,,,,,,,,,,,9.999999747378752e-05,9.999999747378752e-05,3.232564267818816e-06,,,,,,,,,,,,,,,,,,,,,,,,,,,,,,,,,,,,,,,,,,,,,
53,26649,,,,,,,,,,,,,9.999999747378752e-05,9.999999747378752e-05,3.232564267818816e-06,,,,,,,,,,,,,,,,,,,,,,,,,,,,,,,,,,,,,,,,,,,,,
53,26675,,,,,,,,,,,,,,,,0.9180808067321777,0.3781173825263977,0.3195616602897644,0.4796835780143738,0.607839047908783,0.9257007837295532,0.9644995927810669,0.635444164276123,0.429493248462677,0.8782880306243896,0.4904615879058838,0.9588735103607178,0.8596092462539673,0.9960237741470337,0.9590940475463867,0.8821199536323547,0.857367992401123,0.8875221014022827,0.9162451028823853,0.3875492513179779,0.3236059248447418,0.46349745988845825,0.6110575199127197,0.9261435270309448,0.9649083018302917,0.6332921385765076,0.4071418344974518,0.8806501626968384,0.4927898645401001,0.9599366784095764,0.8533940315246582,0.9954679012298584,0.9578629732131958,0.8888103365898132,0.8552884459495544,0.8940542340278625,0.7363318204879761,0.7758017182350159,0.8530179858207703,0.8940542340278625,0.7363318204879761,0.7758017182350159,0.8530179858207703,0.9001043438911438,0.8821243643760681
53,26675,33.94116973876953,33.96723175048828,33.94319152832031,33.86753463745117,0.008862468414008617,1.9122554063796997,0.011212768033146858,0.053221628069877625,0.21441276371479034,0.8353835940361023,0.055235605686903,0.2149074524641037,,,,,,,,,,,,,,,,,,,,,,,,,,,,,,,,,,,,,,,,,,,,,,,,
54,26699,,,,,,,,,,,,,9.999999747378752e-05,9.999999747378752e-05,3.232564267818816e-06,,,,,,,,,,,,,,,,,,,,,,,,,,,,,,,,,,,,,,,,,,,,,
54,26749,,,,,,,,,,,,,9.999999747378752e-05,9.999999747378752e-05,3.232564267818816e-06,,,,,,,,,,,,,,,,,,,,,,,,,,,,,,,,,,,,,,,,,,,,,
54,26799,,,,,,,,,,,,,9.999999747378752e-05,9.999999747378752e-05,3.232564267818816e-06,,,,,,,,,,,,,,,,,,,,,,,,,,,,,,,,,,,,,,,,,,,,,
54,26849,,,,,,,,,,,,,9.999999747378752e-05,9.999999747378752e-05,3.232564267818816e-06,,,,,,,,,,,,,,,,,,,,,,,,,,,,,,,,,,,,,,,,,,,,,
54,26899,,,,,,,,,,,,,9.999999747378752e-05,9.999999747378752e-05,3.232564267818816e-06,,,,,,,,,,,,,,,,,,,,,,,,,,,,,,,,,,,,,,,,,,,,,
54,26949,,,,,,,,,,,,,9.999999747378752e-05,9.999999747378752e-05,3.232564267818816e-06,,,,,,,,,,,,,,,,,,,,,,,,,,,,,,,,,,,,,,,,,,,,,
54,26999,,,,,,,,,,,,,9.999999747378752e-05,9.999999747378752e-05,3.232564267818816e-06,,,,,,,,,,,,,,,,,,,,,,,,,,,,,,,,,,,,,,,,,,,,,
54,27049,,,,,,,,,,,,,9.999999747378752e-05,9.999999747378752e-05,3.232564267818816e-06,,,,,,,,,,,,,,,,,,,,,,,,,,,,,,,,,,,,,,,,,,,,,
54,27099,,,,,,,,,,,,,9.999999747378752e-05,9.999999747378752e-05,3.232564267818816e-06,,,,,,,,,,,,,,,,,,,,,,,,,,,,,,,,,,,,,,,,,,,,,
54,27149,,,,,,,,,,,,,9.999999747378752e-05,9.999999747378752e-05,3.232564267818816e-06,,,,,,,,,,,,,,,,,,,,,,,,,,,,,,,,,,,,,,,,,,,,,
54,27169,,,,,,,,,,,,,,,,0.9163386821746826,0.3670889139175415,0.32647261023521423,0.4665178954601288,0.6329410076141357,0.9250204563140869,0.9648114442825317,0.6376250386238098,0.41259026527404785,0.8786765933036804,0.4847381114959717,0.9603228569030762,0.8526023626327515,0.9957424998283386,0.9590227007865906,0.8820250034332275,0.8567017316818237,0.8850768804550171,0.9164322018623352,0.3466285765171051,0.32933929562568665,0.4695383310317993,0.654824435710907,0.9238974452018738,0.9647146463394165,0.6419579386711121,0.4180387258529663,0.8767030239105225,0.4766863286495209,0.9607089757919312,0.8518106341362,0.9960170984268188,0.9601824283599854,0.8752396702766418,0.8581149578094482,0.8963936567306519,0.7365196943283081,0.768141508102417,0.8555502891540527,0.8963936567306519,0.7365196943283081,0.768141508102417,0.8555502891540527,0.9244058728218079,0.8641834259033203
54,27169,33.94546890258789,33.950782775878906,33.95369338989258,33.92864227294922,0.009929795749485493,1.8760613203048706,0.010949279181659222,0.05215027555823326,0.21142441034317017,0.8182370066642761,0.05425972491502762,0.21119073033332825,,,,,,,,,,,,,,,,,,,,,,,,,,,,,,,,,,,,,,,,,,,,,,,,
55,27199,,,,,,,,,,,,,9.999999747378752e-05,9.999999747378752e-05,3.232564267818816e-06,,,,,,,,,,,,,,,,,,,,,,,,,,,,,,,,,,,,,,,,,,,,,
55,27249,,,,,,,,,,,,,9.999999747378752e-05,9.999999747378752e-05,3.232564267818816e-06,,,,,,,,,,,,,,,,,,,,,,,,,,,,,,,,,,,,,,,,,,,,,
55,27299,,,,,,,,,,,,,9.999999747378752e-05,9.999999747378752e-05,3.232564267818816e-06,,,,,,,,,,,,,,,,,,,,,,,,,,,,,,,,,,,,,,,,,,,,,
55,27349,,,,,,,,,,,,,9.999999747378752e-05,9.999999747378752e-05,3.232564267818816e-06,,,,,,,,,,,,,,,,,,,,,,,,,,,,,,,,,,,,,,,,,,,,,
55,27399,,,,,,,,,,,,,9.999999747378752e-05,9.999999747378752e-05,3.232564267818816e-06,,,,,,,,,,,,,,,,,,,,,,,,,,,,,,,,,,,,,,,,,,,,,
55,27449,,,,,,,,,,,,,9.999999747378752e-05,9.999999747378752e-05,3.232564267818816e-06,,,,,,,,,,,,,,,,,,,,,,,,,,,,,,,,,,,,,,,,,,,,,
55,27499,,,,,,,,,,,,,9.999999747378752e-05,9.999999747378752e-05,3.232564267818816e-06,,,,,,,,,,,,,,,,,,,,,,,,,,,,,,,,,,,,,,,,,,,,,
55,27549,,,,,,,,,,,,,9.999999747378752e-05,9.999999747378752e-05,3.232564267818816e-06,,,,,,,,,,,,,,,,,,,,,,,,,,,,,,,,,,,,,,,,,,,,,
55,27599,,,,,,,,,,,,,9.999999747378752e-05,9.999999747378752e-05,3.232564267818816e-06,,,,,,,,,,,,,,,,,,,,,,,,,,,,,,,,,,,,,,,,,,,,,
55,27649,,,,,,,,,,,,,9.999999747378752e-05,9.999999747378752e-05,3.232564267818816e-06,,,,,,,,,,,,,,,,,,,,,,,,,,,,,,,,,,,,,,,,,,,,,
55,27663,,,,,,,,,,,,,,,,0.9163347482681274,0.3519776463508606,0.3277527093887329,0.45977407693862915,0.6261521577835083,0.9300023317337036,0.9637727737426758,0.640505313873291,0.41921788454055786,0.8755627870559692,0.4641125202178955,0.9611301422119141,0.8552745580673218,0.9962759017944336,0.9602048993110657,0.8783966898918152,0.8585452437400818,0.877997100353241,0.9162372946739197,0.3573267459869385,0.3261661231517792,0.4500097930431366,0.5974798202514648,0.9361072778701782,0.9628309607505798,0.6390527486801147,0.4203970730304718,0.8744224905967712,0.45153868198394775,0.961551308631897,0.8587384223937988,0.9965346455574036,0.960227370262146,0.8815537095069885,0.8589755296707153,0.8841909170150757,0.7323029637336731,0.7613444328308105,0.8516706824302673,0.8841909170150757,0.7323029637336731,0.7613444328308105,0.8516706824302673,0.9294513463973999,0.8503570556640625
55,27663,33.967613220214844,34.05529022216797,34.006324768066406,33.967613220214844,0.015517895109951496,1.8976242542266846,0.011129157617688179,0.052532926201820374,0.21547603607177734,0.829979419708252,0.05456263944506645,0.21236686408519745,,,,,,,,,,,,,,,,,,,,,,,,,,,,,,,,,,,,,,,,,,,,,,,,
56,27699,,,,,,,,,,,,,9.999999747378752e-05,9.999999747378752e-05,3.232564267818816e-06,,,,,,,,,,,,,,,,,,,,,,,,,,,,,,,,,,,,,,,,,,,,,
56,27749,,,,,,,,,,,,,9.999999747378752e-05,9.999999747378752e-05,3.232564267818816e-06,,,,,,,,,,,,,,,,,,,,,,,,,,,,,,,,,,,,,,,,,,,,,
56,27799,,,,,,,,,,,,,9.999999747378752e-05,9.999999747378752e-05,3.232564267818816e-06,,,,,,,,,,,,,,,,,,,,,,,,,,,,,,,,,,,,,,,,,,,,,
56,27849,,,,,,,,,,,,,9.999999747378752e-05,9.999999747378752e-05,3.232564267818816e-06,,,,,,,,,,,,,,,,,,,,,,,,,,,,,,,,,,,,,,,,,,,,,
56,27899,,,,,,,,,,,,,9.999999747378752e-05,9.999999747378752e-05,3.232564267818816e-06,,,,,,,,,,,,,,,,,,,,,,,,,,,,,,,,,,,,,,,,,,,,,
56,27949,,,,,,,,,,,,,9.999999747378752e-05,9.999999747378752e-05,3.232564267818816e-06,,,,,,,,,,,,,,,,,,,,,,,,,,,,,,,,,,,,,,,,,,,,,
56,27999,,,,,,,,,,,,,9.999999747378752e-05,9.999999747378752e-05,3.232564267818816e-06,,,,,,,,,,,,,,,,,,,,,,,,,,,,,,,,,,,,,,,,,,,,,
56,28049,,,,,,,,,,,,,9.999999747378752e-05,9.999999747378752e-05,3.232564267818816e-06,,,,,,,,,,,,,,,,,,,,,,,,,,,,,,,,,,,,,,,,,,,,,
56,28099,,,,,,,,,,,,,9.999999747378752e-05,9.999999747378752e-05,3.232564267818816e-06,,,,,,,,,,,,,,,,,,,,,,,,,,,,,,,,,,,,,,,,,,,,,
56,28149,,,,,,,,,,,,,9.999999747378752e-05,9.999999747378752e-05,3.232564267818816e-06,,,,,,,,,,,,,,,,,,,,,,,,,,,,,,,,,,,,,,,,,,,,,
56,28157,,,,,,,,,,,,,,,,0.9145992994308472,0.34992527961730957,0.3691266179084778,0.4418339729309082,0.6001479029655457,0.9330195188522339,0.9629109501838684,0.6346225738525391,0.42671090364456177,0.8728890419006348,0.4696786403656006,0.9613003730773926,0.8613122701644897,0.9944920539855957,0.9604520797729492,0.8908555507659912,0.8605316281318665,0.8779016733169556,0.9129613637924194,0.34252381324768066,0.4120871126651764,0.4336581230163574,0.6028159856796265,0.9299317002296448,0.962990939617157,0.6301923394203186,0.43302470445632935,0.8713555932044983,0.4878185987472534,0.9610494375228882,0.8638861775398254,0.9924495220184326,0.9606767296791077,0.9001573324203491,0.8620877265930176,0.8876128792762756,0.7388039231300354,0.7709440588951111,0.851963460445404,0.8876128792762756,0.7388039231300354,0.7709440588951111,0.851963460445404,0.9073655009269714,0.8644856810569763
56,28157,33.9545783996582,34.0593376159668,33.973304748535156,33.50809860229492,0.006243176758289337,1.957124948501587,0.01098998449742794,0.055459875613451004,0.21272756159305573,0.8700295090675354,0.05414601415395737,0.21691259741783142,,,,,,,,,,,,,,,,,,,,,,,,,,,,,,,,,,,,,,,,,,,,,,,,
57,28199,,,,,,,,,,,,,9.999999747378752e-05,9.999999747378752e-05,3.232564267818816e-06,,,,,,,,,,,,,,,,,,,,,,,,,,,,,,,,,,,,,,,,,,,,,
57,28249,,,,,,,,,,,,,9.999999747378752e-05,9.999999747378752e-05,3.232564267818816e-06,,,,,,,,,,,,,,,,,,,,,,,,,,,,,,,,,,,,,,,,,,,,,
57,28299,,,,,,,,,,,,,9.999999747378752e-05,9.999999747378752e-05,3.232564267818816e-06,,,,,,,,,,,,,,,,,,,,,,,,,,,,,,,,,,,,,,,,,,,,,
57,28349,,,,,,,,,,,,,9.999999747378752e-05,9.999999747378752e-05,3.232564267818816e-06,,,,,,,,,,,,,,,,,,,,,,,,,,,,,,,,,,,,,,,,,,,,,
57,28399,,,,,,,,,,,,,9.999999747378752e-05,9.999999747378752e-05,3.232564267818816e-06,,,,,,,,,,,,,,,,,,,,,,,,,,,,,,,,,,,,,,,,,,,,,
57,28449,,,,,,,,,,,,,9.999999747378752e-05,9.999999747378752e-05,3.232564267818816e-06,,,,,,,,,,,,,,,,,,,,,,,,,,,,,,,,,,,,,,,,,,,,,
57,28499,,,,,,,,,,,,,9.999999747378752e-05,9.999999747378752e-05,3.232564267818816e-06,,,,,,,,,,,,,,,,,,,,,,,,,,,,,,,,,,,,,,,,,,,,,
57,28549,,,,,,,,,,,,,9.999999747378752e-05,9.999999747378752e-05,3.232564267818816e-06,,,,,,,,,,,,,,,,,,,,,,,,,,,,,,,,,,,,,,,,,,,,,
57,28599,,,,,,,,,,,,,9.999999747378752e-05,9.999999747378752e-05,3.232564267818816e-06,,,,,,,,,,,,,,,,,,,,,,,,,,,,,,,,,,,,,,,,,,,,,
57,28649,,,,,,,,,,,,,9.999999747378752e-05,9.999999747378752e-05,3.232564267818816e-06,,,,,,,,,,,,,,,,,,,,,,,,,,,,,,,,,,,,,,,,,,,,,
57,28651,,,,,,,,,,,,,,,,0.916739821434021,0.34298306703567505,0.378383994102478,0.4537159502506256,0.6124011874198914,0.932044506072998,0.9638234376907349,0.6259540915489197,0.43260884284973145,0.8727543354034424,0.4898526072502136,0.9637688398361206,0.8651436567306519,0.9945998191833496,0.9628044366836548,0.8941104412078857,0.8589946627616882,0.881820797920227,0.9205183386802673,0.34344229102134705,0.34468087553977966,0.4737737774848938,0.6219863891601562,0.9341573715209961,0.9646559953689575,0.6217158436775208,0.43219295144081116,0.8741531372070312,0.49188658595085144,0.9664883017539978,0.8664010763168335,0.9967500567436218,0.9649320840835571,0.8880636096000671,0.8559015989303589,0.8906278014183044,0.7389235496520996,0.7669168710708618,0.8511089086532593,0.8906278014183044,0.7389235496520996,0.7669168710708618,0.8511089086532593,0.9093366265296936,0.8671754598617554
57,28651,33.97077560424805,34.005821228027344,33.99430847167969,33.70635223388672,0.012170258909463882,1.949061632156372,0.01110514160245657,0.05508769303560257,0.2140234410762787,0.8659276366233826,0.05419338494539261,0.2148793786764145,,,,,,,,,,,,,,,,,,,,,,,,,,,,,,,,,,,,,,,,,,,,,,,,
58,28699,,,,,,,,,,,,,9.999999747378752e-05,9.999999747378752e-05,3.232564267818816e-06,,,,,,,,,,,,,,,,,,,,,,,,,,,,,,,,,,,,,,,,,,,,,
58,28749,,,,,,,,,,,,,9.999999747378752e-05,9.999999747378752e-05,3.232564267818816e-06,,,,,,,,,,,,,,,,,,,,,,,,,,,,,,,,,,,,,,,,,,,,,
58,28799,,,,,,,,,,,,,9.999999747378752e-05,9.999999747378752e-05,3.232564267818816e-06,,,,,,,,,,,,,,,,,,,,,,,,,,,,,,,,,,,,,,,,,,,,,
58,28849,,,,,,,,,,,,,9.999999747378752e-05,9.999999747378752e-05,3.232564267818816e-06,,,,,,,,,,,,,,,,,,,,,,,,,,,,,,,,,,,,,,,,,,,,,
58,28899,,,,,,,,,,,,,9.999999747378752e-05,9.999999747378752e-05,3.232564267818816e-06,,,,,,,,,,,,,,,,,,,,,,,,,,,,,,,,,,,,,,,,,,,,,
58,28949,,,,,,,,,,,,,9.999999747378752e-05,9.999999747378752e-05,3.232564267818816e-06,,,,,,,,,,,,,,,,,,,,,,,,,,,,,,,,,,,,,,,,,,,,,
58,28999,,,,,,,,,,,,,9.999999747378752e-05,9.999999747378752e-05,3.232564267818816e-06,,,,,,,,,,,,,,,,,,,,,,,,,,,,,,,,,,,,,,,,,,,,,
58,29049,,,,,,,,,,,,,9.999999747378752e-05,9.999999747378752e-05,3.232564267818816e-06,,,,,,,,,,,,,,,,,,,,,,,,,,,,,,,,,,,,,,,,,,,,,
58,29099,,,,,,,,,,,,,9.999999747378752e-05,9.999999747378752e-05,3.232564267818816e-06,,,,,,,,,,,,,,,,,,,,,,,,,,,,,,,,,,,,,,,,,,,,,
58,29145,,,,,,,,,,,,,,,,0.9178377389907837,0.3508109748363495,0.3394802212715149,0.45912253856658936,0.6387721300125122,0.9304282665252686,0.9656302332878113,0.6251932382583618,0.41692203283309937,0.8685832023620605,0.4775443375110626,0.9633510112762451,0.8648311495780945,0.9968387484550476,0.9635142087936401,0.883612871170044,0.8578301668167114,0.8839309811592102,0.9151571989059448,0.35817965865135193,0.3342795670032501,0.4444712698459625,0.6555578708648682,0.9266991019248962,0.966604471206665,0.6286706924438477,0.4016511142253876,0.8630133271217346,0.4632020890712738,0.9602136611938477,0.8632612228393555,0.9969274401664734,0.9620963335037231,0.879162073135376,0.859758734703064,0.8886444568634033,0.7340532541275024,0.7683126926422119,0.8422785997390747,0.8886444568634033,0.7340532541275024,0.7683126926422119,0.8422785997390747,0.9110330939292908,0.867880642414093
58,29145,33.941673278808594,34.066802978515625,33.96647262573242,33.925987243652344,0.02677713707089424,1.8875972032546997,0.011144954711198807,0.05347280949354172,0.21203726530075073,0.8220779299736023,0.05419540777802467,0.21100206673145294,,,,,,,,,,,,,,,,,,,,,,,,,,,,,,,,,,,,,,,,,,,,,,,,
59,29149,,,,,,,,,,,,,9.999999747378752e-05,9.999999747378752e-05,3.232564267818816e-06,,,,,,,,,,,,,,,,,,,,,,,,,,,,,,,,,,,,,,,,,,,,,
59,29199,,,,,,,,,,,,,9.999999747378752e-05,9.999999747378752e-05,3.232564267818816e-06,,,,,,,,,,,,,,,,,,,,,,,,,,,,,,,,,,,,,,,,,,,,,
59,29249,,,,,,,,,,,,,9.999999747378752e-05,9.999999747378752e-05,3.232564267818816e-06,,,,,,,,,,,,,,,,,,,,,,,,,,,,,,,,,,,,,,,,,,,,,
59,29299,,,,,,,,,,,,,9.999999747378752e-05,9.999999747378752e-05,3.232564267818816e-06,,,,,,,,,,,,,,,,,,,,,,,,,,,,,,,,,,,,,,,,,,,,,
59,29349,,,,,,,,,,,,,9.999999747378752e-05,9.999999747378752e-05,3.232564267818816e-06,,,,,,,,,,,,,,,,,,,,,,,,,,,,,,,,,,,,,,,,,,,,,
59,29399,,,,,,,,,,,,,9.999999747378752e-05,9.999999747378752e-05,3.232564267818816e-06,,,,,,,,,,,,,,,,,,,,,,,,,,,,,,,,,,,,,,,,,,,,,
59,29449,,,,,,,,,,,,,9.999999747378752e-05,9.999999747378752e-05,3.232564267818816e-06,,,,,,,,,,,,,,,,,,,,,,,,,,,,,,,,,,,,,,,,,,,,,
59,29499,,,,,,,,,,,,,9.999999747378752e-05,9.999999747378752e-05,3.232564267818816e-06,,,,,,,,,,,,,,,,,,,,,,,,,,,,,,,,,,,,,,,,,,,,,
59,29549,,,,,,,,,,,,,9.999999747378752e-05,9.999999747378752e-05,3.232564267818816e-06,,,,,,,,,,,,,,,,,,,,,,,,,,,,,,,,,,,,,,,,,,,,,
59,29599,,,,,,,,,,,,,9.999999747378752e-05,9.999999747378752e-05,3.232564267818816e-06,,,,,,,,,,,,,,,,,,,,,,,,,,,,,,,,,,,,,,,,,,,,,
59,29639,,,,,,,,,,,,,,,,0.9141076803207397,0.34561851620674133,0.3373575210571289,0.4403843283653259,0.6614716053009033,0.9259046316146851,0.964965283870697,0.6290281414985657,0.4022117853164673,0.865399956703186,0.4659470319747925,0.9582937955856323,0.8629041910171509,0.9969350099563599,0.9618963599205017,0.8816593885421753,0.8602958917617798,0.891421377658844,0.9130581617355347,0.33305737376213074,0.3404354453086853,0.4362974166870117,0.6673853397369385,0.9251101016998291,0.963326096534729,0.6293855905532837,0.4027724862098694,0.8677866458892822,0.46869200468063354,0.956373929977417,0.8625470995903015,0.9969425201416016,0.9616963863372803,0.8841566443443298,0.8608330488204956,0.8926947712898254,0.7335209250450134,0.7722014784812927,0.8433884382247925,0.8926947712898254,0.7335209250450134,0.7722014784812927,0.8433884382247925,0.8973304033279419,0.8901268839836121
59,29639,33.96824264526367,34.00291061401367,33.98481750488281,34.00177001953125,0.011811893433332443,1.879720687866211,0.010901092551648617,0.0534786731004715,0.21019552648067474,0.817733645439148,0.05395757779479027,0.21098890900611877,,,,,,,,,,,,,,,,,,,,,,,,,,,,,,,,,,,,,,,,,,,,,,,,
60,29649,,,,,,,,,,,,,9.999999747378752e-05,9.999999747378752e-05,3.232564267818816e-06,,,,,,,,,,,,,,,,,,,,,,,,,,,,,,,,,,,,,,,,,,,,,
60,29699,,,,,,,,,,,,,9.999999747378752e-05,9.999999747378752e-05,3.232564267818816e-06,,,,,,,,,,,,,,,,,,,,,,,,,,,,,,,,,,,,,,,,,,,,,
60,29749,,,,,,,,,,,,,9.999999747378752e-05,9.999999747378752e-05,3.232564267818816e-06,,,,,,,,,,,,,,,,,,,,,,,,,,,,,,,,,,,,,,,,,,,,,
60,29799,,,,,,,,,,,,,9.999999747378752e-05,9.999999747378752e-05,3.232564267818816e-06,,,,,,,,,,,,,,,,,,,,,,,,,,,,,,,,,,,,,,,,,,,,,
60,29849,,,,,,,,,,,,,9.999999747378752e-05,9.999999747378752e-05,3.232564267818816e-06,,,,,,,,,,,,,,,,,,,,,,,,,,,,,,,,,,,,,,,,,,,,,
60,29899,,,,,,,,,,,,,9.999999747378752e-05,9.999999747378752e-05,3.232564267818816e-06,,,,,,,,,,,,,,,,,,,,,,,,,,,,,,,,,,,,,,,,,,,,,
60,29949,,,,,,,,,,,,,9.999999747378752e-05,9.999999747378752e-05,3.232564267818816e-06,,,,,,,,,,,,,,,,,,,,,,,,,,,,,,,,,,,,,,,,,,,,,
60,29999,,,,,,,,,,,,,9.999999747378752e-05,9.999999747378752e-05,3.232564267818816e-06,,,,,,,,,,,,,,,,,,,,,,,,,,,,,,,,,,,,,,,,,,,,,
60,30049,,,,,,,,,,,,,9.999999747378752e-05,9.999999747378752e-05,3.232564267818816e-06,,,,,,,,,,,,,,,,,,,,,,,,,,,,,,,,,,,,,,,,,,,,,
60,30099,,,,,,,,,,,,,9.999999747378752e-05,9.999999747378752e-05,3.232564267818816e-06,,,,,,,,,,,,,,,,,,,,,,,,,,,,,,,,,,,,,,,,,,,,,
60,30133,,,,,,,,,,,,,,,,0.9150098562240601,0.31097471714019775,0.3206245005130768,0.4469747543334961,0.6685267686843872,0.9255812764167786,0.9634287357330322,0.6322174072265625,0.387614905834198,0.8701086044311523,0.4587426781654358,0.9604389667510986,0.8627040386199951,0.9968060851097107,0.9642379283905029,0.8836203217506409,0.8587008118629456,0.8805574178695679,0.9169614911079407,0.28889209032058716,0.30081355571746826,0.45765212178230286,0.6696681976318359,0.926052451133728,0.9635313749313354,0.6350492835044861,0.3724572956562042,0.8724305033683777,0.4487933814525604,0.964504063129425,0.862860918045044,0.9966696500778198,0.9667795300483704,0.8830839991569519,0.8565685749053955,0.8871374726295471,0.7283981442451477,0.7556605339050293,0.8401012420654297,0.8871374726295471,0.7283981442451477,0.7556605339050293,0.8401012420654297,0.8862537145614624,0.8811846375465393
60,30133,33.9753303527832,33.952049255371094,33.97608947753906,33.91510772705078,0.008856615051627159,1.862005352973938,0.010677644051611423,0.05247011035680771,0.20926588773727417,0.8174406290054321,0.05294559895992279,0.20683422684669495,,,,,,,,,,,,,,,,,,,,,,,,,,,,,,,,,,,,,,,,,,,,,,,,
61,30149,,,,,,,,,,,,,9.999999747378752e-05,9.999999747378752e-05,3.232564267818816e-06,,,,,,,,,,,,,,,,,,,,,,,,,,,,,,,,,,,,,,,,,,,,,
61,30199,,,,,,,,,,,,,9.999999747378752e-05,9.999999747378752e-05,3.232564267818816e-06,,,,,,,,,,,,,,,,,,,,,,,,,,,,,,,,,,,,,,,,,,,,,
61,30249,,,,,,,,,,,,,9.999999747378752e-05,9.999999747378752e-05,3.232564267818816e-06,,,,,,,,,,,,,,,,,,,,,,,,,,,,,,,,,,,,,,,,,,,,,
61,30299,,,,,,,,,,,,,9.999999747378752e-05,9.999999747378752e-05,3.232564267818816e-06,,,,,,,,,,,,,,,,,,,,,,,,,,,,,,,,,,,,,,,,,,,,,
61,30349,,,,,,,,,,,,,9.999999747378752e-05,9.999999747378752e-05,3.232564267818816e-06,,,,,,,,,,,,,,,,,,,,,,,,,,,,,,,,,,,,,,,,,,,,,
61,30399,,,,,,,,,,,,,9.999999747378752e-05,9.999999747378752e-05,3.232564267818816e-06,,,,,,,,,,,,,,,,,,,,,,,,,,,,,,,,,,,,,,,,,,,,,
61,30449,,,,,,,,,,,,,9.999999747378752e-05,9.999999747378752e-05,3.232564267818816e-06,,,,,,,,,,,,,,,,,,,,,,,,,,,,,,,,,,,,,,,,,,,,,
61,30499,,,,,,,,,,,,,9.999999747378752e-05,9.999999747378752e-05,3.232564267818816e-06,,,,,,,,,,,,,,,,,,,,,,,,,,,,,,,,,,,,,,,,,,,,,
61,30549,,,,,,,,,,,,,9.999999747378752e-05,9.999999747378752e-05,3.232564267818816e-06,,,,,,,,,,,,,,,,,,,,,,,,,,,,,,,,,,,,,,,,,,,,,
61,30599,,,,,,,,,,,,,9.999999747378752e-05,9.999999747378752e-05,3.232564267818816e-06,,,,,,,,,,,,,,,,,,,,,,,,,,,,,,,,,,,,,,,,,,,,,
61,30627,,,,,,,,,,,,,,,,0.9167165756225586,0.29281800985336304,0.3266651928424835,0.45208442211151123,0.6625106334686279,0.9289771318435669,0.961573600769043,0.6317598819732666,0.3718266189098358,0.870772123336792,0.4304983615875244,0.9644898176193237,0.8604092597961426,0.9966471195220947,0.964266300201416,0.8801692724227905,0.8569760918617249,0.8792560696601868,0.9164716601371765,0.2967439293861389,0.3525168299674988,0.446516752243042,0.6553530097007751,0.9319018721580505,0.9596157670021057,0.6284704804420471,0.3711959421634674,0.8691138029098511,0.412203311920166,0.9644756317138672,0.8579576015472412,0.9966246485710144,0.9617531299591064,0.8772544860839844,0.8573836088180542,0.8830158114433289,0.7267972230911255,0.7590665817260742,0.8431087136268616,0.8830158114433289,0.7267972230911255,0.7590665817260742,0.8431087136268616,0.8923949003219604,0.8733890652656555
61,30627,33.936866760253906,33.94926452636719,33.97166061401367,33.900177001953125,0.02298126555979252,1.9293791055679321,0.010872670449316502,0.05530636012554169,0.21154041588306427,0.8476102352142334,0.05370168015360832,0.2159646898508072,,,,,,,,,,,,,,,,,,,,,,,,,,,,,,,,,,,,,,,,,,,,,,,,
62,30649,,,,,,,,,,,,,9.999999747378752e-05,9.999999747378752e-05,3.232564267818816e-06,,,,,,,,,,,,,,,,,,,,,,,,,,,,,,,,,,,,,,,,,,,,,
62,30699,,,,,,,,,,,,,9.999999747378752e-05,9.999999747378752e-05,3.232564267818816e-06,,,,,,,,,,,,,,,,,,,,,,,,,,,,,,,,,,,,,,,,,,,,,
62,30749,,,,,,,,,,,,,9.999999747378752e-05,9.999999747378752e-05,3.232564267818816e-06,,,,,,,,,,,,,,,,,,,,,,,,,,,,,,,,,,,,,,,,,,,,,
62,30799,,,,,,,,,,,,,9.999999747378752e-05,9.999999747378752e-05,3.232564267818816e-06,,,,,,,,,,,,,,,,,,,,,,,,,,,,,,,,,,,,,,,,,,,,,
62,30849,,,,,,,,,,,,,9.999999747378752e-05,9.999999747378752e-05,3.232564267818816e-06,,,,,,,,,,,,,,,,,,,,,,,,,,,,,,,,,,,,,,,,,,,,,
62,30899,,,,,,,,,,,,,9.999999747378752e-05,9.999999747378752e-05,3.232564267818816e-06,,,,,,,,,,,,,,,,,,,,,,,,,,,,,,,,,,,,,,,,,,,,,
62,30949,,,,,,,,,,,,,9.999999747378752e-05,9.999999747378752e-05,3.232564267818816e-06,,,,,,,,,,,,,,,,,,,,,,,,,,,,,,,,,,,,,,,,,,,,,
62,30999,,,,,,,,,,,,,9.999999747378752e-05,9.999999747378752e-05,3.232564267818816e-06,,,,,,,,,,,,,,,,,,,,,,,,,,,,,,,,,,,,,,,,,,,,,
62,31049,,,,,,,,,,,,,9.999999747378752e-05,9.999999747378752e-05,3.232564267818816e-06,,,,,,,,,,,,,,,,,,,,,,,,,,,,,,,,,,,,,,,,,,,,,
62,31099,,,,,,,,,,,,,9.999999747378752e-05,9.999999747378752e-05,3.232564267818816e-06,,,,,,,,,,,,,,,,,,,,,,,,,,,,,,,,,,,,,,,,,,,,,
62,31121,,,,,,,,,,,,,,,,0.9163128137588501,0.31843554973602295,0.319632351398468,0.44093382358551025,0.6512355804443359,0.931920051574707,0.9597839117050171,0.6285090446472168,0.3574107885360718,0.8706808090209961,0.4293619692325592,0.9626964926719666,0.8562884330749512,0.9965561032295227,0.9599435925483704,0.8744991421699524,0.8583084344863892,0.8741388916969299,0.9161539077758789,0.34012719988822937,0.28674787282943726,0.4353509247303009,0.6471182107925415,0.9319382905960083,0.9599520564079285,0.6285476684570312,0.34362563490867615,0.8722478747367859,0.4465206265449524,0.9609173536300659,0.8546193242073059,0.996487557888031,0.9581340551376343,0.8717437982559204,0.8592332601547241,0.8776101469993591,0.7240862250328064,0.7519726157188416,0.8349097371101379,0.8776101469993591,0.7240862250328064,0.7519726157188416,0.8349097371101379,0.9124525785446167,0.8559207916259766
62,31121,33.96255111694336,33.944332122802734,33.9719123840332,33.922950744628906,0.011860125698149204,1.8679078817367554,0.010695085860788822,0.05272519960999489,0.20996980369091034,0.8171449899673462,0.05278419703245163,0.20906145870685577,,,,,,,,,,,,,,,,,,,,,,,,,,,,,,,,,,,,,,,,,,,,,,,,
63,31149,,,,,,,,,,,,,9.999999747378752e-05,9.999999747378752e-05,3.232564267818816e-06,,,,,,,,,,,,,,,,,,,,,,,,,,,,,,,,,,,,,,,,,,,,,
63,31199,,,,,,,,,,,,,9.999999747378752e-05,9.999999747378752e-05,3.232564267818816e-06,,,,,,,,,,,,,,,,,,,,,,,,,,,,,,,,,,,,,,,,,,,,,
63,31249,,,,,,,,,,,,,9.999999747378752e-05,9.999999747378752e-05,3.232564267818816e-06,,,,,,,,,,,,,,,,,,,,,,,,,,,,,,,,,,,,,,,,,,,,,
63,31299,,,,,,,,,,,,,9.999999747378752e-05,9.999999747378752e-05,3.232564267818816e-06,,,,,,,,,,,,,,,,,,,,,,,,,,,,,,,,,,,,,,,,,,,,,
63,31349,,,,,,,,,,,,,9.999999747378752e-05,9.999999747378752e-05,3.232564267818816e-06,,,,,,,,,,,,,,,,,,,,,,,,,,,,,,,,,,,,,,,,,,,,,
63,31399,,,,,,,,,,,,,9.999999747378752e-05,9.999999747378752e-05,3.232564267818816e-06,,,,,,,,,,,,,,,,,,,,,,,,,,,,,,,,,,,,,,,,,,,,,
63,31449,,,,,,,,,,,,,9.999999747378752e-05,9.999999747378752e-05,3.232564267818816e-06,,,,,,,,,,,,,,,,,,,,,,,,,,,,,,,,,,,,,,,,,,,,,
63,31499,,,,,,,,,,,,,9.999999747378752e-05,9.999999747378752e-05,3.232564267818816e-06,,,,,,,,,,,,,,,,,,,,,,,,,,,,,,,,,,,,,,,,,,,,,
63,31549,,,,,,,,,,,,,9.999999747378752e-05,9.999999747378752e-05,3.232564267818816e-06,,,,,,,,,,,,,,,,,,,,,,,,,,,,,,,,,,,,,,,,,,,,,
63,31599,,,,,,,,,,,,,9.999999747378752e-05,9.999999747378752e-05,3.232564267818816e-06,,,,,,,,,,,,,,,,,,,,,,,,,,,,,,,,,,,,,,,,,,,,,
63,31615,,,,,,,,,,,,,,,,0.9165486097335815,0.3515188694000244,0.2935979962348938,0.43711113929748535,0.6493206024169922,0.9318159818649292,0.9582294225692749,0.6328678727149963,0.3891301155090332,0.8704514503479004,0.45538634061813354,0.9606295824050903,0.8572330474853516,0.9965561032295227,0.960204005241394,0.875617265701294,0.8617808222770691,0.8741207122802734,0.9169433116912842,0.36291053891181946,0.30044814944267273,0.4388713538646698,0.6515229344367981,0.9316937327384949,0.9565067887306213,0.6371880769729614,0.43463459610939026,0.8686549663543701,0.4642520844936371,0.9603418111801147,0.8598467111587524,0.9966246485710144,0.9622739553451538,0.8794907927513123,0.8643283843994141,0.883892297744751,0.7345019578933716,0.7629837393760681,0.8435470461845398,0.883892297744751,0.7345019578933716,0.7629837393760681,0.8435470461845398,0.9065485000610352,0.8581995964050293
63,31615,33.963436126708984,33.91814422607422,33.967105865478516,33.8469123840332,-6.177647264848929e-07,1.8347718715667725,0.010811842046678066,0.051388803869485855,0.20624187588691711,0.8042483329772949,0.052275583148002625,0.20436318218708038,,,,,,,,,,,,,,,,,,,,,,,,,,,,,,,,,,,,,,,,,,,,,,,,
64,31649,,,,,,,,,,,,,9.999999747378752e-05,9.999999747378752e-05,3.232564267818816e-06,,,,,,,,,,,,,,,,,,,,,,,,,,,,,,,,,,,,,,,,,,,,,
64,31699,,,,,,,,,,,,,9.999999747378752e-05,9.999999747378752e-05,3.232564267818816e-06,,,,,,,,,,,,,,,,,,,,,,,,,,,,,,,,,,,,,,,,,,,,,
64,31749,,,,,,,,,,,,,9.999999747378752e-05,9.999999747378752e-05,3.232564267818816e-06,,,,,,,,,,,,,,,,,,,,,,,,,,,,,,,,,,,,,,,,,,,,,
64,31799,,,,,,,,,,,,,9.999999747378752e-05,9.999999747378752e-05,3.232564267818816e-06,,,,,,,,,,,,,,,,,,,,,,,,,,,,,,,,,,,,,,,,,,,,,
64,31849,,,,,,,,,,,,,9.999999747378752e-05,9.999999747378752e-05,3.232564267818816e-06,,,,,,,,,,,,,,,,,,,,,,,,,,,,,,,,,,,,,,,,,,,,,
64,31899,,,,,,,,,,,,,9.999999747378752e-05,9.999999747378752e-05,3.232564267818816e-06,,,,,,,,,,,,,,,,,,,,,,,,,,,,,,,,,,,,,,,,,,,,,
64,31949,,,,,,,,,,,,,9.999999747378752e-05,9.999999747378752e-05,3.232564267818816e-06,,,,,,,,,,,,,,,,,,,,,,,,,,,,,,,,,,,,,,,,,,,,,
64,31999,,,,,,,,,,,,,9.999999747378752e-05,9.999999747378752e-05,3.232564267818816e-06,,,,,,,,,,,,,,,,,,,,,,,,,,,,,,,,,,,,,,,,,,,,,
64,32049,,,,,,,,,,,,,9.999999747378752e-05,9.999999747378752e-05,3.232564267818816e-06,,,,,,,,,,,,,,,,,,,,,,,,,,,,,,,,,,,,,,,,,,,,,
64,32099,,,,,,,,,,,,,9.999999747378752e-05,9.999999747378752e-05,3.232564267818816e-06,,,,,,,,,,,,,,,,,,,,,,,,,,,,,,,,,,,,,,,,,,,,,
64,32109,,,,,,,,,,,,,,,,0.9178661108016968,0.3783295154571533,0.3051334619522095,0.43714064359664917,0.630185604095459,0.937726616859436,0.9590519666671753,0.6272360682487488,0.4273436665534973,0.8689137697219849,0.46981358528137207,0.9612336158752441,0.8582167625427246,0.9949800968170166,0.9623777866363525,0.8783116340637207,0.8623084425926208,0.8816789388656616,0.9187888503074646,0.3937484622001648,0.3098188042640686,0.4354099631309509,0.6088483333587646,0.9437595009803772,0.961597204208374,0.6172840595245361,0.420052707195282,0.8691725134849548,0.47537508606910706,0.9621254205703735,0.8565868139266968,0.9933355450630188,0.9624815583229065,0.8771325349807739,0.8602885007858276,0.8876142501831055,0.7332826852798462,0.7657642364501953,0.8494481444358826,0.8876142501831055,0.7332826852798462,0.7657642364501953,0.8494481444358826,0.9094477891921997,0.8679431080818176
64,32109,33.93648910522461,34.00923538208008,33.94863510131836,33.95711135864258,0.009606102481484413,1.7818491458892822,0.01031885202974081,0.04855593293905258,0.20442916452884674,0.7797142267227173,0.0517270602285862,0.19993935525417328,,,,,,,,,,,,,,,,,,,,,,,,,,,,,,,,,,,,,,,,,,,,,,,,
65,32149,,,,,,,,,,,,,9.999999747378752e-05,9.999999747378752e-05,3.232564267818816e-06,,,,,,,,,,,,,,,,,,,,,,,,,,,,,,,,,,,,,,,,,,,,,
65,32199,,,,,,,,,,,,,9.999999747378752e-05,9.999999747378752e-05,3.232564267818816e-06,,,,,,,,,,,,,,,,,,,,,,,,,,,,,,,,,,,,,,,,,,,,,
65,32249,,,,,,,,,,,,,9.999999747378752e-05,9.999999747378752e-05,3.232564267818816e-06,,,,,,,,,,,,,,,,,,,,,,,,,,,,,,,,,,,,,,,,,,,,,
65,32299,,,,,,,,,,,,,9.999999747378752e-05,9.999999747378752e-05,3.232564267818816e-06,,,,,,,,,,,,,,,,,,,,,,,,,,,,,,,,,,,,,,,,,,,,,
65,32349,,,,,,,,,,,,,9.999999747378752e-05,9.999999747378752e-05,3.232564267818816e-06,,,,,,,,,,,,,,,,,,,,,,,,,,,,,,,,,,,,,,,,,,,,,
65,32399,,,,,,,,,,,,,9.999999747378752e-05,9.999999747378752e-05,3.232564267818816e-06,,,,,,,,,,,,,,,,,,,,,,,,,,,,,,,,,,,,,,,,,,,,,
65,32449,,,,,,,,,,,,,9.999999747378752e-05,9.999999747378752e-05,3.232564267818816e-06,,,,,,,,,,,,,,,,,,,,,,,,,,,,,,,,,,,,,,,,,,,,,
65,32499,,,,,,,,,,,,,9.999999747378752e-05,9.999999747378752e-05,3.232564267818816e-06,,,,,,,,,,,,,,,,,,,,,,,,,,,,,,,,,,,,,,,,,,,,,
65,32549,,,,,,,,,,,,,9.999999747378752e-05,9.999999747378752e-05,3.232564267818816e-06,,,,,,,,,,,,,,,,,,,,,,,,,,,,,,,,,,,,,,,,,,,,,
65,32599,,,,,,,,,,,,,9.999999747378752e-05,9.999999747378752e-05,3.232564267818816e-06,,,,,,,,,,,,,,,,,,,,,,,,,,,,,,,,,,,,,,,,,,,,,
65,32603,,,,,,,,,,,,,,,,0.9195890426635742,0.38288483023643494,0.3116486668586731,0.43453705310821533,0.5915853381156921,0.9396072626113892,0.961902379989624,0.6239767074584961,0.37995070219039917,0.8697846531867981,0.4780295193195343,0.961632490158081,0.8553264141082764,0.9956933259963989,0.9628682732582092,0.8729755878448486,0.8608806133270264,0.8705682754516602,0.9203891754150391,0.3720211982727051,0.3134785294532776,0.43366414308547974,0.5743223428726196,0.9354550838470459,0.9622074961662292,0.6306692957878113,0.33984866738319397,0.8703967928886414,0.48068395256996155,0.9611395001411438,0.8540659546852112,0.9980510473251343,0.963254988193512,0.8688187003135681,0.8614726662635803,0.8831140398979187,0.7258787751197815,0.7484959959983826,0.8431232571601868,0.8831140398979187,0.7258787751197815,0.7484959959983826,0.8431232571601868,0.9126505851745605,0.8504047989845276
65,32603,33.97684860229492,33.88410949707031,33.97431564331055,33.93269348144531,0.006307609844952822,1.8152592182159424,0.01042262651026249,0.04981847107410431,0.20396722853183746,0.8035579323768616,0.0512436181306839,0.2020207792520523,,,,,,,,,,,,,,,,,,,,,,,,,,,,,,,,,,,,,,,,,,,,,,,,
66,32649,,,,,,,,,,,,,9.999999747378752e-05,9.999999747378752e-05,3.232564267818816e-06,,,,,,,,,,,,,,,,,,,,,,,,,,,,,,,,,,,,,,,,,,,,,
66,32699,,,,,,,,,,,,,9.999999747378752e-05,9.999999747378752e-05,3.232564267818816e-06,,,,,,,,,,,,,,,,,,,,,,,,,,,,,,,,,,,,,,,,,,,,,
66,32749,,,,,,,,,,,,,9.999999747378752e-05,9.999999747378752e-05,3.232564267818816e-06,,,,,,,,,,,,,,,,,,,,,,,,,,,,,,,,,,,,,,,,,,,,,
66,32799,,,,,,,,,,,,,9.999999747378752e-05,9.999999747378752e-05,3.232564267818816e-06,,,,,,,,,,,,,,,,,,,,,,,,,,,,,,,,,,,,,,,,,,,,,
66,32849,,,,,,,,,,,,,9.999999747378752e-05,9.999999747378752e-05,3.232564267818816e-06,,,,,,,,,,,,,,,,,,,,,,,,,,,,,,,,,,,,,,,,,,,,,
66,32899,,,,,,,,,,,,,9.999999747378752e-05,9.999999747378752e-05,3.232564267818816e-06,,,,,,,,,,,,,,,,,,,,,,,,,,,,,,,,,,,,,,,,,,,,,
66,32949,,,,,,,,,,,,,9.999999747378752e-05,9.999999747378752e-05,3.232564267818816e-06,,,,,,,,,,,,,,,,,,,,,,,,,,,,,,,,,,,,,,,,,,,,,
66,32999,,,,,,,,,,,,,9.999999747378752e-05,9.999999747378752e-05,3.232564267818816e-06,,,,,,,,,,,,,,,,,,,,,,,,,,,,,,,,,,,,,,,,,,,,,
66,33049,,,,,,,,,,,,,9.999999747378752e-05,9.999999747378752e-05,3.232564267818816e-06,,,,,,,,,,,,,,,,,,,,,,,,,,,,,,,,,,,,,,,,,,,,,
66,33097,,,,,,,,,,,,,,,,0.9182100296020508,0.36570414900779724,0.3196450471878052,0.44693973660469055,0.5870083570480347,0.9325754642486572,0.9637227058410645,0.630281925201416,0.3956015408039093,0.8700116872787476,0.4846067428588867,0.9597176313400269,0.853947639465332,0.997017502784729,0.9627475738525391,0.8719556331634521,0.860724687576294,0.8724002838134766,0.9160308837890625,0.3593870997428894,0.3258115351200104,0.46021533012390137,0.5996944308280945,0.9296957850456238,0.9652379155158997,0.6298946142196655,0.45135441422462463,0.8696266412734985,0.4885295331478119,0.9582957625389099,0.8538292646408081,0.995983898639679,0.9622401595115662,0.875092625617981,0.8599766492843628,0.884187638759613,0.7353468537330627,0.7766607999801636,0.8452953100204468,0.884187638759613,0.7353468537330627,0.7766607999801636,0.8452953100204468,0.8951467871665955,0.8605139255523682
66,33097,33.9478759765625,33.9788703918457,33.97203826904297,33.93965148925781,0.006618129089474678,1.7528789043426514,0.010173248127102852,0.04699159041047096,0.2000720202922821,0.7762647867202759,0.05057063326239586,0.19478784501552582,,,,,,,,,,,,,,,,,,,,,,,,,,,,,,,,,,,,,,,,,,,,,,,,
67,33099,,,,,,,,,,,,,9.999999747378752e-05,9.999999747378752e-05,3.232564267818816e-06,,,,,,,,,,,,,,,,,,,,,,,,,,,,,,,,,,,,,,,,,,,,,
67,33149,,,,,,,,,,,,,9.999999747378752e-05,9.999999747378752e-05,3.232564267818816e-06,,,,,,,,,,,,,,,,,,,,,,,,,,,,,,,,,,,,,,,,,,,,,
67,33199,,,,,,,,,,,,,9.999999747378752e-05,9.999999747378752e-05,3.232564267818816e-06,,,,,,,,,,,,,,,,,,,,,,,,,,,,,,,,,,,,,,,,,,,,,
67,33249,,,,,,,,,,,,,9.999999747378752e-05,9.999999747378752e-05,3.232564267818816e-06,,,,,,,,,,,,,,,,,,,,,,,,,,,,,,,,,,,,,,,,,,,,,
67,33299,,,,,,,,,,,,,9.999999747378752e-05,9.999999747378752e-05,3.232564267818816e-06,,,,,,,,,,,,,,,,,,,,,,,,,,,,,,,,,,,,,,,,,,,,,
67,33349,,,,,,,,,,,,,9.999999747378752e-05,9.999999747378752e-05,3.232564267818816e-06,,,,,,,,,,,,,,,,,,,,,,,,,,,,,,,,,,,,,,,,,,,,,
67,33399,,,,,,,,,,,,,9.999999747378752e-05,9.999999747378752e-05,3.232564267818816e-06,,,,,,,,,,,,,,,,,,,,,,,,,,,,,,,,,,,,,,,,,,,,,
67,33449,,,,,,,,,,,,,9.999999747378752e-05,9.999999747378752e-05,3.232564267818816e-06,,,,,,,,,,,,,,,,,,,,,,,,,,,,,,,,,,,,,,,,,,,,,
67,33499,,,,,,,,,,,,,9.999999747378752e-05,9.999999747378752e-05,3.232564267818816e-06,,,,,,,,,,,,,,,,,,,,,,,,,,,,,,,,,,,,,,,,,,,,,
67,33549,,,,,,,,,,,,,9.999999747378752e-05,9.999999747378752e-05,3.232564267818816e-06,,,,,,,,,,,,,,,,,,,,,,,,,,,,,,,,,,,,,,,,,,,,,
67,33591,,,,,,,,,,,,,,,,0.9175446033477783,0.3571895956993103,0.31730982661247253,0.4419364035129547,0.5779844522476196,0.9266332387924194,0.9638084769248962,0.6308419704437256,0.43555888533592224,0.8657034635543823,0.48901695013046265,0.9569555521011353,0.8531281352043152,0.9962255358695984,0.9645602107048035,0.8785009384155273,0.8592181205749512,0.8755505681037903,0.9190583229064941,0.3549921214580536,0.3088081181049347,0.42365747690200806,0.5562744736671448,0.9235707521438599,0.9623790383338928,0.6317893862724304,0.41976335644721985,0.8617802262306213,0.4895043671131134,0.9556154012680054,0.8524270057678223,0.9964671730995178,0.9668802618980408,0.881909191608429,0.8584595322608948,0.8853169083595276,0.7272550463676453,0.7595499157905579,0.8434841632843018,0.8853169083595276,0.7272550463676453,0.7595499157905579,0.8434841632843018,0.902007520198822,0.8607364296913147
67,33591,33.972923278808594,34.04440689086914,33.97697448730469,33.95217514038086,0.003960257861763239,1.7725200653076172,0.01024605892598629,0.04934987798333168,0.20031122863292694,0.7788204550743103,0.050244152545928955,0.19745990633964539,,,,,,,,,,,,,,,,,,,,,,,,,,,,,,,,,,,,,,,,,,,,,,,,
68,33599,,,,,,,,,,,,,9.999999747378752e-05,9.999999747378752e-05,3.232564267818816e-06,,,,,,,,,,,,,,,,,,,,,,,,,,,,,,,,,,,,,,,,,,,,,
68,33649,,,,,,,,,,,,,9.999999747378752e-05,9.999999747378752e-05,3.232564267818816e-06,,,,,,,,,,,,,,,,,,,,,,,,,,,,,,,,,,,,,,,,,,,,,
68,33699,,,,,,,,,,,,,9.999999747378752e-05,9.999999747378752e-05,3.232564267818816e-06,,,,,,,,,,,,,,,,,,,,,,,,,,,,,,,,,,,,,,,,,,,,,
68,33749,,,,,,,,,,,,,9.999999747378752e-05,9.999999747378752e-05,3.232564267818816e-06,,,,,,,,,,,,,,,,,,,,,,,,,,,,,,,,,,,,,,,,,,,,,
68,33799,,,,,,,,,,,,,9.999999747378752e-05,9.999999747378752e-05,3.232564267818816e-06,,,,,,,,,,,,,,,,,,,,,,,,,,,,,,,,,,,,,,,,,,,,,
68,33849,,,,,,,,,,,,,9.999999747378752e-05,9.999999747378752e-05,3.232564267818816e-06,,,,,,,,,,,,,,,,,,,,,,,,,,,,,,,,,,,,,,,,,,,,,
68,33899,,,,,,,,,,,,,9.999999747378752e-05,9.999999747378752e-05,3.232564267818816e-06,,,,,,,,,,,,,,,,,,,,,,,,,,,,,,,,,,,,,,,,,,,,,
68,33949,,,,,,,,,,,,,9.999999747378752e-05,9.999999747378752e-05,3.232564267818816e-06,,,,,,,,,,,,,,,,,,,,,,,,,,,,,,,,,,,,,,,,,,,,,
68,33999,,,,,,,,,,,,,9.999999747378752e-05,9.999999747378752e-05,3.232564267818816e-06,,,,,,,,,,,,,,,,,,,,,,,,,,,,,,,,,,,,,,,,,,,,,
68,34049,,,,,,,,,,,,,9.999999747378752e-05,9.999999747378752e-05,3.232564267818816e-06,,,,,,,,,,,,,,,,,,,,,,,,,,,,,,,,,,,,,,,,,,,,,
68,34085,,,,,,,,,,,,,,,,0.9201012849807739,0.35819554328918457,0.30109313130378723,0.4547080993652344,0.5717082023620605,0.9260679483413696,0.9624913930892944,0.6232068538665771,0.4412631094455719,0.8648932576179504,0.47157183289527893,0.9540321826934814,0.8494717478752136,0.9963884353637695,0.9667854905128479,0.8718814849853516,0.8591043949127197,0.877770185470581,0.9211443066596985,0.36139899492263794,0.29337814450263977,0.4857587516307831,0.5871418714523315,0.9285651445388794,0.9626038074493408,0.6146243214607239,0.46276286244392395,0.8680062890052795,0.45363929867744446,0.9524489641189575,0.846516489982605,0.9963096380233765,0.966690719127655,0.8618537783622742,0.8597492575645447,0.8785099983215332,0.7307407259941101,0.7536597847938538,0.8415052890777588,0.8785099983215332,0.7307407259941101,0.7536597847938538,0.8415052890777588,0.9061615467071533,0.8615788221359253
68,34085,33.94837951660156,33.972164154052734,33.95331573486328,34.016700744628906,0.00037904499913565814,1.7709174156188965,0.010297863744199276,0.049513787031173706,0.19924871623516083,0.7758910655975342,0.05041840672492981,0.19794127345085144,,,,,,,,,,,,,,,,,,,,,,,,,,,,,,,,,,,,,,,,,,,,,,,,
69,34099,,,,,,,,,,,,,9.999999747378752e-05,9.999999747378752e-05,3.232564267818816e-06,,,,,,,,,,,,,,,,,,,,,,,,,,,,,,,,,,,,,,,,,,,,,
69,34149,,,,,,,,,,,,,9.999999747378752e-05,9.999999747378752e-05,3.232564267818816e-06,,,,,,,,,,,,,,,,,,,,,,,,,,,,,,,,,,,,,,,,,,,,,
69,34199,,,,,,,,,,,,,9.999999747378752e-05,9.999999747378752e-05,3.232564267818816e-06,,,,,,,,,,,,,,,,,,,,,,,,,,,,,,,,,,,,,,,,,,,,,
69,34249,,,,,,,,,,,,,9.999999747378752e-05,9.999999747378752e-05,3.232564267818816e-06,,,,,,,,,,,,,,,,,,,,,,,,,,,,,,,,,,,,,,,,,,,,,
69,34299,,,,,,,,,,,,,9.999999747378752e-05,9.999999747378752e-05,3.232564267818816e-06,,,,,,,,,,,,,,,,,,,,,,,,,,,,,,,,,,,,,,,,,,,,,
69,34349,,,,,,,,,,,,,9.999999747378752e-05,9.999999747378752e-05,3.232564267818816e-06,,,,,,,,,,,,,,,,,,,,,,,,,,,,,,,,,,,,,,,,,,,,,
69,34399,,,,,,,,,,,,,9.999999747378752e-05,9.999999747378752e-05,3.232564267818816e-06,,,,,,,,,,,,,,,,,,,,,,,,,,,,,,,,,,,,,,,,,,,,,
69,34449,,,,,,,,,,,,,9.999999747378752e-05,9.999999747378752e-05,3.232564267818816e-06,,,,,,,,,,,,,,,,,,,,,,,,,,,,,,,,,,,,,,,,,,,,,
69,34499,,,,,,,,,,,,,9.999999747378752e-05,9.999999747378752e-05,3.232564267818816e-06,,,,,,,,,,,,,,,,,,,,,,,,,,,,,,,,,,,,,,,,,,,,,
69,34549,,,,,,,,,,,,,9.999999747378752e-05,9.999999747378752e-05,3.232564267818816e-06,,,,,,,,,,,,,,,,,,,,,,,,,,,,,,,,,,,,,,,,,,,,,
69,34579,,,,,,,,,,,,,,,,0.9192056059837341,0.3471430540084839,0.30465495586395264,0.48032915592193604,0.5628018379211426,0.932112455368042,0.9630885124206543,0.6234089732170105,0.47663187980651855,0.870326817035675,0.4501311182975769,0.9550919532775879,0.8469079732894897,0.996523380279541,0.9677501916885376,0.8642570972442627,0.860299825668335,0.8742600679397583,0.9172669053077698,0.33288708329200745,0.3159317374229431,0.4748995304107666,0.5384618639945984,0.9356597661972046,0.9635732173919678,0.6321936249732971,0.49050086736679077,0.8726473450660706,0.44662293791770935,0.957735002040863,0.8472995162010193,0.9967371821403503,0.9688097238540649,0.8666604161262512,0.8608503341674805,0.886983335018158,0.7305139303207397,0.756749153137207,0.8374651670455933,0.886983335018158,0.7305139303207397,0.756749153137207,0.8374651670455933,0.9090067148208618,0.858445942401886
69,34579,33.975582122802734,33.969383239746094,33.981021881103516,33.921180725097656,0.0045999689027667046,1.7380815744400024,0.009896569885313511,0.046005960553884506,0.1970631629228592,0.7785423994064331,0.04961898922920227,0.19186237454414368,,,,,,,,,,,,,,,,,,,,,,,,,,,,,,,,,,,,,,,,,,,,,,,,
70,34599,,,,,,,,,,,,,9.999999747378752e-05,9.999999747378752e-05,3.232564267818816e-06,,,,,,,,,,,,,,,,,,,,,,,,,,,,,,,,,,,,,,,,,,,,,
70,34649,,,,,,,,,,,,,9.999999747378752e-05,9.999999747378752e-05,3.232564267818816e-06,,,,,,,,,,,,,,,,,,,,,,,,,,,,,,,,,,,,,,,,,,,,,
70,34699,,,,,,,,,,,,,9.999999747378752e-05,9.999999747378752e-05,3.232564267818816e-06,,,,,,,,,,,,,,,,,,,,,,,,,,,,,,,,,,,,,,,,,,,,,
70,34749,,,,,,,,,,,,,9.999999747378752e-05,9.999999747378752e-05,3.232564267818816e-06,,,,,,,,,,,,,,,,,,,,,,,,,,,,,,,,,,,,,,,,,,,,,
70,34799,,,,,,,,,,,,,9.999999747378752e-05,9.999999747378752e-05,3.232564267818816e-06,,,,,,,,,,,,,,,,,,,,,,,,,,,,,,,,,,,,,,,,,,,,,
70,34849,,,,,,,,,,,,,9.999999747378752e-05,9.999999747378752e-05,3.232564267818816e-06,,,,,,,,,,,,,,,,,,,,,,,,,,,,,,,,,,,,,,,,,,,,,
70,34899,,,,,,,,,,,,,9.999999747378752e-05,9.999999747378752e-05,3.232564267818816e-06,,,,,,,,,,,,,,,,,,,,,,,,,,,,,,,,,,,,,,,,,,,,,
70,34949,,,,,,,,,,,,,9.999999747378752e-05,9.999999747378752e-05,3.232564267818816e-06,,,,,,,,,,,,,,,,,,,,,,,,,,,,,,,,,,,,,,,,,,,,,
70,34999,,,,,,,,,,,,,9.999999747378752e-05,9.999999747378752e-05,3.232564267818816e-06,,,,,,,,,,,,,,,,,,,,,,,,,,,,,,,,,,,,,,,,,,,,,
70,35049,,,,,,,,,,,,,9.999999747378752e-05,9.999999747378752e-05,3.232564267818816e-06,,,,,,,,,,,,,,,,,,,,,,,,,,,,,,,,,,,,,,,,,,,,,
70,35073,,,,,,,,,,,,,,,,0.9212192296981812,0.35193008184432983,0.3276577591896057,0.45547059178352356,0.5431684255599976,0.9349933862686157,0.9633959531784058,0.6316505074501038,0.4326784014701843,0.8735349178314209,0.46191614866256714,0.9571951031684875,0.8508340120315552,0.9965571165084839,0.9678769111633301,0.872923731803894,0.8602403402328491,0.8798124194145203,0.9251714944839478,0.3709731101989746,0.3393837809562683,0.4360416531562805,0.547874927520752,0.9343269467353821,0.9632187485694885,0.6311073899269104,0.3748559355735779,0.8744224905967712,0.47720932960510254,0.9566552042961121,0.8543685078620911,0.9963771104812622,0.96694415807724,0.8791869878768921,0.8596304059028625,0.8882056474685669,0.728691041469574,0.7510506510734558,0.8453991413116455,0.8882056474685669,0.728691041469574,0.7510506510734558,0.8453991413116455,0.9099603891372681,0.8656412363052368
70,35073,33.92826461791992,34.01606750488281,33.94243240356445,33.96976089477539,0.005227061919867992,1.7364486455917358,0.010013839229941368,0.04735550656914711,0.1971731334924698,0.7682194113731384,0.04961790516972542,0.19248661398887634,,,,,,,,,,,,,,,,,,,,,,,,,,,,,,,,,,,,,,,,,,,,,,,,
71,35099,,,,,,,,,,,,,9.999999747378752e-05,9.999999747378752e-05,3.232564267818816e-06,,,,,,,,,,,,,,,,,,,,,,,,,,,,,,,,,,,,,,,,,,,,,
71,35149,,,,,,,,,,,,,9.999999747378752e-05,9.999999747378752e-05,3.232564267818816e-06,,,,,,,,,,,,,,,,,,,,,,,,,,,,,,,,,,,,,,,,,,,,,
71,35199,,,,,,,,,,,,,9.999999747378752e-05,9.999999747378752e-05,3.232564267818816e-06,,,,,,,,,,,,,,,,,,,,,,,,,,,,,,,,,,,,,,,,,,,,,
71,35249,,,,,,,,,,,,,9.999999747378752e-05,9.999999747378752e-05,3.232564267818816e-06,,,,,,,,,,,,,,,,,,,,,,,,,,,,,,,,,,,,,,,,,,,,,
71,35299,,,,,,,,,,,,,9.999999747378752e-05,9.999999747378752e-05,3.232564267818816e-06,,,,,,,,,,,,,,,,,,,,,,,,,,,,,,,,,,,,,,,,,,,,,
71,35349,,,,,,,,,,,,,9.999999747378752e-05,9.999999747378752e-05,3.232564267818816e-06,,,,,,,,,,,,,,,,,,,,,,,,,,,,,,,,,,,,,,,,,,,,,
71,35399,,,,,,,,,,,,,9.999999747378752e-05,9.999999747378752e-05,3.232564267818816e-06,,,,,,,,,,,,,,,,,,,,,,,,,,,,,,,,,,,,,,,,,,,,,
71,35449,,,,,,,,,,,,,9.999999747378752e-05,9.999999747378752e-05,3.232564267818816e-06,,,,,,,,,,,,,,,,,,,,,,,,,,,,,,,,,,,,,,,,,,,,,
71,35499,,,,,,,,,,,,,9.999999747378752e-05,9.999999747378752e-05,3.232564267818816e-06,,,,,,,,,,,,,,,,,,,,,,,,,,,,,,,,,,,,,,,,,,,,,
71,35549,,,,,,,,,,,,,9.999999747378752e-05,9.999999747378752e-05,3.232564267818816e-06,,,,,,,,,,,,,,,,,,,,,,,,,,,,,,,,,,,,,,,,,,,,,
71,35567,,,,,,,,,,,,,,,,0.9228954315185547,0.3648441731929779,0.3405837416648865,0.45241808891296387,0.5793579816818237,0.9333730340003967,0.9611590504646301,0.632237434387207,0.39934083819389343,0.875124454498291,0.4642329216003418,0.9557573795318604,0.8545788526535034,0.9963433742523193,0.9666372537612915,0.8803362846374512,0.8601392507553101,0.8675450682640076,0.9206193089485168,0.3587152361869812,0.34178367257118225,0.4687945246696472,0.6108409762382507,0.9324191212654114,0.9590993523597717,0.6333675384521484,0.423825740814209,0.8758264183998108,0.45125648379325867,0.9548594951629639,0.8547892570495605,0.9963096380233765,0.9663304090499878,0.8814855217933655,0.8606480360031128,0.8866403102874756,0.734762966632843,0.7752099633216858,0.8444135785102844,0.8866403102874756,0.734762966632843,0.7752099633216858,0.8444135785102844,0.9213981628417969,0.840585470199585
71,35567,33.97494888305664,34.08312225341797,34.003414154052734,34.017333984375,0.008508644066751003,1.730076789855957,0.010021137073636055,0.04686756804585457,0.19779635965824127,0.7663347721099854,0.04944543540477753,0.19130630791187286,,,,,,,,,,,,,,,,,,,,,,,,,,,,,,,,,,,,,,,,,,,,,,,,
72,35599,,,,,,,,,,,,,9.999999747378752e-05,9.999999747378752e-05,3.232564267818816e-06,,,,,,,,,,,,,,,,,,,,,,,,,,,,,,,,,,,,,,,,,,,,,
72,35649,,,,,,,,,,,,,9.999999747378752e-05,9.999999747378752e-05,3.232564267818816e-06,,,,,,,,,,,,,,,,,,,,,,,,,,,,,,,,,,,,,,,,,,,,,
72,35699,,,,,,,,,,,,,9.999999747378752e-05,9.999999747378752e-05,3.232564267818816e-06,,,,,,,,,,,,,,,,,,,,,,,,,,,,,,,,,,,,,,,,,,,,,
72,35749,,,,,,,,,,,,,9.999999747378752e-05,9.999999747378752e-05,3.232564267818816e-06,,,,,,,,,,,,,,,,,,,,,,,,,,,,,,,,,,,,,,,,,,,,,
72,35799,,,,,,,,,,,,,9.999999747378752e-05,9.999999747378752e-05,3.232564267818816e-06,,,,,,,,,,,,,,,,,,,,,,,,,,,,,,,,,,,,,,,,,,,,,
72,35849,,,,,,,,,,,,,9.999999747378752e-05,9.999999747378752e-05,3.232564267818816e-06,,,,,,,,,,,,,,,,,,,,,,,,,,,,,,,,,,,,,,,,,,,,,
72,35899,,,,,,,,,,,,,9.999999747378752e-05,9.999999747378752e-05,3.232564267818816e-06,,,,,,,,,,,,,,,,,,,,,,,,,,,,,,,,,,,,,,,,,,,,,
72,35949,,,,,,,,,,,,,9.999999747378752e-05,9.999999747378752e-05,3.232564267818816e-06,,,,,,,,,,,,,,,,,,,,,,,,,,,,,,,,,,,,,,,,,,,,,
72,35999,,,,,,,,,,,,,9.999999747378752e-05,9.999999747378752e-05,3.232564267818816e-06,,,,,,,,,,,,,,,,,,,,,,,,,,,,,,,,,,,,,,,,,,,,,
72,36049,,,,,,,,,,,,,9.999999747378752e-05,9.999999747378752e-05,3.232564267818816e-06,,,,,,,,,,,,,,,,,,,,,,,,,,,,,,,,,,,,,,,,,,,,,
72,36061,,,,,,,,,,,,,,,,0.9201953411102295,0.34966209530830383,0.35131359100341797,0.4545239210128784,0.6162282228469849,0.9358581304550171,0.9614962339401245,0.6276691555976868,0.43968021869659424,0.8743048906326294,0.44251418113708496,0.9528403282165527,0.8531930446624756,0.9963884353637695,0.9642858505249023,0.8829988241195679,0.8600932359695435,0.8780101537704468,0.9197713732719421,0.34060895442962646,0.3608435094356537,0.44025328755378723,0.6216154098510742,0.939297080039978,0.9638931751251221,0.6219707727432251,0.4555347263813019,0.872783362865448,0.43377190828323364,0.9508211612701416,0.8515967726707458,0.9964671730995178,0.9622412919998169,0.8845121264457703,0.8595384359359741,0.8884953856468201,0.7338541150093079,0.7697330117225647,0.8440046310424805,0.8884953856468201,0.7338541150093079,0.7697330117225647,0.8440046310424805,0.907278835773468,0.8623812198638916
72,36061,33.92801284790039,33.973052978515625,33.954959869384766,33.92636489868164,0.0033025238662958145,1.7314953804016113,0.01022233348339796,0.04851701110601425,0.1963576227426529,0.7568752765655518,0.04939893260598183,0.1928839236497879,,,,,,,,,,,,,,,,,,,,,,,,,,,,,,,,,,,,,,,,,,,,,,,,
73,36099,,,,,,,,,,,,,9.999999747378752e-05,9.999999747378752e-05,3.232564267818816e-06,,,,,,,,,,,,,,,,,,,,,,,,,,,,,,,,,,,,,,,,,,,,,
73,36149,,,,,,,,,,,,,9.999999747378752e-05,9.999999747378752e-05,3.232564267818816e-06,,,,,,,,,,,,,,,,,,,,,,,,,,,,,,,,,,,,,,,,,,,,,
73,36199,,,,,,,,,,,,,9.999999747378752e-05,9.999999747378752e-05,3.232564267818816e-06,,,,,,,,,,,,,,,,,,,,,,,,,,,,,,,,,,,,,,,,,,,,,
73,36249,,,,,,,,,,,,,9.999999747378752e-05,9.999999747378752e-05,3.232564267818816e-06,,,,,,,,,,,,,,,,,,,,,,,,,,,,,,,,,,,,,,,,,,,,,
73,36299,,,,,,,,,,,,,9.999999747378752e-05,9.999999747378752e-05,3.232564267818816e-06,,,,,,,,,,,,,,,,,,,,,,,,,,,,,,,,,,,,,,,,,,,,,
73,36349,,,,,,,,,,,,,9.999999747378752e-05,9.999999747378752e-05,3.232564267818816e-06,,,,,,,,,,,,,,,,,,,,,,,,,,,,,,,,,,,,,,,,,,,,,
73,36399,,,,,,,,,,,,,9.999999747378752e-05,9.999999747378752e-05,3.232564267818816e-06,,,,,,,,,,,,,,,,,,,,,,,,,,,,,,,,,,,,,,,,,,,,,
73,36449,,,,,,,,,,,,,9.999999747378752e-05,9.999999747378752e-05,3.232564267818816e-06,,,,,,,,,,,,,,,,,,,,,,,,,,,,,,,,,,,,,,,,,,,,,
73,36499,,,,,,,,,,,,,9.999999747378752e-05,9.999999747378752e-05,3.232564267818816e-06,,,,,,,,,,,,,,,,,,,,,,,,,,,,,,,,,,,,,,,,,,,,,
73,36549,,,,,,,,,,,,,9.999999747378752e-05,9.999999747378752e-05,3.232564267818816e-06,,,,,,,,,,,,,,,,,,,,,,,,,,,,,,,,,,,,,,,,,,,,,
73,36555,,,,,,,,,,,,,,,,0.9186908602714539,0.3485766053199768,0.36216825246810913,0.44333142042160034,0.6214740872383118,0.9358466863632202,0.9638510346412659,0.6251870393753052,0.44299137592315674,0.8736259341239929,0.4433750510215759,0.9529926776885986,0.8539679646492004,0.9946178197860718,0.9624276161193848,0.8771415948867798,0.8579469919204712,0.8768979907035828,0.9176103472709656,0.35654425621032715,0.3634929955005646,0.44640958309173584,0.6213327646255493,0.9323962926864624,0.9638088941574097,0.6284033060073853,0.430448055267334,0.8744685053825378,0.4529782235622406,0.9551641941070557,0.856339156627655,0.992768406867981,0.9626139998435974,0.8697710633277893,0.8563555479049683,0.891976535320282,0.7341709136962891,0.7697216272354126,0.8450835347175598,0.891976535320282,0.7341709136962891,0.7697216272354126,0.8450835347175598,0.9236522912979126,0.8515151143074036
73,36555,33.94344711303711,34.086158752441406,33.9719123840332,33.97773361206055,0.006278559099882841,1.7306263446807861,0.0099863326177001,0.04843870922923088,0.19652211666107178,0.7570695281028748,0.04926786944270134,0.19318664073944092,,,,,,,,,,,,,,,,,,,,,,,,,,,,,,,,,,,,,,,,,,,,,,,,
74,36599,,,,,,,,,,,,,9.999999747378752e-05,9.999999747378752e-05,3.232564267818816e-06,,,,,,,,,,,,,,,,,,,,,,,,,,,,,,,,,,,,,,,,,,,,,
74,36649,,,,,,,,,,,,,9.999999747378752e-05,9.999999747378752e-05,3.232564267818816e-06,,,,,,,,,,,,,,,,,,,,,,,,,,,,,,,,,,,,,,,,,,,,,
74,36699,,,,,,,,,,,,,9.999999747378752e-05,9.999999747378752e-05,3.232564267818816e-06,,,,,,,,,,,,,,,,,,,,,,,,,,,,,,,,,,,,,,,,,,,,,
74,36749,,,,,,,,,,,,,9.999999747378752e-05,9.999999747378752e-05,3.232564267818816e-06,,,,,,,,,,,,,,,,,,,,,,,,,,,,,,,,,,,,,,,,,,,,,
74,36799,,,,,,,,,,,,,9.999999747378752e-05,9.999999747378752e-05,3.232564267818816e-06,,,,,,,,,,,,,,,,,,,,,,,,,,,,,,,,,,,,,,,,,,,,,
74,36849,,,,,,,,,,,,,9.999999747378752e-05,9.999999747378752e-05,3.232564267818816e-06,,,,,,,,,,,,,,,,,,,,,,,,,,,,,,,,,,,,,,,,,,,,,
74,36899,,,,,,,,,,,,,9.999999747378752e-05,9.999999747378752e-05,3.232564267818816e-06,,,,,,,,,,,,,,,,,,,,,,,,,,,,,,,,,,,,,,,,,,,,,
74,36949,,,,,,,,,,,,,9.999999747378752e-05,9.999999747378752e-05,3.232564267818816e-06,,,,,,,,,,,,,,,,,,,,,,,,,,,,,,,,,,,,,,,,,,,,,
74,36999,,,,,,,,,,,,,9.999999747378752e-05,9.999999747378752e-05,3.232564267818816e-06,,,,,,,,,,,,,,,,,,,,,,,,,,,,,,,,,,,,,,,,,,,,,
74,37049,,,,,,,,,,,,,9.999999747378752e-05,9.999999747378752e-05,3.232564267818816e-06,,,,,,,,,,,,,,,,,,,,,,,,,,,,,,,,,,,,,,,,,,,,,
74,37049,,,,,,,,,,,,,,,,0.916350245475769,0.34755754470825195,0.3755432963371277,0.4469957649707794,0.6079201698303223,0.9316406846046448,0.9631048440933228,0.625130295753479,0.4325939416885376,0.8727574348449707,0.4558045268058777,0.954972505569458,0.8598287105560303,0.9940552115440369,0.9634945392608643,0.8696757555007935,0.8571897745132446,0.8844060301780701,0.9150900840759277,0.33857083320617676,0.3875935673713684,0.447581946849823,0.5945075154304504,0.9308850765228271,0.9624007344245911,0.621857225894928,0.4347398579120636,0.8710463643074036,0.45863085985183716,0.9547807574272156,0.8633182048797607,0.9953420162200928,0.9643751382827759,0.8695803880691528,0.858024001121521,0.8944104909896851,0.7334308624267578,0.7620205283164978,0.8468860983848572,0.8944104909896851,0.7334308624267578,0.7620205283164978,0.8468860983848572,0.9053120613098145,0.87459397315979
74,37049,33.966346740722656,34.03681564331055,33.99013137817383,34.00961685180664,0.010300285182893276,1.7081270217895508,0.00983307883143425,0.047047823667526245,0.19409118592739105,0.7529439926147461,0.048613544553518295,0.18972977995872498,,,,,,,,,,,,,,,,,,,,,,,,,,,,,,,,,,,,,,,,,,,,,,,,
75,37099,,,,,,,,,,,,,9.999999747378752e-05,9.999999747378752e-05,3.232564267818816e-06,,,,,,,,,,,,,,,,,,,,,,,,,,,,,,,,,,,,,,,,,,,,,
75,37149,,,,,,,,,,,,,9.999999747378752e-05,9.999999747378752e-05,3.232564267818816e-06,,,,,,,,,,,,,,,,,,,,,,,,,,,,,,,,,,,,,,,,,,,,,
75,37199,,,,,,,,,,,,,9.999999747378752e-05,9.999999747378752e-05,3.232564267818816e-06,,,,,,,,,,,,,,,,,,,,,,,,,,,,,,,,,,,,,,,,,,,,,
75,37249,,,,,,,,,,,,,9.999999747378752e-05,9.999999747378752e-05,3.232564267818816e-06,,,,,,,,,,,,,,,,,,,,,,,,,,,,,,,,,,,,,,,,,,,,,
75,37299,,,,,,,,,,,,,9.999999747378752e-05,9.999999747378752e-05,3.232564267818816e-06,,,,,,,,,,,,,,,,,,,,,,,,,,,,,,,,,,,,,,,,,,,,,
75,37349,,,,,,,,,,,,,9.999999747378752e-05,9.999999747378752e-05,3.232564267818816e-06,,,,,,,,,,,,,,,,,,,,,,,,,,,,,,,,,,,,,,,,,,,,,
75,37399,,,,,,,,,,,,,9.999999747378752e-05,9.999999747378752e-05,3.232564267818816e-06,,,,,,,,,,,,,,,,,,,,,,,,,,,,,,,,,,,,,,,,,,,,,
75,37449,,,,,,,,,,,,,9.999999747378752e-05,9.999999747378752e-05,3.232564267818816e-06,,,,,,,,,,,,,,,,,,,,,,,,,,,,,,,,,,,,,,,,,,,,,
75,37499,,,,,,,,,,,,,9.999999747378752e-05,9.999999747378752e-05,3.232564267818816e-06,,,,,,,,,,,,,,,,,,,,,,,,,,,,,,,,,,,,,,,,,,,,,
75,37543,,,,,,,,,,,,,,,,0.9134659767150879,0.3432866334915161,0.36496031284332275,0.46828728914260864,0.6077207326889038,0.9238204956054688,0.9624695777893066,0.6200459003448486,0.3771042823791504,0.8687019348144531,0.45166653394699097,0.9555370211601257,0.8618965148925781,0.9955220222473145,0.9656504392623901,0.8746508955955505,0.8573065996170044,0.8756780624389648,0.911841869354248,0.34800243377685547,0.3423270881175995,0.4889926612377167,0.6209339499473572,0.9167559742927551,0.9625384211540222,0.6182346343994141,0.3194686770439148,0.8663575053215027,0.4447022080421448,0.9562932848930359,0.8604747653007507,0.9957020878791809,0.9669257998466492,0.8797214031219482,0.856589138507843,0.892457127571106,0.726815402507782,0.7582416534423828,0.8464892506599426,0.892457127571106,0.726815402507782,0.7582416534423828,0.8464892506599426,0.9398521184921265,0.8401451706886292
75,37543,33.9725456237793,34.09501647949219,33.982540130615234,33.830970764160156,0.0068994127213954926,1.787809133529663,0.009898417629301548,0.05116855725646019,0.19665946066379547,0.7934015393257141,0.04878777265548706,0.1974187046289444,,,,,,,,,,,,,,,,,,,,,,,,,,,,,,,,,,,,,,,,,,,,,,,,
76,37549,,,,,,,,,,,,,9.999999747378752e-05,9.999999747378752e-05,3.232564267818816e-06,,,,,,,,,,,,,,,,,,,,,,,,,,,,,,,,,,,,,,,,,,,,,
76,37599,,,,,,,,,,,,,9.999999747378752e-05,9.999999747378752e-05,3.232564267818816e-06,,,,,,,,,,,,,,,,,,,,,,,,,,,,,,,,,,,,,,,,,,,,,
76,37649,,,,,,,,,,,,,9.999999747378752e-05,9.999999747378752e-05,3.232564267818816e-06,,,,,,,,,,,,,,,,,,,,,,,,,,,,,,,,,,,,,,,,,,,,,
76,37699,,,,,,,,,,,,,9.999999747378752e-05,9.999999747378752e-05,3.232564267818816e-06,,,,,,,,,,,,,,,,,,,,,,,,,,,,,,,,,,,,,,,,,,,,,
76,37749,,,,,,,,,,,,,9.999999747378752e-05,9.999999747378752e-05,3.232564267818816e-06,,,,,,,,,,,,,,,,,,,,,,,,,,,,,,,,,,,,,,,,,,,,,
76,37799,,,,,,,,,,,,,9.999999747378752e-05,9.999999747378752e-05,3.232564267818816e-06,,,,,,,,,,,,,,,,,,,,,,,,,,,,,,,,,,,,,,,,,,,,,
76,37849,,,,,,,,,,,,,9.999999747378752e-05,9.999999747378752e-05,3.232564267818816e-06,,,,,,,,,,,,,,,,,,,,,,,,,,,,,,,,,,,,,,,,,,,,,
76,37899,,,,,,,,,,,,,9.999999747378752e-05,9.999999747378752e-05,3.232564267818816e-06,,,,,,,,,,,,,,,,,,,,,,,,,,,,,,,,,,,,,,,,,,,,,
76,37949,,,,,,,,,,,,,9.999999747378752e-05,9.999999747378752e-05,3.232564267818816e-06,,,,,,,,,,,,,,,,,,,,,,,,,,,,,,,,,,,,,,,,,,,,,
76,37999,,,,,,,,,,,,,9.999999747378752e-05,9.999999747378752e-05,3.232564267818816e-06,,,,,,,,,,,,,,,,,,,,,,,,,,,,,,,,,,,,,,,,,,,,,
76,38037,,,,,,,,,,,,,,,,0.9125576615333557,0.3331238627433777,0.331536203622818,0.46141305565834045,0.6077992916107178,0.919935941696167,0.9631131887435913,0.6196900606155396,0.3943091332912445,0.8659582138061523,0.4401050806045532,0.9573288559913635,0.8594218492507935,0.9956008195877075,0.9665333032608032,0.8734726905822754,0.8560928106307983,0.8760849833488464,0.9132734537124634,0.3182452619075775,0.3207453191280365,0.43383345007896423,0.5946645736694336,0.9231159687042236,0.9636878967285156,0.6211454272270203,0.4691495895385742,0.8655588626861572,0.43550795316696167,0.9583644270896912,0.858368992805481,0.9954995512962341,0.9661408066749573,0.8672239780426025,0.8555964827537537,0.8860349655151367,0.7270659804344177,0.766086220741272,0.8336910009384155,0.8860349655151367,0.7270659804344177,0.766086220741272,0.8336910009384155,0.9190532565116882,0.8504067063331604
76,38037,33.95192337036133,33.974822998046875,33.963687896728516,33.97621536254883,0.017332270741462708,1.7719653844833374,0.009836483746767044,0.0512288473546505,0.19469767808914185,0.7841665148735046,0.04809988662600517,0.19578702747821808,,,,,,,,,,,,,,,,,,,,,,,,,,,,,,,,,,,,,,,,,,,,,,,,
77,38049,,,,,,,,,,,,,9.999999747378752e-05,9.999999747378752e-05,3.232564267818816e-06,,,,,,,,,,,,,,,,,,,,,,,,,,,,,,,,,,,,,,,,,,,,,
77,38099,,,,,,,,,,,,,9.999999747378752e-05,9.999999747378752e-05,3.232564267818816e-06,,,,,,,,,,,,,,,,,,,,,,,,,,,,,,,,,,,,,,,,,,,,,
77,38149,,,,,,,,,,,,,9.999999747378752e-05,9.999999747378752e-05,3.232564267818816e-06,,,,,,,,,,,,,,,,,,,,,,,,,,,,,,,,,,,,,,,,,,,,,
77,38199,,,,,,,,,,,,,9.999999747378752e-05,9.999999747378752e-05,3.232564267818816e-06,,,,,,,,,,,,,,,,,,,,,,,,,,,,,,,,,,,,,,,,,,,,,
77,38249,,,,,,,,,,,,,9.999999747378752e-05,9.999999747378752e-05,3.232564267818816e-06,,,,,,,,,,,,,,,,,,,,,,,,,,,,,,,,,,,,,,,,,,,,,
77,38299,,,,,,,,,,,,,9.999999747378752e-05,9.999999747378752e-05,3.232564267818816e-06,,,,,,,,,,,,,,,,,,,,,,,,,,,,,,,,,,,,,,,,,,,,,
77,38349,,,,,,,,,,,,,9.999999747378752e-05,9.999999747378752e-05,3.232564267818816e-06,,,,,,,,,,,,,,,,,,,,,,,,,,,,,,,,,,,,,,,,,,,,,
77,38399,,,,,,,,,,,,,9.999999747378752e-05,9.999999747378752e-05,3.232564267818816e-06,,,,,,,,,,,,,,,,,,,,,,,,,,,,,,,,,,,,,,,,,,,,,
77,38449,,,,,,,,,,,,,9.999999747378752e-05,9.999999747378752e-05,3.232564267818816e-06,,,,,,,,,,,,,,,,,,,,,,,,,,,,,,,,,,,,,,,,,,,,,
77,38499,,,,,,,,,,,,,9.999999747378752e-05,9.999999747378752e-05,3.232564267818816e-06,,,,,,,,,,,,,,,,,,,,,,,,,,,,,,,,,,,,,,,,,,,,,
77,38531,,,,,,,,,,,,,,,,0.914609432220459,0.34116584062576294,0.30238640308380127,0.4566440284252167,0.6062625050544739,0.9221291542053223,0.9636781215667725,0.6161239743232727,0.4037371277809143,0.8658161759376526,0.4519071578979492,0.9606313705444336,0.859046459197998,0.9954770803451538,0.9658436179161072,0.8700964450836182,0.8559466600418091,0.8754785656929016,0.9159454107284546,0.364086389541626,0.2840275168418884,0.4794546067714691,0.6178604364395142,0.9211423993110657,0.9636683464050293,0.6111025214195251,0.338324636220932,0.866073489189148,0.46830639243125916,0.9628982543945312,0.8597239851951599,0.9954545497894287,0.9655464291572571,0.872968852519989,0.8562968373298645,0.888097882270813,0.7260518074035645,0.7564982175827026,0.8422238230705261,0.888097882270813,0.7260518074035645,0.7564982175827026,0.8422238230705261,0.9168906807899475,0.8528385162353516
77,38531,33.96583938598633,34.06806564331055,33.980770111083984,34.00101089477539,0.0005362507072277367,1.7524546384811401,0.009825383313000202,0.04959910362958908,0.19397908449172974,0.7733249664306641,0.04841109365224838,0.19560307264328003,,,,,,,,,,,,,,,,,,,,,,,,,,,,,,,,,,,,,,,,,,,,,,,,
78,38549,,,,,,,,,,,,,9.999999747378752e-05,9.999999747378752e-05,3.232564267818816e-06,,,,,,,,,,,,,,,,,,,,,,,,,,,,,,,,,,,,,,,,,,,,,
78,38599,,,,,,,,,,,,,9.999999747378752e-05,9.999999747378752e-05,3.232564267818816e-06,,,,,,,,,,,,,,,,,,,,,,,,,,,,,,,,,,,,,,,,,,,,,
78,38649,,,,,,,,,,,,,9.999999747378752e-05,9.999999747378752e-05,3.232564267818816e-06,,,,,,,,,,,,,,,,,,,,,,,,,,,,,,,,,,,,,,,,,,,,,
78,38699,,,,,,,,,,,,,9.999999747378752e-05,9.999999747378752e-05,3.232564267818816e-06,,,,,,,,,,,,,,,,,,,,,,,,,,,,,,,,,,,,,,,,,,,,,
78,38749,,,,,,,,,,,,,9.999999747378752e-05,9.999999747378752e-05,3.232564267818816e-06,,,,,,,,,,,,,,,,,,,,,,,,,,,,,,,,,,,,,,,,,,,,,
78,38799,,,,,,,,,,,,,9.999999747378752e-05,9.999999747378752e-05,3.232564267818816e-06,,,,,,,,,,,,,,,,,,,,,,,,,,,,,,,,,,,,,,,,,,,,,
78,38849,,,,,,,,,,,,,9.999999747378752e-05,9.999999747378752e-05,3.232564267818816e-06,,,,,,,,,,,,,,,,,,,,,,,,,,,,,,,,,,,,,,,,,,,,,
78,38899,,,,,,,,,,,,,9.999999747378752e-05,9.999999747378752e-05,3.232564267818816e-06,,,,,,,,,,,,,,,,,,,,,,,,,,,,,,,,,,,,,,,,,,,,,
78,38949,,,,,,,,,,,,,9.999999747378752e-05,9.999999747378752e-05,3.232564267818816e-06,,,,,,,,,,,,,,,,,,,,,,,,,,,,,,,,,,,,,,,,,,,,,
78,38999,,,,,,,,,,,,,9.999999747378752e-05,9.999999747378752e-05,3.232564267818816e-06,,,,,,,,,,,,,,,,,,,,,,,,,,,,,,,,,,,,,,,,,,,,,
78,39025,,,,,,,,,,,,,,,,0.9186577200889587,0.3797302544116974,0.29224181175231934,0.4935151934623718,0.6095418334007263,0.9179310202598572,0.9641633629798889,0.6122104525566101,0.38643115758895874,0.8677487373352051,0.47035378217697144,0.9612309336662292,0.8569843769073486,0.9955333471298218,0.9663546085357666,0.872018575668335,0.8562209606170654,0.890369713306427,0.9213700294494629,0.3953741192817688,0.30045610666275024,0.5075758099555969,0.6012232303619385,0.9147196412086487,0.9646583795547485,0.6133183836936951,0.4345376789569855,0.869424045085907,0.47240114212036133,0.9595636129379272,0.8542448282241821,0.9956120848655701,0.9671627879142761,0.8710682988166809,0.8561450839042664,0.893680989742279,0.7352268099784851,0.7739217281341553,0.8441236019134521,0.893680989742279,0.7352268099784851,0.7739217281341553,0.8441236019134521,0.9184902906417847,0.8712961673736572
78,39025,33.94319152832031,33.94470977783203,33.983299255371094,33.822242736816406,0.0179673470556736,1.825236201286316,0.010107910260558128,0.05235333368182182,0.19536367058753967,0.8181446194648743,0.048771996051073074,0.2009384036064148,,,,,,,,,,,,,,,,,,,,,,,,,,,,,,,,,,,,,,,,,,,,,,,,
79,39049,,,,,,,,,,,,,9.999999747378752e-05,9.999999747378752e-05,3.232564267818816e-06,,,,,,,,,,,,,,,,,,,,,,,,,,,,,,,,,,,,,,,,,,,,,
79,39099,,,,,,,,,,,,,9.999999747378752e-05,9.999999747378752e-05,3.232564267818816e-06,,,,,,,,,,,,,,,,,,,,,,,,,,,,,,,,,,,,,,,,,,,,,
79,39149,,,,,,,,,,,,,9.999999747378752e-05,9.999999747378752e-05,3.232564267818816e-06,,,,,,,,,,,,,,,,,,,,,,,,,,,,,,,,,,,,,,,,,,,,,
79,39199,,,,,,,,,,,,,9.999999747378752e-05,9.999999747378752e-05,3.232564267818816e-06,,,,,,,,,,,,,,,,,,,,,,,,,,,,,,,,,,,,,,,,,,,,,
79,39249,,,,,,,,,,,,,9.999999747378752e-05,9.999999747378752e-05,3.232564267818816e-06,,,,,,,,,,,,,,,,,,,,,,,,,,,,,,,,,,,,,,,,,,,,,
79,39299,,,,,,,,,,,,,9.999999747378752e-05,9.999999747378752e-05,3.232564267818816e-06,,,,,,,,,,,,,,,,,,,,,,,,,,,,,,,,,,,,,,,,,,,,,
79,39349,,,,,,,,,,,,,9.999999747378752e-05,9.999999747378752e-05,3.232564267818816e-06,,,,,,,,,,,,,,,,,,,,,,,,,,,,,,,,,,,,,,,,,,,,,
79,39399,,,,,,,,,,,,,9.999999747378752e-05,9.999999747378752e-05,3.232564267818816e-06,,,,,,,,,,,,,,,,,,,,,,,,,,,,,,,,,,,,,,,,,,,,,
79,39449,,,,,,,,,,,,,9.999999747378752e-05,9.999999747378752e-05,3.232564267818816e-06,,,,,,,,,,,,,,,,,,,,,,,,,,,,,,,,,,,,,,,,,,,,,
79,39499,,,,,,,,,,,,,9.999999747378752e-05,9.999999747378752e-05,3.232564267818816e-06,,,,,,,,,,,,,,,,,,,,,,,,,,,,,,,,,,,,,,,,,,,,,
79,39519,,,,,,,,,,,,,,,,0.9204062819480896,0.35838860273361206,0.2965041995048523,0.5022735595703125,0.5810689926147461,0.9170153737068176,0.9651186466217041,0.6160188913345337,0.4217340052127838,0.8689321279525757,0.4625907242298126,0.9631538391113281,0.8537013530731201,0.9958596229553223,0.9655463099479675,0.8721997737884521,0.8570410013198853,0.8829527497291565,0.9194425344467163,0.3214030861854553,0.29255226254463196,0.49697136878967285,0.5609146952629089,0.9193111062049866,0.9655789732933044,0.6187194585800171,0.40893033146858215,0.8684401512145996,0.4527803063392639,0.966744065284729,0.8531578779220581,0.9961071014404297,0.9639298319816589,0.8733313083648682,0.8579368591308594,0.8875507116317749,0.7256618142127991,0.7584604024887085,0.836423397064209,0.8875507116317749,0.7256618142127991,0.7584604024887085,0.836423397064209,0.9170020818710327,0.8631067872047424
79,39519,33.95736312866211,34.012779235839844,34.00948715209961,33.97671890258789,0.014276774600148201,1.7817814350128174,0.009987212717533112,0.05142957344651222,0.19441081583499908,0.7855363488197327,0.0485326312482357,0.19884276390075684,,,,,,,,,,,,,,,,,,,,,,,,,,,,,,,,,,,,,,,,,,,,,,,,
80,39549,,,,,,,,,,,,,9.999999747378752e-05,9.999999747378752e-05,3.232564267818816e-06,,,,,,,,,,,,,,,,,,,,,,,,,,,,,,,,,,,,,,,,,,,,,
80,39599,,,,,,,,,,,,,9.999999747378752e-05,9.999999747378752e-05,3.232564267818816e-06,,,,,,,,,,,,,,,,,,,,,,,,,,,,,,,,,,,,,,,,,,,,,
80,39649,,,,,,,,,,,,,9.999999747378752e-05,9.999999747378752e-05,3.232564267818816e-06,,,,,,,,,,,,,,,,,,,,,,,,,,,,,,,,,,,,,,,,,,,,,
80,39699,,,,,,,,,,,,,9.999999747378752e-05,9.999999747378752e-05,3.232564267818816e-06,,,,,,,,,,,,,,,,,,,,,,,,,,,,,,,,,,,,,,,,,,,,,
80,39749,,,,,,,,,,,,,9.999999747378752e-05,9.999999747378752e-05,3.232564267818816e-06,,,,,,,,,,,,,,,,,,,,,,,,,,,,,,,,,,,,,,,,,,,,,
80,39799,,,,,,,,,,,,,9.999999747378752e-05,9.999999747378752e-05,3.232564267818816e-06,,,,,,,,,,,,,,,,,,,,,,,,,,,,,,,,,,,,,,,,,,,,,
80,39849,,,,,,,,,,,,,9.999999747378752e-05,9.999999747378752e-05,3.232564267818816e-06,,,,,,,,,,,,,,,,,,,,,,,,,,,,,,,,,,,,,,,,,,,,,
80,39899,,,,,,,,,,,,,9.999999747378752e-05,9.999999747378752e-05,3.232564267818816e-06,,,,,,,,,,,,,,,,,,,,,,,,,,,,,,,,,,,,,,,,,,,,,
80,39949,,,,,,,,,,,,,9.999999747378752e-05,9.999999747378752e-05,3.232564267818816e-06,,,,,,,,,,,,,,,,,,,,,,,,,,,,,,,,,,,,,,,,,,,,,
80,39999,,,,,,,,,,,,,9.999999747378752e-05,9.999999747378752e-05,3.232564267818816e-06,,,,,,,,,,,,,,,,,,,,,,,,,,,,,,,,,,,,,,,,,,,,,
80,40013,,,,,,,,,,,,,,,,0.9170085191726685,0.30863845348358154,0.3096550703048706,0.4841437041759491,0.5728758573532104,0.9235786199569702,0.9635469913482666,0.6176947355270386,0.4091827869415283,0.8680339455604553,0.4621909558773041,0.962335467338562,0.853519082069397,0.9961633682250977,0.9620620012283325,0.8648571968078613,0.857437252998352,0.8813304901123047,0.9145744442939758,0.2958737909793854,0.32675784826278687,0.47131603956222534,0.5848370790481567,0.9278461933135986,0.9615150690078735,0.6166700720787048,0.4094352722167969,0.867627739906311,0.47160160541534424,0.9579268097877502,0.8538803458213806,0.9962196350097656,0.9601941108703613,0.8563830256462097,0.8569376468658447,0.8846083283424377,0.7252703905105591,0.7539975047111511,0.835732638835907,0.8846083283424377,0.7252703905105591,0.7539975047111511,0.835732638835907,0.8998621702194214,0.8705556988716125
80,40013,33.9510383605957,34.08704376220703,33.9649543762207,33.935604095458984,-5.405441356742813e-07,1.7527350187301636,0.009896911680698395,0.05059628188610077,0.19418267905712128,0.769513726234436,0.04848020151257515,0.19480618834495544,,,,,,,,,,,,,,,,,,,,,,,,,,,,,,,,,,,,,,,,,,,,,,,,
81,40049,,,,,,,,,,,,,9.999999747378752e-05,9.999999747378752e-05,3.232564267818816e-06,,,,,,,,,,,,,,,,,,,,,,,,,,,,,,,,,,,,,,,,,,,,,
81,40099,,,,,,,,,,,,,9.999999747378752e-05,9.999999747378752e-05,3.232564267818816e-06,,,,,,,,,,,,,,,,,,,,,,,,,,,,,,,,,,,,,,,,,,,,,
81,40149,,,,,,,,,,,,,9.999999747378752e-05,9.999999747378752e-05,3.232564267818816e-06,,,,,,,,,,,,,,,,,,,,,,,,,,,,,,,,,,,,,,,,,,,,,
81,40199,,,,,,,,,,,,,9.999999747378752e-05,9.999999747378752e-05,3.232564267818816e-06,,,,,,,,,,,,,,,,,,,,,,,,,,,,,,,,,,,,,,,,,,,,,
81,40249,,,,,,,,,,,,,9.999999747378752e-05,9.999999747378752e-05,3.232564267818816e-06,,,,,,,,,,,,,,,,,,,,,,,,,,,,,,,,,,,,,,,,,,,,,
81,40299,,,,,,,,,,,,,9.999999747378752e-05,9.999999747378752e-05,3.232564267818816e-06,,,,,,,,,,,,,,,,,,,,,,,,,,,,,,,,,,,,,,,,,,,,,
81,40349,,,,,,,,,,,,,9.999999747378752e-05,9.999999747378752e-05,3.232564267818816e-06,,,,,,,,,,,,,,,,,,,,,,,,,,,,,,,,,,,,,,,,,,,,,
81,40399,,,,,,,,,,,,,9.999999747378752e-05,9.999999747378752e-05,3.232564267818816e-06,,,,,,,,,,,,,,,,,,,,,,,,,,,,,,,,,,,,,,,,,,,,,
81,40449,,,,,,,,,,,,,9.999999747378752e-05,9.999999747378752e-05,3.232564267818816e-06,,,,,,,,,,,,,,,,,,,,,,,,,,,,,,,,,,,,,,,,,,,,,
81,40499,,,,,,,,,,,,,9.999999747378752e-05,9.999999747378752e-05,3.232564267818816e-06,,,,,,,,,,,,,,,,,,,,,,,,,,,,,,,,,,,,,,,,,,,,,
81,40507,,,,,,,,,,,,,,,,0.9176971912384033,0.3056120276451111,0.3516855239868164,0.45971572399139404,0.580268144607544,0.9246242046356201,0.9619616270065308,0.6161414384841919,0.4064277410507202,0.8674681186676025,0.47563615441322327,0.9604479074478149,0.8532722592353821,0.9958596229553223,0.9602210521697998,0.867784857749939,0.8551379442214966,0.8720430135726929,0.920819878578186,0.3153502643108368,0.37661316990852356,0.44811543822288513,0.5756992697715759,0.9214021563529968,0.9624081254005432,0.6156127452850342,0.40342020988464355,0.8673085570335388,0.4796707034111023,0.9629689455032349,0.8526641726493835,0.9954995512962341,0.9602479934692383,0.8791866302490234,0.8533383011817932,0.8866078853607178,0.7288427352905273,0.7541401982307434,0.8412880897521973,0.8866078853607178,0.7288427352905273,0.7541401982307434,0.8412880897521973,0.9180133938789368,0.8447694182395935
81,40507,33.94243240356445,34.095645904541016,33.9753303527832,33.629302978515625,0.006846207659691572,1.7863847017288208,0.01016451045870781,0.05144744738936424,0.19525977969169617,0.7893603444099426,0.049134623259305954,0.19771796464920044,,,,,,,,,,,,,,,,,,,,,,,,,,,,,,,,,,,,,,,,,,,,,,,,
82,40549,,,,,,,,,,,,,9.999999747378752e-05,9.999999747378752e-05,3.232564267818816e-06,,,,,,,,,,,,,,,,,,,,,,,,,,,,,,,,,,,,,,,,,,,,,
82,40599,,,,,,,,,,,,,9.999999747378752e-05,9.999999747378752e-05,3.232564267818816e-06,,,,,,,,,,,,,,,,,,,,,,,,,,,,,,,,,,,,,,,,,,,,,
82,40649,,,,,,,,,,,,,9.999999747378752e-05,9.999999747378752e-05,3.232564267818816e-06,,,,,,,,,,,,,,,,,,,,,,,,,,,,,,,,,,,,,,,,,,,,,
82,40699,,,,,,,,,,,,,9.999999747378752e-05,9.999999747378752e-05,3.232564267818816e-06,,,,,,,,,,,,,,,,,,,,,,,,,,,,,,,,,,,,,,,,,,,,,
82,40749,,,,,,,,,,,,,9.999999747378752e-05,9.999999747378752e-05,3.232564267818816e-06,,,,,,,,,,,,,,,,,,,,,,,,,,,,,,,,,,,,,,,,,,,,,
82,40799,,,,,,,,,,,,,9.999999747378752e-05,9.999999747378752e-05,3.232564267818816e-06,,,,,,,,,,,,,,,,,,,,,,,,,,,,,,,,,,,,,,,,,,,,,
82,40849,,,,,,,,,,,,,9.999999747378752e-05,9.999999747378752e-05,3.232564267818816e-06,,,,,,,,,,,,,,,,,,,,,,,,,,,,,,,,,,,,,,,,,,,,,
82,40899,,,,,,,,,,,,,9.999999747378752e-05,9.999999747378752e-05,3.232564267818816e-06,,,,,,,,,,,,,,,,,,,,,,,,,,,,,,,,,,,,,,,,,,,,,
82,40949,,,,,,,,,,,,,9.999999747378752e-05,9.999999747378752e-05,3.232564267818816e-06,,,,,,,,,,,,,,,,,,,,,,,,,,,,,,,,,,,,,,,,,,,,,
82,40999,,,,,,,,,,,,,9.999999747378752e-05,9.999999747378752e-05,3.232564267818816e-06,,,,,,,,,,,,,,,,,,,,,,,,,,,,,,,,,,,,,,,,,,,,,
82,41001,,,,,,,,,,,,,,,,0.917526364326477,0.31637436151504517,0.3869587779045105,0.4535917639732361,0.581174373626709,0.9204403162002563,0.9620128870010376,0.6188658475875854,0.4418208599090576,0.8643794655799866,0.4622865319252014,0.9623430967330933,0.8519862294197083,0.9959383010864258,0.9610801935195923,0.8758603930473328,0.8550671339035034,0.8839349746704102,0.9142329096794128,0.3173984885215759,0.3973044157028198,0.4590681195259094,0.5866495370864868,0.9194784164428711,0.9616177082061768,0.6221188902854919,0.48022153973579407,0.8614503741264343,0.44490236043930054,0.9617172479629517,0.851308286190033,0.9963771104812622,0.9619123935699463,0.8725341558456421,0.8567959070205688,0.8916584849357605,0.7332404851913452,0.7683362364768982,0.84001225233078,0.8916584849357605,0.7332404851913452,0.7683362364768982,0.84001225233078,0.9114060401916504,0.8654311299324036
82,41001,33.93825912475586,33.89739227294922,33.968875885009766,33.869937896728516,0.00033093657111749053,1.7240453958511353,0.00985410250723362,0.04856375977396965,0.1910942941904068,0.7648788094520569,0.04766165465116501,0.19032977521419525,,,,,,,,,,,,,,,,,,,,,,,,,,,,,,,,,,,,,,,,,,,,,,,,
83,41049,,,,,,,,,,,,,9.999999747378752e-05,9.999999747378752e-05,3.232564267818816e-06,,,,,,,,,,,,,,,,,,,,,,,,,,,,,,,,,,,,,,,,,,,,,
83,41099,,,,,,,,,,,,,9.999999747378752e-05,9.999999747378752e-05,3.232564267818816e-06,,,,,,,,,,,,,,,,,,,,,,,,,,,,,,,,,,,,,,,,,,,,,
83,41149,,,,,,,,,,,,,9.999999747378752e-05,9.999999747378752e-05,3.232564267818816e-06,,,,,,,,,,,,,,,,,,,,,,,,,,,,,,,,,,,,,,,,,,,,,
83,41199,,,,,,,,,,,,,9.999999747378752e-05,9.999999747378752e-05,3.232564267818816e-06,,,,,,,,,,,,,,,,,,,,,,,,,,,,,,,,,,,,,,,,,,,,,
83,41249,,,,,,,,,,,,,9.999999747378752e-05,9.999999747378752e-05,3.232564267818816e-06,,,,,,,,,,,,,,,,,,,,,,,,,,,,,,,,,,,,,,,,,,,,,
83,41299,,,,,,,,,,,,,9.999999747378752e-05,9.999999747378752e-05,3.232564267818816e-06,,,,,,,,,,,,,,,,,,,,,,,,,,,,,,,,,,,,,,,,,,,,,
83,41349,,,,,,,,,,,,,9.999999747378752e-05,9.999999747378752e-05,3.232564267818816e-06,,,,,,,,,,,,,,,,,,,,,,,,,,,,,,,,,,,,,,,,,,,,,
83,41399,,,,,,,,,,,,,9.999999747378752e-05,9.999999747378752e-05,3.232564267818816e-06,,,,,,,,,,,,,,,,,,,,,,,,,,,,,,,,,,,,,,,,,,,,,
83,41449,,,,,,,,,,,,,9.999999747378752e-05,9.999999747378752e-05,3.232564267818816e-06,,,,,,,,,,,,,,,,,,,,,,,,,,,,,,,,,,,,,,,,,,,,,
83,41495,,,,,,,,,,,,,,,,0.9148838520050049,0.3164476156234741,0.38177478313446045,0.460551917552948,0.6129071712493896,0.9205570220947266,0.9600884914398193,0.6199580430984497,0.4916268587112427,0.8645779490470886,0.450221985578537,0.9624032974243164,0.852422833442688,0.9981885552406311,0.9636300802230835,0.8665471076965332,0.8576288819313049,0.8891195058822632,0.9155348539352417,0.3154967725276947,0.36624518036842346,0.4620356857776642,0.6391647458076477,0.9216356873512268,0.9585593342781067,0.6177971363067627,0.5030321478843689,0.8677055239677429,0.45554161071777344,0.9630893468856812,0.8535373210906982,1.0,0.9653477072715759,0.8605601191520691,0.858461856842041,0.8931459188461304,0.736690878868103,0.7782793045043945,0.8404113054275513,0.8931459188461304,0.736690878868103,0.7782793045043945,0.8404113054275513,0.9101516008377075,0.8728019595146179
83,41495,33.92763137817383,33.90599822998047,33.94736862182617,34.02404022216797,0.005412576720118523,1.7091811895370483,0.009538274258375168,0.048548247665166855,0.18928925693035126,0.7590914368629456,0.04700646921992302,0.18817727267742157,,,,,,,,,,,,,,,,,,,,,,,,,,,,,,,,,,,,,,,,,,,,,,,,
84,41499,,,,,,,,,,,,,9.999999747378752e-05,9.999999747378752e-05,3.232564267818816e-06,,,,,,,,,,,,,,,,,,,,,,,,,,,,,,,,,,,,,,,,,,,,,
84,41549,,,,,,,,,,,,,9.999999747378752e-05,9.999999747378752e-05,3.232564267818816e-06,,,,,,,,,,,,,,,,,,,,,,,,,,,,,,,,,,,,,,,,,,,,,
84,41599,,,,,,,,,,,,,9.999999747378752e-05,9.999999747378752e-05,3.232564267818816e-06,,,,,,,,,,,,,,,,,,,,,,,,,,,,,,,,,,,,,,,,,,,,,
84,41649,,,,,,,,,,,,,9.999999747378752e-05,9.999999747378752e-05,3.232564267818816e-06,,,,,,,,,,,,,,,,,,,,,,,,,,,,,,,,,,,,,,,,,,,,,
84,41699,,,,,,,,,,,,,9.999999747378752e-05,9.999999747378752e-05,3.232564267818816e-06,,,,,,,,,,,,,,,,,,,,,,,,,,,,,,,,,,,,,,,,,,,,,
84,41749,,,,,,,,,,,,,9.999999747378752e-05,9.999999747378752e-05,3.232564267818816e-06,,,,,,,,,,,,,,,,,,,,,,,,,,,,,,,,,,,,,,,,,,,,,
84,41799,,,,,,,,,,,,,9.999999747378752e-05,9.999999747378752e-05,3.232564267818816e-06,,,,,,,,,,,,,,,,,,,,,,,,,,,,,,,,,,,,,,,,,,,,,
84,41849,,,,,,,,,,,,,9.999999747378752e-05,9.999999747378752e-05,3.232564267818816e-06,,,,,,,,,,,,,,,,,,,,,,,,,,,,,,,,,,,,,,,,,,,,,
84,41899,,,,,,,,,,,,,9.999999747378752e-05,9.999999747378752e-05,3.232564267818816e-06,,,,,,,,,,,,,,,,,,,,,,,,,,,,,,,,,,,,,,,,,,,,,
84,41949,,,,,,,,,,,,,9.999999747378752e-05,9.999999747378752e-05,3.232564267818816e-06,,,,,,,,,,,,,,,,,,,,,,,,,,,,,,,,,,,,,,,,,,,,,
84,41989,,,,,,,,,,,,,,,,0.918280303478241,0.338823139667511,0.375223845243454,0.46850502490997314,0.6337822675704956,0.9248046875,0.9603831768035889,0.6165168285369873,0.4757736921310425,0.8674702644348145,0.4596725106239319,0.9617400765419006,0.8535606861114502,1.0,0.9659854173660278,0.868348240852356,0.856497049331665,0.8843125104904175,0.9210257530212402,0.3621494770050049,0.3842025101184845,0.4749743938446045,0.6283997297286987,0.9279736280441284,0.9622069597244263,0.6152365803718567,0.4485152065753937,0.867235004901886,0.46380341053009033,0.9603908061981201,0.8535841107368469,1.0,0.9666231274604797,0.876136302947998,0.8545321822166443,0.8899292945861816,0.7392346262931824,0.7681366801261902,0.8404328227043152,0.8899292945861816,0.7392346262931824,0.7681366801261902,0.8404328227043152,0.9012361764907837,0.8748936653137207
84,41989,33.9545783996582,34.078819274902344,33.97127914428711,33.939395904541016,0.024647129699587822,1.7285826206207275,0.00978450383991003,0.04891999810934067,0.19136202335357666,0.7653193473815918,0.04733474180102348,0.1918548196554184,,,,,,,,,,,,,,,,,,,,,,,,,,,,,,,,,,,,,,,,,,,,,,,,
85,41999,,,,,,,,,,,,,9.999999747378752e-05,9.999999747378752e-05,3.232564267818816e-06,,,,,,,,,,,,,,,,,,,,,,,,,,,,,,,,,,,,,,,,,,,,,
85,42049,,,,,,,,,,,,,9.999999747378752e-05,9.999999747378752e-05,3.232564267818816e-06,,,,,,,,,,,,,,,,,,,,,,,,,,,,,,,,,,,,,,,,,,,,,
85,42099,,,,,,,,,,,,,9.999999747378752e-05,9.999999747378752e-05,3.232564267818816e-06,,,,,,,,,,,,,,,,,,,,,,,,,,,,,,,,,,,,,,,,,,,,,
85,42149,,,,,,,,,,,,,9.999999747378752e-05,9.999999747378752e-05,3.232564267818816e-06,,,,,,,,,,,,,,,,,,,,,,,,,,,,,,,,,,,,,,,,,,,,,
85,42199,,,,,,,,,,,,,9.999999747378752e-05,9.999999747378752e-05,3.232564267818816e-06,,,,,,,,,,,,,,,,,,,,,,,,,,,,,,,,,,,,,,,,,,,,,
85,42249,,,,,,,,,,,,,9.999999747378752e-05,9.999999747378752e-05,3.232564267818816e-06,,,,,,,,,,,,,,,,,,,,,,,,,,,,,,,,,,,,,,,,,,,,,
85,42299,,,,,,,,,,,,,9.999999747378752e-05,9.999999747378752e-05,3.232564267818816e-06,,,,,,,,,,,,,,,,,,,,,,,,,,,,,,,,,,,,,,,,,,,,,
85,42349,,,,,,,,,,,,,9.999999747378752e-05,9.999999747378752e-05,3.232564267818816e-06,,,,,,,,,,,,,,,,,,,,,,,,,,,,,,,,,,,,,,,,,,,,,
85,42399,,,,,,,,,,,,,9.999999747378752e-05,9.999999747378752e-05,3.232564267818816e-06,,,,,,,,,,,,,,,,,,,,,,,,,,,,,,,,,,,,,,,,,,,,,
85,42449,,,,,,,,,,,,,9.999999747378752e-05,9.999999747378752e-05,3.232564267818816e-06,,,,,,,,,,,,,,,,,,,,,,,,,,,,,,,,,,,,,,,,,,,,,
85,42483,,,,,,,,,,,,,,,,0.9207826852798462,0.3617066740989685,0.35789018869400024,0.46285051107406616,0.6358491778373718,0.9227496385574341,0.9631904363632202,0.6168156862258911,0.43554210662841797,0.863686203956604,0.4481223523616791,0.962517261505127,0.854604184627533,0.9983747005462646,0.9637705087661743,0.8753058910369873,0.856106698513031,0.8690765500068665,0.9205395579338074,0.36126387119293213,0.3315778374671936,0.4507266581058502,0.6432986259460449,0.9175256490707397,0.9641738533973694,0.6183947920799255,0.4225689768791199,0.8601374626159668,0.4324412941932678,0.9646437168121338,0.855624258518219,0.9967494606971741,0.9609178900718689,0.8744755387306213,0.8576812148094177,0.8826856017112732,0.7313376665115356,0.7523797154426575,0.8361045718193054,0.8826856017112732,0.7313376665115356,0.7523797154426575,0.8361045718193054,0.9125885963439941,0.8488790392875671
85,42483,33.936614990234375,34.05958938598633,33.971153259277344,33.99038314819336,0.017183465883135796,1.7066285610198975,0.009764829650521278,0.04845394194126129,0.19113969802856445,0.7526305317878723,0.04729773849248886,0.18858447670936584,,,,,,,,,,,,,,,,,,,,,,,,,,,,,,,,,,,,,,,,,,,,,,,,
86,42499,,,,,,,,,,,,,9.999999747378752e-05,9.999999747378752e-05,3.232564267818816e-06,,,,,,,,,,,,,,,,,,,,,,,,,,,,,,,,,,,,,,,,,,,,,
86,42549,,,,,,,,,,,,,9.999999747378752e-05,9.999999747378752e-05,3.232564267818816e-06,,,,,,,,,,,,,,,,,,,,,,,,,,,,,,,,,,,,,,,,,,,,,
86,42599,,,,,,,,,,,,,9.999999747378752e-05,9.999999747378752e-05,3.232564267818816e-06,,,,,,,,,,,,,,,,,,,,,,,,,,,,,,,,,,,,,,,,,,,,,
86,42649,,,,,,,,,,,,,9.999999747378752e-05,9.999999747378752e-05,3.232564267818816e-06,,,,,,,,,,,,,,,,,,,,,,,,,,,,,,,,,,,,,,,,,,,,,
86,42699,,,,,,,,,,,,,9.999999747378752e-05,9.999999747378752e-05,3.232564267818816e-06,,,,,,,,,,,,,,,,,,,,,,,,,,,,,,,,,,,,,,,,,,,,,
86,42749,,,,,,,,,,,,,9.999999747378752e-05,9.999999747378752e-05,3.232564267818816e-06,,,,,,,,,,,,,,,,,,,,,,,,,,,,,,,,,,,,,,,,,,,,,
86,42799,,,,,,,,,,,,,9.999999747378752e-05,9.999999747378752e-05,3.232564267818816e-06,,,,,,,,,,,,,,,,,,,,,,,,,,,,,,,,,,,,,,,,,,,,,
86,42849,,,,,,,,,,,,,9.999999747378752e-05,9.999999747378752e-05,3.232564267818816e-06,,,,,,,,,,,,,,,,,,,,,,,,,,,,,,,,,,,,,,,,,,,,,
86,42899,,,,,,,,,,,,,9.999999747378752e-05,9.999999747378752e-05,3.232564267818816e-06,,,,,,,,,,,,,,,,,,,,,,,,,,,,,,,,,,,,,,,,,,,,,
86,42949,,,,,,,,,,,,,9.999999747378752e-05,9.999999747378752e-05,3.232564267818816e-06,,,,,,,,,,,,,,,,,,,,,,,,,,,,,,,,,,,,,,,,,,,,,
86,42977,,,,,,,,,,,,,,,,0.9174188375473022,0.34845274686813354,0.3519166111946106,0.45718467235565186,0.6360208988189697,0.9179384708404541,0.9624464511871338,0.6224636435508728,0.39692723751068115,0.86579430103302,0.43433690071105957,0.9635781645774841,0.8560745120048523,0.996608316898346,0.9585014581680298,0.8728185296058655,0.8556393384933472,0.8761243224143982,0.9142980575561523,0.33564162254333496,0.3722553849220276,0.4636426866054535,0.6287431120872498,0.9183513522148132,0.960719108581543,0.6265324950218201,0.37128546833992004,0.8714511394500732,0.43623247742652893,0.9625126123428345,0.8565247654914856,0.9964671730995178,0.9560849666595459,0.8711615204811096,0.8535974025726318,0.8841055035591125,0.7291471362113953,0.7505212426185608,0.8425852060317993,0.8841055035591125,0.7291471362113953,0.7505212426185608,0.8425852060317993,0.9134494066238403,0.8564416170120239
86,42977,33.9482536315918,34.036563873291016,33.97014236450195,33.932186126708984,0.01109734084457159,1.6629756689071655,0.009375642985105515,0.0460868701338768,0.1882341057062149,0.7376751899719238,0.04610511288046837,0.18377189338207245,,,,,,,,,,,,,,,,,,,,,,,,,,,,,,,,,,,,,,,,,,,,,,,,
87,42999,,,,,,,,,,,,,9.999999747378752e-05,9.999999747378752e-05,3.232564267818816e-06,,,,,,,,,,,,,,,,,,,,,,,,,,,,,,,,,,,,,,,,,,,,,
87,43049,,,,,,,,,,,,,9.999999747378752e-05,9.999999747378752e-05,3.232564267818816e-06,,,,,,,,,,,,,,,,,,,,,,,,,,,,,,,,,,,,,,,,,,,,,
87,43099,,,,,,,,,,,,,9.999999747378752e-05,9.999999747378752e-05,3.232564267818816e-06,,,,,,,,,,,,,,,,,,,,,,,,,,,,,,,,,,,,,,,,,,,,,
87,43149,,,,,,,,,,,,,9.999999747378752e-05,9.999999747378752e-05,3.232564267818816e-06,,,,,,,,,,,,,,,,,,,,,,,,,,,,,,,,,,,,,,,,,,,,,
87,43199,,,,,,,,,,,,,9.999999747378752e-05,9.999999747378752e-05,3.232564267818816e-06,,,,,,,,,,,,,,,,,,,,,,,,,,,,,,,,,,,,,,,,,,,,,
87,43249,,,,,,,,,,,,,9.999999747378752e-05,9.999999747378752e-05,3.232564267818816e-06,,,,,,,,,,,,,,,,,,,,,,,,,,,,,,,,,,,,,,,,,,,,,
87,43299,,,,,,,,,,,,,9.999999747378752e-05,9.999999747378752e-05,3.232564267818816e-06,,,,,,,,,,,,,,,,,,,,,,,,,,,,,,,,,,,,,,,,,,,,,
87,43349,,,,,,,,,,,,,9.999999747378752e-05,9.999999747378752e-05,3.232564267818816e-06,,,,,,,,,,,,,,,,,,,,,,,,,,,,,,,,,,,,,,,,,,,,,
87,43399,,,,,,,,,,,,,9.999999747378752e-05,9.999999747378752e-05,3.232564267818816e-06,,,,,,,,,,,,,,,,,,,,,,,,,,,,,,,,,,,,,,,,,,,,,
87,43449,,,,,,,,,,,,,9.999999747378752e-05,9.999999747378752e-05,3.232564267818816e-06,,,,,,,,,,,,,,,,,,,,,,,,,,,,,,,,,,,,,,,,,,,,,
87,43471,,,,,,,,,,,,,,,,0.9142374992370605,0.3569785952568054,0.3474031090736389,0.48795169591903687,0.627092182636261,0.9171145558357239,0.9608863592147827,0.6246492862701416,0.33855998516082764,0.8693057298660278,0.44457700848579407,0.9634412527084351,0.8552086353302002,0.9964706897735596,0.9569612741470337,0.8675846457481384,0.8551199436187744,0.8824212551116943,0.914176881313324,0.3783155679702759,0.32255086302757263,0.5122606754302979,0.6254412531852722,0.9158777594566345,0.9610536694526672,0.6227660775184631,0.30583450198173523,0.8671602606773376,0.4529215395450592,0.9643698334693909,0.8538925647735596,0.9964741468429565,0.9578375816345215,0.8640077710151672,0.8566424250602722,0.8813058733940125,0.7277401685714722,0.7568783164024353,0.8404086828231812,0.8813058733940125,0.7277401685714722,0.7568783164024353,0.8404086828231812,0.9074611663818359,0.8639825582504272
87,43471,33.956478118896484,34.042510986328125,33.963687896728516,33.997344970703125,0.004096954129636288,1.654557704925537,0.009328119456768036,0.04561728984117508,0.1860877126455307,0.7339804172515869,0.046024683862924576,0.1838565617799759,,,,,,,,,,,,,,,,,,,,,,,,,,,,,,,,,,,,,,,,,,,,,,,,
88,43499,,,,,,,,,,,,,9.999999747378752e-05,9.999999747378752e-05,3.232564267818816e-06,,,,,,,,,,,,,,,,,,,,,,,,,,,,,,,,,,,,,,,,,,,,,
88,43549,,,,,,,,,,,,,9.999999747378752e-05,9.999999747378752e-05,3.232564267818816e-06,,,,,,,,,,,,,,,,,,,,,,,,,,,,,,,,,,,,,,,,,,,,,
88,43599,,,,,,,,,,,,,9.999999747378752e-05,9.999999747378752e-05,3.232564267818816e-06,,,,,,,,,,,,,,,,,,,,,,,,,,,,,,,,,,,,,,,,,,,,,
88,43649,,,,,,,,,,,,,9.999999747378752e-05,9.999999747378752e-05,3.232564267818816e-06,,,,,,,,,,,,,,,,,,,,,,,,,,,,,,,,,,,,,,,,,,,,,
88,43699,,,,,,,,,,,,,9.999999747378752e-05,9.999999747378752e-05,3.232564267818816e-06,,,,,,,,,,,,,,,,,,,,,,,,,,,,,,,,,,,,,,,,,,,,,
88,43749,,,,,,,,,,,,,9.999999747378752e-05,9.999999747378752e-05,3.232564267818816e-06,,,,,,,,,,,,,,,,,,,,,,,,,,,,,,,,,,,,,,,,,,,,,
88,43799,,,,,,,,,,,,,9.999999747378752e-05,9.999999747378752e-05,3.232564267818816e-06,,,,,,,,,,,,,,,,,,,,,,,,,,,,,,,,,,,,,,,,,,,,,
88,43849,,,,,,,,,,,,,9.999999747378752e-05,9.999999747378752e-05,3.232564267818816e-06,,,,,,,,,,,,,,,,,,,,,,,,,,,,,,,,,,,,,,,,,,,,,
88,43899,,,,,,,,,,,,,9.999999747378752e-05,9.999999747378752e-05,3.232564267818816e-06,,,,,,,,,,,,,,,,,,,,,,,,,,,,,,,,,,,,,,,,,,,,,
88,43949,,,,,,,,,,,,,9.999999747378752e-05,9.999999747378752e-05,3.232564267818816e-06,,,,,,,,,,,,,,,,,,,,,,,,,,,,,,,,,,,,,,,,,,,,,
88,43965,,,,,,,,,,,,,,,,0.9172938466072083,0.368724524974823,0.31827929615974426,0.4917609691619873,0.6047375202178955,0.920768141746521,0.9604507088661194,0.6220276355743408,0.36381062865257263,0.8677381277084351,0.4609808921813965,0.9658799767494202,0.8547276258468628,0.9965718984603882,0.9599799513816833,0.8656117916107178,0.8547021746635437,0.8862252235412598,0.9204108119010925,0.3591335117816925,0.3140077292919159,0.47126126289367676,0.584033727645874,0.9256584644317627,0.9598477482795715,0.6212891936302185,0.42178675532341003,0.8683159947395325,0.46904027462005615,0.9673901200294495,0.8555626273155212,0.9966696500778198,0.9621223211288452,0.8672158718109131,0.8527619242668152,0.8856167793273926,0.7303828001022339,0.7601324319839478,0.8351761102676392,0.8856167793273926,0.7303828001022339,0.7601324319839478,0.8351761102676392,0.9239213466644287,0.8630407452583313
88,43965,33.951416015625,34.04592514038086,33.98481750488281,33.92573547363281,0.02240288257598877,1.7013661861419678,0.00950764212757349,0.048251837491989136,0.1876065582036972,0.7532238960266113,0.04631741717457771,0.1895516812801361,,,,,,,,,,,,,,,,,,,,,,,,,,,,,,,,,,,,,,,,,,,,,,,,
89,43999,,,,,,,,,,,,,9.999999747378752e-05,9.999999747378752e-05,3.232564267818816e-06,,,,,,,,,,,,,,,,,,,,,,,,,,,,,,,,,,,,,,,,,,,,,
89,44049,,,,,,,,,,,,,9.999999747378752e-05,9.999999747378752e-05,3.232564267818816e-06,,,,,,,,,,,,,,,,,,,,,,,,,,,,,,,,,,,,,,,,,,,,,
89,44099,,,,,,,,,,,,,9.999999747378752e-05,9.999999747378752e-05,3.232564267818816e-06,,,,,,,,,,,,,,,,,,,,,,,,,,,,,,,,,,,,,,,,,,,,,
89,44149,,,,,,,,,,,,,9.999999747378752e-05,9.999999747378752e-05,3.232564267818816e-06,,,,,,,,,,,,,,,,,,,,,,,,,,,,,,,,,,,,,,,,,,,,,
89,44199,,,,,,,,,,,,,9.999999747378752e-05,9.999999747378752e-05,3.232564267818816e-06,,,,,,,,,,,,,,,,,,,,,,,,,,,,,,,,,,,,,,,,,,,,,
89,44249,,,,,,,,,,,,,9.999999747378752e-05,9.999999747378752e-05,3.232564267818816e-06,,,,,,,,,,,,,,,,,,,,,,,,,,,,,,,,,,,,,,,,,,,,,
89,44299,,,,,,,,,,,,,9.999999747378752e-05,9.999999747378752e-05,3.232564267818816e-06,,,,,,,,,,,,,,,,,,,,,,,,,,,,,,,,,,,,,,,,,,,,,
89,44349,,,,,,,,,,,,,9.999999747378752e-05,9.999999747378752e-05,3.232564267818816e-06,,,,,,,,,,,,,,,,,,,,,,,,,,,,,,,,,,,,,,,,,,,,,
89,44399,,,,,,,,,,,,,9.999999747378752e-05,9.999999747378752e-05,3.232564267818816e-06,,,,,,,,,,,,,,,,,,,,,,,,,,,,,,,,,,,,,,,,,,,,,
89,44449,,,,,,,,,,,,,9.999999747378752e-05,9.999999747378752e-05,3.232564267818816e-06,,,,,,,,,,,,,,,,,,,,,,,,,,,,,,,,,,,,,,,,,,,,,
89,44459,,,,,,,,,,,,,,,,0.9196834564208984,0.36767712235450745,0.33077704906463623,0.47286146879196167,0.595363199710846,0.923603355884552,0.9607659578323364,0.6215463876724243,0.41610583662986755,0.8700488805770874,0.4655455946922302,0.9652379155158997,0.8557658791542053,0.9962871074676514,0.9597273468971252,0.8667261004447937,0.8534693121910095,0.8877128958702087,0.9189561605453491,0.3762207329273224,0.34754639863967896,0.47446170449256897,0.6066926717758179,0.9215482473373413,0.9616841077804565,0.6218035817146301,0.4104249179363251,0.8717817068099976,0.4620509445667267,0.9630857110023499,0.8559691309928894,0.9959045648574829,0.9573323726654053,0.8662363290786743,0.8541767001152039,0.8894762396812439,0.7332867980003357,0.7609984278678894,0.8388611078262329,0.8894762396812439,0.7332867980003357,0.7609984278678894,0.8388611078262329,0.90374356508255,0.8764448165893555
89,44459,33.974571228027344,34.077049255371094,33.98570251464844,33.87651824951172,-4.6332354486366967e-07,1.6728726625442505,0.009242050349712372,0.046479810029268265,0.184396430850029,0.746414065361023,0.045616790652275085,0.1861092895269394,,,,,,,,,,,,,,,,,,,,,,,,,,,,,,,,,,,,,,,,,,,,,,,,
90,44499,,,,,,,,,,,,,9.999999747378752e-05,9.999999747378752e-05,3.232564267818816e-06,,,,,,,,,,,,,,,,,,,,,,,,,,,,,,,,,,,,,,,,,,,,,
90,44549,,,,,,,,,,,,,9.999999747378752e-05,9.999999747378752e-05,3.232564267818816e-06,,,,,,,,,,,,,,,,,,,,,,,,,,,,,,,,,,,,,,,,,,,,,
90,44599,,,,,,,,,,,,,9.999999747378752e-05,9.999999747378752e-05,3.232564267818816e-06,,,,,,,,,,,,,,,,,,,,,,,,,,,,,,,,,,,,,,,,,,,,,
90,44649,,,,,,,,,,,,,9.999999747378752e-05,9.999999747378752e-05,3.232564267818816e-06,,,,,,,,,,,,,,,,,,,,,,,,,,,,,,,,,,,,,,,,,,,,,
90,44699,,,,,,,,,,,,,9.999999747378752e-05,9.999999747378752e-05,3.232564267818816e-06,,,,,,,,,,,,,,,,,,,,,,,,,,,,,,,,,,,,,,,,,,,,,
90,44749,,,,,,,,,,,,,9.999999747378752e-05,9.999999747378752e-05,3.232564267818816e-06,,,,,,,,,,,,,,,,,,,,,,,,,,,,,,,,,,,,,,,,,,,,,
90,44799,,,,,,,,,,,,,9.999999747378752e-05,9.999999747378752e-05,3.232564267818816e-06,,,,,,,,,,,,,,,,,,,,,,,,,,,,,,,,,,,,,,,,,,,,,
90,44849,,,,,,,,,,,,,9.999999747378752e-05,9.999999747378752e-05,3.232564267818816e-06,,,,,,,,,,,,,,,,,,,,,,,,,,,,,,,,,,,,,,,,,,,,,
90,44899,,,,,,,,,,,,,9.999999747378752e-05,9.999999747378752e-05,3.232564267818816e-06,,,,,,,,,,,,,,,,,,,,,,,,,,,,,,,,,,,,,,,,,,,,,
90,44949,,,,,,,,,,,,,9.999999747378752e-05,9.999999747378752e-05,3.232564267818816e-06,,,,,,,,,,,,,,,,,,,,,,,,,,,,,,,,,,,,,,,,,,,,,
90,44953,,,,,,,,,,,,,,,,0.9180625677108765,0.37140631675720215,0.33556586503982544,0.47419291734695435,0.6098000407218933,0.9216402769088745,0.9630095958709717,0.6257851123809814,0.39250949025154114,0.8656535148620605,0.46460646390914917,0.9639089107513428,0.8553673028945923,0.9964221715927124,0.957384467124939,0.869209349155426,0.854409396648407,0.8738940954208374,0.9171690344810486,0.3665919303894043,0.32358530163764954,0.4739241302013397,0.6129074096679688,0.9217323660850525,0.964335024356842,0.6297666430473328,0.3745940625667572,0.8595253229141235,0.46716201305389404,0.9647321701049805,0.8547654151916504,0.9969397187232971,0.9574365615844727,0.8721823692321777,0.8546420931816101,0.8874680399894714,0.73011714220047,0.7731527090072632,0.8360588550567627,0.8874680399894714,0.73011714220047,0.7731527090072632,0.8360588550567627,0.9110276699066162,0.8558006286621094
90,44953,33.98051452636719,34.08109664916992,34.00733947753906,33.95711135864258,0.00858373288065195,1.702329158782959,0.00935382954776287,0.048978663980960846,0.1863621175289154,0.7561036944389343,0.04563462734222412,0.18846559524536133,,,,,,,,,,,,,,,,,,,,,,,,,,,,,,,,,,,,,,,,,,,,,,,,
91,44999,,,,,,,,,,,,,9.999999747378752e-05,9.999999747378752e-05,3.232564267818816e-06,,,,,,,,,,,,,,,,,,,,,,,,,,,,,,,,,,,,,,,,,,,,,
91,45049,,,,,,,,,,,,,9.999999747378752e-05,9.999999747378752e-05,3.232564267818816e-06,,,,,,,,,,,,,,,,,,,,,,,,,,,,,,,,,,,,,,,,,,,,,
91,45099,,,,,,,,,,,,,9.999999747378752e-05,9.999999747378752e-05,3.232564267818816e-06,,,,,,,,,,,,,,,,,,,,,,,,,,,,,,,,,,,,,,,,,,,,,
91,45149,,,,,,,,,,,,,9.999999747378752e-05,9.999999747378752e-05,3.232564267818816e-06,,,,,,,,,,,,,,,,,,,,,,,,,,,,,,,,,,,,,,,,,,,,,
91,45199,,,,,,,,,,,,,9.999999747378752e-05,9.999999747378752e-05,3.232564267818816e-06,,,,,,,,,,,,,,,,,,,,,,,,,,,,,,,,,,,,,,,,,,,,,
91,45249,,,,,,,,,,,,,9.999999747378752e-05,9.999999747378752e-05,3.232564267818816e-06,,,,,,,,,,,,,,,,,,,,,,,,,,,,,,,,,,,,,,,,,,,,,
91,45299,,,,,,,,,,,,,9.999999747378752e-05,9.999999747378752e-05,3.232564267818816e-06,,,,,,,,,,,,,,,,,,,,,,,,,,,,,,,,,,,,,,,,,,,,,
91,45349,,,,,,,,,,,,,9.999999747378752e-05,9.999999747378752e-05,3.232564267818816e-06,,,,,,,,,,,,,,,,,,,,,,,,,,,,,,,,,,,,,,,,,,,,,
91,45399,,,,,,,,,,,,,9.999999747378752e-05,9.999999747378752e-05,3.232564267818816e-06,,,,,,,,,,,,,,,,,,,,,,,,,,,,,,,,,,,,,,,,,,,,,
91,45447,,,,,,,,,,,,,,,,0.914411723613739,0.33464327454566956,0.3422568142414093,0.47331398725509644,0.6141757965087891,0.9280214309692383,0.962653636932373,0.6268692016601562,0.36420756578445435,0.863086462020874,0.4588685631752014,0.9628295302391052,0.8587719202041626,0.9966809749603271,0.9551378488540649,0.8647384643554688,0.8543704748153687,0.8705470561981201,0.9116544127464294,0.3026946187019348,0.36092832684516907,0.47270381450653076,0.6154442429542542,0.9343104362487793,0.9609721899032593,0.6239718198776245,0.3538210690021515,0.8666476011276245,0.4505750834941864,0.96092689037323,0.8627784848213196,0.9964221715927124,0.952839195728302,0.8572945594787598,0.854098916053772,0.8800044655799866,0.7257696390151978,0.7600144743919373,0.8320831656455994,0.8800044655799866,0.7257696390151978,0.7600144743919373,0.8320831656455994,0.911247968673706,0.8510837554931641
91,45447,33.962677001953125,34.04288864135742,33.9795036315918,34.04415512084961,0.00287367170676589,1.6974650621414185,0.00959794595837593,0.04918279871344566,0.18612398207187653,0.7479010224342346,0.04602435231208801,0.1887439787387848,,,,,,,,,,,,,,,,,,,,,,,,,,,,,,,,,,,,,,,,,,,,,,,,
92,45449,,,,,,,,,,,,,9.999999747378752e-05,9.999999747378752e-05,3.232564267818816e-06,,,,,,,,,,,,,,,,,,,,,,,,,,,,,,,,,,,,,,,,,,,,,
92,45499,,,,,,,,,,,,,9.999999747378752e-05,9.999999747378752e-05,3.232564267818816e-06,,,,,,,,,,,,,,,,,,,,,,,,,,,,,,,,,,,,,,,,,,,,,
92,45549,,,,,,,,,,,,,9.999999747378752e-05,9.999999747378752e-05,3.232564267818816e-06,,,,,,,,,,,,,,,,,,,,,,,,,,,,,,,,,,,,,,,,,,,,,
92,45599,,,,,,,,,,,,,9.999999747378752e-05,9.999999747378752e-05,3.232564267818816e-06,,,,,,,,,,,,,,,,,,,,,,,,,,,,,,,,,,,,,,,,,,,,,
92,45649,,,,,,,,,,,,,9.999999747378752e-05,9.999999747378752e-05,3.232564267818816e-06,,,,,,,,,,,,,,,,,,,,,,,,,,,,,,,,,,,,,,,,,,,,,
92,45699,,,,,,,,,,,,,9.999999747378752e-05,9.999999747378752e-05,3.232564267818816e-06,,,,,,,,,,,,,,,,,,,,,,,,,,,,,,,,,,,,,,,,,,,,,
92,45749,,,,,,,,,,,,,9.999999747378752e-05,9.999999747378752e-05,3.232564267818816e-06,,,,,,,,,,,,,,,,,,,,,,,,,,,,,,,,,,,,,,,,,,,,,
92,45799,,,,,,,,,,,,,9.999999747378752e-05,9.999999747378752e-05,3.232564267818816e-06,,,,,,,,,,,,,,,,,,,,,,,,,,,,,,,,,,,,,,,,,,,,,
92,45849,,,,,,,,,,,,,9.999999747378752e-05,9.999999747378752e-05,3.232564267818816e-06,,,,,,,,,,,,,,,,,,,,,,,,,,,,,,,,,,,,,,,,,,,,,
92,45899,,,,,,,,,,,,,9.999999747378752e-05,9.999999747378752e-05,3.232564267818816e-06,,,,,,,,,,,,,,,,,,,,,,,,,,,,,,,,,,,,,,,,,,,,,
92,45941,,,,,,,,,,,,,,,,0.9140365123748779,0.3238348364830017,0.3589330315589905,0.4682652950286865,0.6208198070526123,0.9351712465286255,0.9613922238349915,0.6187430620193481,0.3789249062538147,0.866043210029602,0.4566947817802429,0.9588702917098999,0.8606903553009033,0.9982110857963562,0.9529578685760498,0.8584827184677124,0.8556537628173828,0.8801246881484985,0.9164186716079712,0.3449750244617462,0.3569377362728119,0.4638268053531647,0.6261953115463257,0.9360319972038269,0.9618122577667236,0.6135143041610718,0.4040287137031555,0.8654388189315796,0.4628145098686218,0.956813633441925,0.8586022853851318,1.0,0.9530766010284424,0.8596709370613098,0.8572086691856384,0.8880911469459534,0.7316097617149353,0.7632304430007935,0.8291311264038086,0.8880911469459534,0.7316097617149353,0.7632304430007935,0.8291311264038086,0.9084901809692383,0.8648721575737
92,45941,33.95344161987305,34.04023361206055,33.972164154052734,34.043270111083984,0.004740479402244091,1.6397035121917725,0.009519488550722599,0.046129707247018814,0.18560656905174255,0.7195472717285156,0.04604283720254898,0.18210870027542114,,,,,,,,,,,,,,,,,,,,,,,,,,,,,,,,,,,,,,,,,,,,,,,,
93,45949,,,,,,,,,,,,,9.999999747378752e-05,9.999999747378752e-05,3.232564267818816e-06,,,,,,,,,,,,,,,,,,,,,,,,,,,,,,,,,,,,,,,,,,,,,
93,45999,,,,,,,,,,,,,9.999999747378752e-05,9.999999747378752e-05,3.232564267818816e-06,,,,,,,,,,,,,,,,,,,,,,,,,,,,,,,,,,,,,,,,,,,,,
93,46049,,,,,,,,,,,,,9.999999747378752e-05,9.999999747378752e-05,3.232564267818816e-06,,,,,,,,,,,,,,,,,,,,,,,,,,,,,,,,,,,,,,,,,,,,,
93,46099,,,,,,,,,,,,,9.999999747378752e-05,9.999999747378752e-05,3.232564267818816e-06,,,,,,,,,,,,,,,,,,,,,,,,,,,,,,,,,,,,,,,,,,,,,
93,46149,,,,,,,,,,,,,9.999999747378752e-05,9.999999747378752e-05,3.232564267818816e-06,,,,,,,,,,,,,,,,,,,,,,,,,,,,,,,,,,,,,,,,,,,,,
93,46199,,,,,,,,,,,,,9.999999747378752e-05,9.999999747378752e-05,3.232564267818816e-06,,,,,,,,,,,,,,,,,,,,,,,,,,,,,,,,,,,,,,,,,,,,,
93,46249,,,,,,,,,,,,,9.999999747378752e-05,9.999999747378752e-05,3.232564267818816e-06,,,,,,,,,,,,,,,,,,,,,,,,,,,,,,,,,,,,,,,,,,,,,
93,46299,,,,,,,,,,,,,9.999999747378752e-05,9.999999747378752e-05,3.232564267818816e-06,,,,,,,,,,,,,,,,,,,,,,,,,,,,,,,,,,,,,,,,,,,,,
93,46349,,,,,,,,,,,,,9.999999747378752e-05,9.999999747378752e-05,3.232564267818816e-06,,,,,,,,,,,,,,,,,,,,,,,,,,,,,,,,,,,,,,,,,,,,,
93,46399,,,,,,,,,,,,,9.999999747378752e-05,9.999999747378752e-05,3.232564267818816e-06,,,,,,,,,,,,,,,,,,,,,,,,,,,,,,,,,,,,,,,,,,,,,
93,46435,,,,,,,,,,,,,,,,0.9170739054679871,0.3511439561843872,0.3415824770927429,0.45900219678878784,0.6280734539031982,0.9334890842437744,0.960288941860199,0.6153848171234131,0.36946266889572144,0.865437388420105,0.44871217012405396,0.9612410068511963,0.8571916818618774,0.9984501004219055,0.9527339935302734,0.8618996143341064,0.8541806936264038,0.8742592930793762,0.9177291393280029,0.3573129177093506,0.32622721791267395,0.4541775584220886,0.629951536655426,0.9309461712837219,0.9587656259536743,0.6172553896903992,0.33489665389060974,0.8654359579086304,0.4346098303794861,0.9656683802604675,0.8557810187339783,0.996900200843811,0.9523913264274597,0.8641283512115479,0.851152777671814,0.8752428889274597,0.7243135571479797,0.7534692287445068,0.8357056379318237,0.8752428889274597,0.7243135571479797,0.7534692287445068,0.8357056379318237,0.9103174805641174,0.8559775948524475
93,46435,33.97203826904297,34.12702560424805,33.96773910522461,33.795291900634766,0.030531123280525208,1.6654118299484253,0.00932568684220314,0.04808269441127777,0.18463125824928284,0.738030195236206,0.04484374076128006,0.1830102503299713,,,,,,,,,,,,,,,,,,,,,,,,,,,,,,,,,,,,,,,,,,,,,,,,
94,46449,,,,,,,,,,,,,9.999999747378752e-05,9.999999747378752e-05,3.232564267818816e-06,,,,,,,,,,,,,,,,,,,,,,,,,,,,,,,,,,,,,,,,,,,,,
94,46499,,,,,,,,,,,,,9.999999747378752e-05,9.999999747378752e-05,3.232564267818816e-06,,,,,,,,,,,,,,,,,,,,,,,,,,,,,,,,,,,,,,,,,,,,,
94,46549,,,,,,,,,,,,,9.999999747378752e-05,9.999999747378752e-05,3.232564267818816e-06,,,,,,,,,,,,,,,,,,,,,,,,,,,,,,,,,,,,,,,,,,,,,
94,46599,,,,,,,,,,,,,9.999999747378752e-05,9.999999747378752e-05,3.232564267818816e-06,,,,,,,,,,,,,,,,,,,,,,,,,,,,,,,,,,,,,,,,,,,,,
94,46649,,,,,,,,,,,,,9.999999747378752e-05,9.999999747378752e-05,3.232564267818816e-06,,,,,,,,,,,,,,,,,,,,,,,,,,,,,,,,,,,,,,,,,,,,,
94,46699,,,,,,,,,,,,,9.999999747378752e-05,9.999999747378752e-05,3.232564267818816e-06,,,,,,,,,,,,,,,,,,,,,,,,,,,,,,,,,,,,,,,,,,,,,
94,46749,,,,,,,,,,,,,9.999999747378752e-05,9.999999747378752e-05,3.232564267818816e-06,,,,,,,,,,,,,,,,,,,,,,,,,,,,,,,,,,,,,,,,,,,,,
94,46799,,,,,,,,,,,,,9.999999747378752e-05,9.999999747378752e-05,3.232564267818816e-06,,,,,,,,,,,,,,,,,,,,,,,,,,,,,,,,,,,,,,,,,,,,,
94,46849,,,,,,,,,,,,,9.999999747378752e-05,9.999999747378752e-05,3.232564267818816e-06,,,,,,,,,,,,,,,,,,,,,,,,,,,,,,,,,,,,,,,,,,,,,
94,46899,,,,,,,,,,,,,9.999999747378752e-05,9.999999747378752e-05,3.232564267818816e-06,,,,,,,,,,,,,,,,,,,,,,,,,,,,,,,,,,,,,,,,,,,,,
94,46929,,,,,,,,,,,,,,,,0.915939450263977,0.35497161746025085,0.3363673686981201,0.46108731627464294,0.6271001100540161,0.9308137893676758,0.958548903465271,0.619496762752533,0.3709636628627777,0.8664875030517578,0.4448641538619995,0.9650449752807617,0.8558278679847717,0.9968264102935791,0.9555883407592773,0.8617765307426453,0.8514675498008728,0.8806167840957642,0.9141497611999512,0.3526303172111511,0.3465075194835663,0.46799707412719727,0.6242486238479614,0.9306814670562744,0.9583321809768677,0.6217381358146667,0.4070306718349457,0.8675389885902405,0.45511844754219055,0.9644215106964111,0.8558747172355652,0.9967526197433472,0.958785355091095,0.8594247102737427,0.8517823219299316,0.8859665989875793,0.731353759765625,0.7638154029846191,0.8425254821777344,0.8859665989875793,0.731353759765625,0.7638154029846191,0.8425254821777344,0.9159432649612427,0.8616687059402466
94,46929,33.952301025390625,34.1146240234375,33.9655876159668,33.9896240234375,0.011460740119218826,1.6118887662887573,0.00908351968973875,0.04559541493654251,0.18145200610160828,0.7100868821144104,0.044532660394907,0.17894452810287476,,,,,,,,,,,,,,,,,,,,,,,,,,,,,,,,,,,,,,,,,,,,,,,,
95,46949,,,,,,,,,,,,,9.999999747378752e-05,9.999999747378752e-05,3.232564267818816e-06,,,,,,,,,,,,,,,,,,,,,,,,,,,,,,,,,,,,,,,,,,,,,
95,46999,,,,,,,,,,,,,9.999999747378752e-05,9.999999747378752e-05,3.232564267818816e-06,,,,,,,,,,,,,,,,,,,,,,,,,,,,,,,,,,,,,,,,,,,,,
95,47049,,,,,,,,,,,,,9.999999747378752e-05,9.999999747378752e-05,3.232564267818816e-06,,,,,,,,,,,,,,,,,,,,,,,,,,,,,,,,,,,,,,,,,,,,,
95,47099,,,,,,,,,,,,,9.999999747378752e-05,9.999999747378752e-05,3.232564267818816e-06,,,,,,,,,,,,,,,,,,,,,,,,,,,,,,,,,,,,,,,,,,,,,
95,47149,,,,,,,,,,,,,9.999999747378752e-05,9.999999747378752e-05,3.232564267818816e-06,,,,,,,,,,,,,,,,,,,,,,,,,,,,,,,,,,,,,,,,,,,,,
95,47199,,,,,,,,,,,,,9.999999747378752e-05,9.999999747378752e-05,3.232564267818816e-06,,,,,,,,,,,,,,,,,,,,,,,,,,,,,,,,,,,,,,,,,,,,,
95,47249,,,,,,,,,,,,,9.999999747378752e-05,9.999999747378752e-05,3.232564267818816e-06,,,,,,,,,,,,,,,,,,,,,,,,,,,,,,,,,,,,,,,,,,,,,
95,47299,,,,,,,,,,,,,9.999999747378752e-05,9.999999747378752e-05,3.232564267818816e-06,,,,,,,,,,,,,,,,,,,,,,,,,,,,,,,,,,,,,,,,,,,,,
95,47349,,,,,,,,,,,,,9.999999747378752e-05,9.999999747378752e-05,3.232564267818816e-06,,,,,,,,,,,,,,,,,,,,,,,,,,,,,,,,,,,,,,,,,,,,,
95,47399,,,,,,,,,,,,,9.999999747378752e-05,9.999999747378752e-05,3.232564267818816e-06,,,,,,,,,,,,,,,,,,,,,,,,,,,,,,,,,,,,,,,,,,,,,
95,47423,,,,,,,,,,,,,,,,0.9137542247772217,0.3433494567871094,0.3443741798400879,0.4598221778869629,0.6195180416107178,0.9305541515350342,0.9578170776367188,0.6169848442077637,0.38273149728775024,0.8670507669448853,0.4436309039592743,0.9646443128585815,0.8524918556213379,0.9961035847663879,0.9586357474327087,0.8592373728752136,0.8519949913024902,0.8793599605560303,0.9133586883544922,0.33406862616539,0.3422408401966095,0.4516472816467285,0.6147873997688293,0.9304267764091492,0.9573019742965698,0.6122314929962158,0.3584323525428772,0.8665624856948853,0.43214336037635803,0.9648670554161072,0.8491089940071106,0.9954545497894287,0.9584861397743225,0.8590500354766846,0.8522076606750488,0.8803535103797913,0.7230809330940247,0.7408559918403625,0.8286566734313965,0.8803535103797913,0.7230809330940247,0.7408559918403625,0.8286566734313965,0.8946126103401184,0.8716810345649719
95,47423,33.938636779785156,34.07780838012695,33.96571350097656,33.9621696472168,0.007006456144154072,1.6111197471618652,0.00904464814811945,0.04504559189081192,0.18104593455791473,0.7149258852005005,0.04428712651133537,0.17806152999401093,,,,,,,,,,,,,,,,,,,,,,,,,,,,,,,,,,,,,,,,,,,,,,,,
96,47449,,,,,,,,,,,,,9.999999747378752e-05,9.999999747378752e-05,3.232564267818816e-06,,,,,,,,,,,,,,,,,,,,,,,,,,,,,,,,,,,,,,,,,,,,,
96,47499,,,,,,,,,,,,,9.999999747378752e-05,9.999999747378752e-05,3.232564267818816e-06,,,,,,,,,,,,,,,,,,,,,,,,,,,,,,,,,,,,,,,,,,,,,
96,47549,,,,,,,,,,,,,9.999999747378752e-05,9.999999747378752e-05,3.232564267818816e-06,,,,,,,,,,,,,,,,,,,,,,,,,,,,,,,,,,,,,,,,,,,,,
96,47599,,,,,,,,,,,,,9.999999747378752e-05,9.999999747378752e-05,3.232564267818816e-06,,,,,,,,,,,,,,,,,,,,,,,,,,,,,,,,,,,,,,,,,,,,,
96,47649,,,,,,,,,,,,,9.999999747378752e-05,9.999999747378752e-05,3.232564267818816e-06,,,,,,,,,,,,,,,,,,,,,,,,,,,,,,,,,,,,,,,,,,,,,
96,47699,,,,,,,,,,,,,9.999999747378752e-05,9.999999747378752e-05,3.232564267818816e-06,,,,,,,,,,,,,,,,,,,,,,,,,,,,,,,,,,,,,,,,,,,,,
96,47749,,,,,,,,,,,,,9.999999747378752e-05,9.999999747378752e-05,3.232564267818816e-06,,,,,,,,,,,,,,,,,,,,,,,,,,,,,,,,,,,,,,,,,,,,,
96,47799,,,,,,,,,,,,,9.999999747378752e-05,9.999999747378752e-05,3.232564267818816e-06,,,,,,,,,,,,,,,,,,,,,,,,,,,,,,,,,,,,,,,,,,,,,
96,47849,,,,,,,,,,,,,9.999999747378752e-05,9.999999747378752e-05,3.232564267818816e-06,,,,,,,,,,,,,,,,,,,,,,,,,,,,,,,,,,,,,,,,,,,,,
96,47899,,,,,,,,,,,,,9.999999747378752e-05,9.999999747378752e-05,3.232564267818816e-06,,,,,,,,,,,,,,,,,,,,,,,,,,,,,,,,,,,,,,,,,,,,,
96,47917,,,,,,,,,,,,,,,,0.9118183851242065,0.3425547778606415,0.3402365744113922,0.47826579213142395,0.584937334060669,0.9287757873535156,0.9593750238418579,0.622708797454834,0.40317094326019287,0.8629651665687561,0.4324202835559845,0.9623057842254639,0.8536353707313538,0.9960697293281555,0.9547550678253174,0.8557385206222534,0.8513839244842529,0.8796823620796204,0.9102781414985657,0.35104092955589294,0.3382323086261749,0.5048843026161194,0.5550872087478638,0.9271247386932373,0.9614480137825012,0.6331861019134521,0.44790956377983093,0.859367847442627,0.43269720673561096,0.9597444534301758,0.8581617474555969,0.9966849088668823,0.9510239958763123,0.8524269461631775,0.850560188293457,0.8854629397392273,0.7288151979446411,0.7687965631484985,0.8398956656455994,0.8854629397392273,0.7288151979446411,0.7687965631484985,0.8398956656455994,0.909530520439148,0.8623917102813721
96,47917,33.95926284790039,34.09501647949219,33.98469161987305,33.95533752441406,0.0040480270981788635,1.6573859453201294,0.009158014319837093,0.04741043969988823,0.18264056742191315,0.7349254488945007,0.044663622975349426,0.1838253140449524,,,,,,,,,,,,,,,,,,,,,,,,,,,,,,,,,,,,,,,,,,,,,,,,
97,47949,,,,,,,,,,,,,9.999999747378752e-05,9.999999747378752e-05,3.232564267818816e-06,,,,,,,,,,,,,,,,,,,,,,,,,,,,,,,,,,,,,,,,,,,,,
97,47999,,,,,,,,,,,,,9.999999747378752e-05,9.999999747378752e-05,3.232564267818816e-06,,,,,,,,,,,,,,,,,,,,,,,,,,,,,,,,,,,,,,,,,,,,,
97,48049,,,,,,,,,,,,,9.999999747378752e-05,9.999999747378752e-05,3.232564267818816e-06,,,,,,,,,,,,,,,,,,,,,,,,,,,,,,,,,,,,,,,,,,,,,
97,48099,,,,,,,,,,,,,9.999999747378752e-05,9.999999747378752e-05,3.232564267818816e-06,,,,,,,,,,,,,,,,,,,,,,,,,,,,,,,,,,,,,,,,,,,,,
97,48149,,,,,,,,,,,,,9.999999747378752e-05,9.999999747378752e-05,3.232564267818816e-06,,,,,,,,,,,,,,,,,,,,,,,,,,,,,,,,,,,,,,,,,,,,,
97,48199,,,,,,,,,,,,,9.999999747378752e-05,9.999999747378752e-05,3.232564267818816e-06,,,,,,,,,,,,,,,,,,,,,,,,,,,,,,,,,,,,,,,,,,,,,
97,48249,,,,,,,,,,,,,9.999999747378752e-05,9.999999747378752e-05,3.232564267818816e-06,,,,,,,,,,,,,,,,,,,,,,,,,,,,,,,,,,,,,,,,,,,,,
97,48299,,,,,,,,,,,,,9.999999747378752e-05,9.999999747378752e-05,3.232564267818816e-06,,,,,,,,,,,,,,,,,,,,,,,,,,,,,,,,,,,,,,,,,,,,,
97,48349,,,,,,,,,,,,,9.999999747378752e-05,9.999999747378752e-05,3.232564267818816e-06,,,,,,,,,,,,,,,,,,,,,,,,,,,,,,,,,,,,,,,,,,,,,
97,48399,,,,,,,,,,,,,9.999999747378752e-05,9.999999747378752e-05,3.232564267818816e-06,,,,,,,,,,,,,,,,,,,,,,,,,,,,,,,,,,,,,,,,,,,,,
97,48411,,,,,,,,,,,,,,,,0.9116061925888062,0.36792486906051636,0.33799034357070923,0.5120331048965454,0.5725933313369751,0.9260521531105042,0.9593454599380493,0.6277121901512146,0.4388010501861572,0.8606328964233398,0.4337667226791382,0.962313175201416,0.8582255840301514,0.996562659740448,0.9538286924362183,0.8555198907852173,0.8518379926681519,0.8759058713912964,0.9129342436790466,0.38480883836746216,0.33774834871292114,0.5191818475723267,0.5900995135307312,0.924979567527771,0.9572429060935974,0.622238278388977,0.4296925663948059,0.8618979454040527,0.4348362386226654,0.964881956577301,0.8582894802093506,0.9964404106140137,0.956633448600769,0.8586127758026123,0.8531158566474915,0.8856140375137329,0.7331549525260925,0.7717171907424927,0.8467596769332886,0.8856140375137329,0.7331549525260925,0.7717171907424927,0.8467596769332886,0.8827106952667236,0.8770427107810974
97,48411,33.9586296081543,34.095645904541016,33.987728118896484,34.02315139770508,0.010416331700980663,1.6225937604904175,0.009035101160407066,0.046089284121990204,0.17951799929141998,0.7200700640678406,0.0440671406686306,0.17962470650672913,,,,,,,,,,,,,,,,,,,,,,,,,,,,,,,,,,,,,,,,,,,,,,,,
98,48449,,,,,,,,,,,,,9.999999747378752e-05,9.999999747378752e-05,3.232564267818816e-06,,,,,,,,,,,,,,,,,,,,,,,,,,,,,,,,,,,,,,,,,,,,,
98,48499,,,,,,,,,,,,,9.999999747378752e-05,9.999999747378752e-05,3.232564267818816e-06,,,,,,,,,,,,,,,,,,,,,,,,,,,,,,,,,,,,,,,,,,,,,
98,48549,,,,,,,,,,,,,9.999999747378752e-05,9.999999747378752e-05,3.232564267818816e-06,,,,,,,,,,,,,,,,,,,,,,,,,,,,,,,,,,,,,,,,,,,,,
98,48599,,,,,,,,,,,,,9.999999747378752e-05,9.999999747378752e-05,3.232564267818816e-06,,,,,,,,,,,,,,,,,,,,,,,,,,,,,,,,,,,,,,,,,,,,,
98,48649,,,,,,,,,,,,,9.999999747378752e-05,9.999999747378752e-05,3.232564267818816e-06,,,,,,,,,,,,,,,,,,,,,,,,,,,,,,,,,,,,,,,,,,,,,
98,48699,,,,,,,,,,,,,9.999999747378752e-05,9.999999747378752e-05,3.232564267818816e-06,,,,,,,,,,,,,,,,,,,,,,,,,,,,,,,,,,,,,,,,,,,,,
98,48749,,,,,,,,,,,,,9.999999747378752e-05,9.999999747378752e-05,3.232564267818816e-06,,,,,,,,,,,,,,,,,,,,,,,,,,,,,,,,,,,,,,,,,,,,,
98,48799,,,,,,,,,,,,,9.999999747378752e-05,9.999999747378752e-05,3.232564267818816e-06,,,,,,,,,,,,,,,,,,,,,,,,,,,,,,,,,,,,,,,,,,,,,
98,48849,,,,,,,,,,,,,9.999999747378752e-05,9.999999747378752e-05,3.232564267818816e-06,,,,,,,,,,,,,,,,,,,,,,,,,,,,,,,,,,,,,,,,,,,,,
98,48899,,,,,,,,,,,,,9.999999747378752e-05,9.999999747378752e-05,3.232564267818816e-06,,,,,,,,,,,,,,,,,,,,,,,,,,,,,,,,,,,,,,,,,,,,,
98,48905,,,,,,,,,,,,,,,,0.9114499688148499,0.35342463850975037,0.338052362203598,0.5022010207176208,0.6076371669769287,0.9253104329109192,0.9599803686141968,0.621367335319519,0.42462944984436035,0.8606510162353516,0.45163512229919434,0.9646207094192505,0.8574566841125488,0.9964644908905029,0.9553858041763306,0.8625092506408691,0.8528014421463013,0.8780521750450134,0.9099656939506531,0.3220404386520386,0.3383563756942749,0.48522019386291504,0.6251748204231262,0.9256412982940674,0.9627177715301514,0.620496392250061,0.4195663630962372,0.8594041466712952,0.46843403577804565,0.9643594026565552,0.8566238880157471,0.996488630771637,0.9541381597518921,0.8664057850837708,0.8524869680404663,0.8823179006576538,0.7310305833816528,0.7632862329483032,0.8450181484222412,0.8823179006576538,0.7310305833816528,0.7632862329483032,0.8450181484222412,0.9276978969573975,0.8505772948265076
98,48905,33.973812103271484,33.970645904541016,33.983551025390625,33.96229934692383,-6.486529855465051e-07,1.625502109527588,0.008882918395102024,0.04603568837046623,0.17974910140037537,0.7265804409980774,0.04360198974609375,0.17868787050247192,,,,,,,,,,,,,,,,,,,,,,,,,,,,,,,,,,,,,,,,,,,,,,,,
99,48949,,,,,,,,,,,,,9.999999747378752e-05,9.999999747378752e-05,3.232564267818816e-06,,,,,,,,,,,,,,,,,,,,,,,,,,,,,,,,,,,,,,,,,,,,,
99,48999,,,,,,,,,,,,,9.999999747378752e-05,9.999999747378752e-05,3.232564267818816e-06,,,,,,,,,,,,,,,,,,,,,,,,,,,,,,,,,,,,,,,,,,,,,
99,49049,,,,,,,,,,,,,9.999999747378752e-05,9.999999747378752e-05,3.232564267818816e-06,,,,,,,,,,,,,,,,,,,,,,,,,,,,,,,,,,,,,,,,,,,,,
99,49099,,,,,,,,,,,,,9.999999747378752e-05,9.999999747378752e-05,3.232564267818816e-06,,,,,,,,,,,,,,,,,,,,,,,,,,,,,,,,,,,,,,,,,,,,,
99,49149,,,,,,,,,,,,,9.999999747378752e-05,9.999999747378752e-05,3.232564267818816e-06,,,,,,,,,,,,,,,,,,,,,,,,,,,,,,,,,,,,,,,,,,,,,
99,49199,,,,,,,,,,,,,9.999999747378752e-05,9.999999747378752e-05,3.232564267818816e-06,,,,,,,,,,,,,,,,,,,,,,,,,,,,,,,,,,,,,,,,,,,,,
99,49249,,,,,,,,,,,,,9.999999747378752e-05,9.999999747378752e-05,3.232564267818816e-06,,,,,,,,,,,,,,,,,,,,,,,,,,,,,,,,,,,,,,,,,,,,,
99,49299,,,,,,,,,,,,,9.999999747378752e-05,9.999999747378752e-05,3.232564267818816e-06,,,,,,,,,,,,,,,,,,,,,,,,,,,,,,,,,,,,,,,,,,,,,
99,49349,,,,,,,,,,,,,9.999999747378752e-05,9.999999747378752e-05,3.232564267818816e-06,,,,,,,,,,,,,,,,,,,,,,,,,,,,,,,,,,,,,,,,,,,,,
99,49399,,,,,,,,,,,,,9.999999747378752e-05,9.999999747378752e-05,3.232564267818816e-06,,,,,,,,,,,,,,,,,,,,,,,,,,,,,,,,,,,,,,,,,,,,,
99,49399,,,,,,,,,,,,,,,,0.9148684740066528,0.32368147373199463,0.32008928060531616,0.4541507065296173,0.5982668995857239,0.9223819971084595,0.9601060152053833,0.6227681636810303,0.42610448598861694,0.8565940856933594,0.4678400754928589,0.9636596441268921,0.8561035394668579,0.9963827133178711,0.9557670950889587,0.8627744913101196,0.8534392714500427,0.8684940338134766,0.9197712540626526,0.3253225088119507,0.30182215571403503,0.4230812191963196,0.5713589787483215,0.9191227555274963,0.9574941992759705,0.6250398755073547,0.4326425790786743,0.8537840843200684,0.4672461450099945,0.9629599452018738,0.8555832505226135,0.99627685546875,0.9573960304260254,0.8591431379318237,0.8543915748596191,0.8735530376434326,0.7224962711334229,0.7590982913970947,0.8336889147758484,0.8735530376434326,0.7224962711334229,0.7590982913970947,0.8336889147758484,0.9084360003471375,0.8455173373222351
99,49399,33.97102737426758,34.06325912475586,33.9934196472168,34.01783752441406,0.008955133147537708,1.60532546043396,0.008826334960758686,0.04551130533218384,0.177442267537117,0.7158332467079163,0.04324740543961525,0.17693375051021576,,,,,,,,,,,,,,,,,,,,,,,,,,,,,,,,,,,,,,,,,,,,,,,,
100,49449,,,,,,,,,,,,,9.999999747378752e-06,9.999999747378752e-06,3.2325641541319783e-07,,,,,,,,,,,,,,,,,,,,,,,,,,,,,,,,,,,,,,,,,,,,,
100,49499,,,,,,,,,,,,,9.999999747378752e-06,9.999999747378752e-06,3.2325641541319783e-07,,,,,,,,,,,,,,,,,,,,,,,,,,,,,,,,,,,,,,,,,,,,,
100,49549,,,,,,,,,,,,,9.999999747378752e-06,9.999999747378752e-06,3.2325641541319783e-07,,,,,,,,,,,,,,,,,,,,,,,,,,,,,,,,,,,,,,,,,,,,,
100,49599,,,,,,,,,,,,,9.999999747378752e-06,9.999999747378752e-06,3.2325641541319783e-07,,,,,,,,,,,,,,,,,,,,,,,,,,,,,,,,,,,,,,,,,,,,,
100,49649,,,,,,,,,,,,,9.999999747378752e-06,9.999999747378752e-06,3.2325641541319783e-07,,,,,,,,,,,,,,,,,,,,,,,,,,,,,,,,,,,,,,,,,,,,,
100,49699,,,,,,,,,,,,,9.999999747378752e-06,9.999999747378752e-06,3.2325641541319783e-07,,,,,,,,,,,,,,,,,,,,,,,,,,,,,,,,,,,,,,,,,,,,,
100,49749,,,,,,,,,,,,,9.999999747378752e-06,9.999999747378752e-06,3.2325641541319783e-07,,,,,,,,,,,,,,,,,,,,,,,,,,,,,,,,,,,,,,,,,,,,,
100,49799,,,,,,,,,,,,,9.999999747378752e-06,9.999999747378752e-06,3.2325641541319783e-07,,,,,,,,,,,,,,,,,,,,,,,,,,,,,,,,,,,,,,,,,,,,,
100,49849,,,,,,,,,,,,,9.999999747378752e-06,9.999999747378752e-06,3.2325641541319783e-07,,,,,,,,,,,,,,,,,,,,,,,,,,,,,,,,,,,,,,,,,,,,,
100,49893,,,,,,,,,,,,,,,,0.9183138608932495,0.32095062732696533,0.3048633933067322,0.4381464123725891,0.555292010307312,0.9157336950302124,0.9567731618881226,0.6232461333274841,0.4159106910228729,0.8553629517555237,0.47496700286865234,0.9649666547775269,0.8556815385818481,0.9965295195579529,0.9545334577560425,0.8577157258987427,0.8542988300323486,0.8678527474403381,0.9168564081192017,0.3165787160396576,0.3079046308994293,0.45321160554885864,0.5392251014709473,0.9123446345329285,0.9560521245002747,0.6214523911476135,0.39917880296707153,0.856941819190979,0.48268789052963257,0.9669734239578247,0.8557798266410828,0.9967821836471558,0.9516709446907043,0.8562883734703064,0.8542060256004333,0.8737515807151794,0.7202432155609131,0.7514486908912659,0.8330081701278687,0.8737515807151794,0.7202432155609131,0.7514486908912659,0.8330081701278687,0.8938966989517212,0.8555444478988647
100,49893,33.95015335083008,34.125,33.972164154052734,34.085147857666016,0.0009433113154955208,1.4435919523239136,0.008158586919307709,0.03870715573430061,0.16670824587345123,0.6473478674888611,0.04011257737874985,0.1574905961751938,,,,,,,,,,,,,,,,,,,,,,,,,,,,,,,,,,,,,,,,,,,,,,,,
101,49899,,,,,,,,,,,,,9.999999747378752e-06,9.999999747378752e-06,3.2325641541319783e-07,,,,,,,,,,,,,,,,,,,,,,,,,,,,,,,,,,,,,,,,,,,,,
101,49949,,,,,,,,,,,,,9.999999747378752e-06,9.999999747378752e-06,3.2325641541319783e-07,,,,,,,,,,,,,,,,,,,,,,,,,,,,,,,,,,,,,,,,,,,,,
101,49999,,,,,,,,,,,,,9.999999747378752e-06,9.999999747378752e-06,3.2325641541319783e-07,,,,,,,,,,,,,,,,,,,,,,,,,,,,,,,,,,,,,,,,,,,,,
101,50049,,,,,,,,,,,,,9.999999747378752e-06,9.999999747378752e-06,3.2325641541319783e-07,,,,,,,,,,,,,,,,,,,,,,,,,,,,,,,,,,,,,,,,,,,,,
101,50099,,,,,,,,,,,,,9.999999747378752e-06,9.999999747378752e-06,3.2325641541319783e-07,,,,,,,,,,,,,,,,,,,,,,,,,,,,,,,,,,,,,,,,,,,,,
101,50149,,,,,,,,,,,,,9.999999747378752e-06,9.999999747378752e-06,3.2325641541319783e-07,,,,,,,,,,,,,,,,,,,,,,,,,,,,,,,,,,,,,,,,,,,,,
101,50199,,,,,,,,,,,,,9.999999747378752e-06,9.999999747378752e-06,3.2325641541319783e-07,,,,,,,,,,,,,,,,,,,,,,,,,,,,,,,,,,,,,,,,,,,,,
101,50249,,,,,,,,,,,,,9.999999747378752e-06,9.999999747378752e-06,3.2325641541319783e-07,,,,,,,,,,,,,,,,,,,,,,,,,,,,,,,,,,,,,,,,,,,,,
101,50299,,,,,,,,,,,,,9.999999747378752e-06,9.999999747378752e-06,3.2325641541319783e-07,,,,,,,,,,,,,,,,,,,,,,,,,,,,,,,,,,,,,,,,,,,,,
101,50349,,,,,,,,,,,,,9.999999747378752e-06,9.999999747378752e-06,3.2325641541319783e-07,,,,,,,,,,,,,,,,,,,,,,,,,,,,,,,,,,,,,,,,,,,,,
101,50387,,,,,,,,,,,,,,,,0.917615532875061,0.3259137272834778,0.3188202977180481,0.4554253816604614,0.54792720079422,0.9149554371833801,0.9559626579284668,0.6220314502716064,0.40004995465278625,0.8579485416412354,0.47862425446510315,0.967231035232544,0.8571186065673828,0.9968271851539612,0.9526333808898926,0.8569478392601013,0.8538547158241272,0.8734638690948486,0.9183747172355652,0.3352487087249756,0.32973596453666687,0.4576391279697418,0.5566293001174927,0.9175662398338318,0.9558732509613037,0.6226105690002441,0.400921106338501,0.8589552640914917,0.47456061840057373,0.9674886465072632,0.8584573268890381,0.9968721866607666,0.9535958170890808,0.8576073050498962,0.853503406047821,0.8807223439216614,0.7244493961334229,0.7573323845863342,0.8364970684051514,0.8807223439216614,0.7244493961334229,0.7573323845863342,0.8364970684051514,0.8962035775184631,0.8635163903236389
101,50387,33.954708099365234,34.11437225341797,33.959007263183594,34.08084487915039,-3.552147234131553e-07,1.3705536127090454,0.007765075657516718,0.036081019788980484,0.1600036323070526,0.6152250170707703,0.03843102231621742,0.14961597323417664,,,,,,,,,,,,,,,,,,,,,,,,,,,,,,,,,,,,,,,,,,,,,,,,
102,50399,,,,,,,,,,,,,9.999999747378752e-06,9.999999747378752e-06,3.2325641541319783e-07,,,,,,,,,,,,,,,,,,,,,,,,,,,,,,,,,,,,,,,,,,,,,
102,50449,,,,,,,,,,,,,9.999999747378752e-06,9.999999747378752e-06,3.2325641541319783e-07,,,,,,,,,,,,,,,,,,,,,,,,,,,,,,,,,,,,,,,,,,,,,
102,50499,,,,,,,,,,,,,9.999999747378752e-06,9.999999747378752e-06,3.2325641541319783e-07,,,,,,,,,,,,,,,,,,,,,,,,,,,,,,,,,,,,,,,,,,,,,
102,50549,,,,,,,,,,,,,9.999999747378752e-06,9.999999747378752e-06,3.2325641541319783e-07,,,,,,,,,,,,,,,,,,,,,,,,,,,,,,,,,,,,,,,,,,,,,
102,50599,,,,,,,,,,,,,9.999999747378752e-06,9.999999747378752e-06,3.2325641541319783e-07,,,,,,,,,,,,,,,,,,,,,,,,,,,,,,,,,,,,,,,,,,,,,
102,50649,,,,,,,,,,,,,9.999999747378752e-06,9.999999747378752e-06,3.2325641541319783e-07,,,,,,,,,,,,,,,,,,,,,,,,,,,,,,,,,,,,,,,,,,,,,
102,50699,,,,,,,,,,,,,9.999999747378752e-06,9.999999747378752e-06,3.2325641541319783e-07,,,,,,,,,,,,,,,,,,,,,,,,,,,,,,,,,,,,,,,,,,,,,
102,50749,,,,,,,,,,,,,9.999999747378752e-06,9.999999747378752e-06,3.2325641541319783e-07,,,,,,,,,,,,,,,,,,,,,,,,,,,,,,,,,,,,,,,,,,,,,
102,50799,,,,,,,,,,,,,9.999999747378752e-06,9.999999747378752e-06,3.2325641541319783e-07,,,,,,,,,,,,,,,,,,,,,,,,,,,,,,,,,,,,,,,,,,,,,
102,50849,,,,,,,,,,,,,9.999999747378752e-06,9.999999747378752e-06,3.2325641541319783e-07,,,,,,,,,,,,,,,,,,,,,,,,,,,,,,,,,,,,,,,,,,,,,
102,50881,,,,,,,,,,,,,,,,0.9187538027763367,0.33465126156806946,0.33056747913360596,0.4580917954444885,0.5586020946502686,0.9181440472602844,0.9551953077316284,0.6203055381774902,0.40626049041748047,0.8583135604858398,0.45464158058166504,0.9669809341430664,0.8584302663803101,0.9965745210647583,0.9536597728729248,0.8575150966644287,0.8524923324584961,0.8738629221916199,0.9191328883171082,0.33405381441116333,0.33139896392822266,0.4585444927215576,0.5605749487876892,0.9187218546867371,0.9545173048973083,0.6180005669593811,0.41159990429878235,0.8576719164848328,0.43472251296043396,0.9664731621742249,0.8584032654762268,0.99627685546875,0.9537237882614136,0.857422947883606,0.8514813184738159,0.8800989985466003,0.72251296043396,0.7481287717819214,0.8414949178695679,0.8800989985466003,0.72251296043396,0.7481287717819214,0.8414949178695679,0.9157816767692566,0.8512115478515625
102,50881,33.96052551269531,34.13499450683594,33.969383239746094,34.13423538208008,-7.104294468263106e-07,1.3422017097473145,0.007604898884892464,0.03496553376317024,0.15775391459465027,0.6039531826972961,0.03771677240729332,0.14610441029071808,,,,,,,,,,,,,,,,,,,,,,,,,,,,,,,,,,,,,,,,,,,,,,,,
103,50899,,,,,,,,,,,,,9.999999747378752e-06,9.999999747378752e-06,3.2325641541319783e-07,,,,,,,,,,,,,,,,,,,,,,,,,,,,,,,,,,,,,,,,,,,,,
103,50949,,,,,,,,,,,,,9.999999747378752e-06,9.999999747378752e-06,3.2325641541319783e-07,,,,,,,,,,,,,,,,,,,,,,,,,,,,,,,,,,,,,,,,,,,,,
103,50999,,,,,,,,,,,,,9.999999747378752e-06,9.999999747378752e-06,3.2325641541319783e-07,,,,,,,,,,,,,,,,,,,,,,,,,,,,,,,,,,,,,,,,,,,,,
103,51049,,,,,,,,,,,,,9.999999747378752e-06,9.999999747378752e-06,3.2325641541319783e-07,,,,,,,,,,,,,,,,,,,,,,,,,,,,,,,,,,,,,,,,,,,,,
103,51099,,,,,,,,,,,,,9.999999747378752e-06,9.999999747378752e-06,3.2325641541319783e-07,,,,,,,,,,,,,,,,,,,,,,,,,,,,,,,,,,,,,,,,,,,,,
103,51149,,,,,,,,,,,,,9.999999747378752e-06,9.999999747378752e-06,3.2325641541319783e-07,,,,,,,,,,,,,,,,,,,,,,,,,,,,,,,,,,,,,,,,,,,,,
103,51199,,,,,,,,,,,,,9.999999747378752e-06,9.999999747378752e-06,3.2325641541319783e-07,,,,,,,,,,,,,,,,,,,,,,,,,,,,,,,,,,,,,,,,,,,,,
103,51249,,,,,,,,,,,,,9.999999747378752e-06,9.999999747378752e-06,3.2325641541319783e-07,,,,,,,,,,,,,,,,,,,,,,,,,,,,,,,,,,,,,,,,,,,,,
103,51299,,,,,,,,,,,,,9.999999747378752e-06,9.999999747378752e-06,3.2325641541319783e-07,,,,,,,,,,,,,,,,,,,,,,,,,,,,,,,,,,,,,,,,,,,,,
103,51349,,,,,,,,,,,,,9.999999747378752e-06,9.999999747378752e-06,3.2325641541319783e-07,,,,,,,,,,,,,,,,,,,,,,,,,,,,,,,,,,,,,,,,,,,,,
103,51375,,,,,,,,,,,,,,,,0.9198707342147827,0.3375675678253174,0.33725184202194214,0.4588811993598938,0.5629288554191589,0.9184554815292358,0.9545537829399109,0.6195080280303955,0.40883171558380127,0.8584920763969421,0.45119911432266235,0.9675066471099854,0.8577941656112671,0.9963269829750061,0.9548300504684448,0.858472466468811,0.8520002365112305,0.8738295435905457,0.9206085205078125,0.34108129143714905,0.343104749917984,0.45921793580055237,0.5652827620506287,0.9181890487670898,0.9545902609825134,0.6210154294967651,0.4060635268688202,0.8593122363090515,0.46767574548721313,0.9685400724411011,0.8571851253509521,0.9963771104812622,0.9559363126754761,0.8595220446586609,0.852519154548645,0.8820578455924988,0.7262483239173889,0.7543073296546936,0.8398706912994385,0.8820578455924988,0.7262483239173889,0.7543073296546936,0.8398706912994385,0.8934462070465088,0.8666621446609497
103,51375,33.94812774658203,34.153594970703125,33.96331024169922,34.053138732910156,-5.405441356742813e-07,1.3161288499832153,0.007452118676155806,0.0343550406396389,0.15465879440307617,0.5929613709449768,0.03679806366562843,0.14293847978115082,,,,,,,,,,,,,,,,,,,,,,,,,,,,,,,,,,,,,,,,,,,,,,,,
104,51399,,,,,,,,,,,,,9.999999747378752e-06,9.999999747378752e-06,3.2325641541319783e-07,,,,,,,,,,,,,,,,,,,,,,,,,,,,,,,,,,,,,,,,,,,,,
104,51449,,,,,,,,,,,,,9.999999747378752e-06,9.999999747378752e-06,3.2325641541319783e-07,,,,,,,,,,,,,,,,,,,,,,,,,,,,,,,,,,,,,,,,,,,,,
104,51499,,,,,,,,,,,,,9.999999747378752e-06,9.999999747378752e-06,3.2325641541319783e-07,,,,,,,,,,,,,,,,,,,,,,,,,,,,,,,,,,,,,,,,,,,,,
104,51549,,,,,,,,,,,,,9.999999747378752e-06,9.999999747378752e-06,3.2325641541319783e-07,,,,,,,,,,,,,,,,,,,,,,,,,,,,,,,,,,,,,,,,,,,,,
104,51599,,,,,,,,,,,,,9.999999747378752e-06,9.999999747378752e-06,3.2325641541319783e-07,,,,,,,,,,,,,,,,,,,,,,,,,,,,,,,,,,,,,,,,,,,,,
104,51649,,,,,,,,,,,,,9.999999747378752e-06,9.999999747378752e-06,3.2325641541319783e-07,,,,,,,,,,,,,,,,,,,,,,,,,,,,,,,,,,,,,,,,,,,,,
104,51699,,,,,,,,,,,,,9.999999747378752e-06,9.999999747378752e-06,3.2325641541319783e-07,,,,,,,,,,,,,,,,,,,,,,,,,,,,,,,,,,,,,,,,,,,,,
104,51749,,,,,,,,,,,,,9.999999747378752e-06,9.999999747378752e-06,3.2325641541319783e-07,,,,,,,,,,,,,,,,,,,,,,,,,,,,,,,,,,,,,,,,,,,,,
104,51799,,,,,,,,,,,,,9.999999747378752e-06,9.999999747378752e-06,3.2325641541319783e-07,,,,,,,,,,,,,,,,,,,,,,,,,,,,,,,,,,,,,,,,,,,,,
104,51849,,,,,,,,,,,,,9.999999747378752e-06,9.999999747378752e-06,3.2325641541319783e-07,,,,,,,,,,,,,,,,,,,,,,,,,,,,,,,,,,,,,,,,,,,,,
104,51869,,,,,,,,,,,,,,,,0.9202287197113037,0.3370911478996277,0.34503406286239624,0.4611535668373108,0.5615905523300171,0.9164410829544067,0.9544951915740967,0.620198130607605,0.41101568937301636,0.859825074672699,0.4662861227989197,0.9669300317764282,0.8574044704437256,0.9966328144073486,0.9550834894180298,0.8585475087165833,0.8515195250511169,0.876925528049469,0.9198489189147949,0.3331010341644287,0.34696337580680847,0.4630891680717468,0.5578982830047607,0.9146930575370789,0.9544001817703247,0.6193807721138,0.41596782207489014,0.8603379130363464,0.46489647030830383,0.9653199911117554,0.857623815536499,0.9968885183334351,0.9542306065559387,0.8575729727745056,0.8505198955535889,0.8838434815406799,0.7254548668861389,0.7560409903526306,0.8399202823638916,0.8838434815406799,0.7254548668861389,0.7560409903526306,0.8399202823638916,0.9113190174102783,0.8588447570800781
104,51869,33.955970764160156,34.10184860229492,33.957237243652344,34.11361312866211,-3.0888236324244644e-07,1.2969701290130615,0.007342323195189238,0.03371144458651543,0.15279218554496765,0.5854813456535339,0.036187462508678436,0.1405266970396042,,,,,,,,,,,,,,,,,,,,,,,,,,,,,,,,,,,,,,,,,,,,,,,,
105,51899,,,,,,,,,,,,,9.999999747378752e-06,9.999999747378752e-06,3.2325641541319783e-07,,,,,,,,,,,,,,,,,,,,,,,,,,,,,,,,,,,,,,,,,,,,,
105,51949,,,,,,,,,,,,,9.999999747378752e-06,9.999999747378752e-06,3.2325641541319783e-07,,,,,,,,,,,,,,,,,,,,,,,,,,,,,,,,,,,,,,,,,,,,,
105,51999,,,,,,,,,,,,,9.999999747378752e-06,9.999999747378752e-06,3.2325641541319783e-07,,,,,,,,,,,,,,,,,,,,,,,,,,,,,,,,,,,,,,,,,,,,,
105,52049,,,,,,,,,,,,,9.999999747378752e-06,9.999999747378752e-06,3.2325641541319783e-07,,,,,,,,,,,,,,,,,,,,,,,,,,,,,,,,,,,,,,,,,,,,,
105,52099,,,,,,,,,,,,,9.999999747378752e-06,9.999999747378752e-06,3.2325641541319783e-07,,,,,,,,,,,,,,,,,,,,,,,,,,,,,,,,,,,,,,,,,,,,,
105,52149,,,,,,,,,,,,,9.999999747378752e-06,9.999999747378752e-06,3.2325641541319783e-07,,,,,,,,,,,,,,,,,,,,,,,,,,,,,,,,,,,,,,,,,,,,,
105,52199,,,,,,,,,,,,,9.999999747378752e-06,9.999999747378752e-06,3.2325641541319783e-07,,,,,,,,,,,,,,,,,,,,,,,,,,,,,,,,,,,,,,,,,,,,,
105,52249,,,,,,,,,,,,,9.999999747378752e-06,9.999999747378752e-06,3.2325641541319783e-07,,,,,,,,,,,,,,,,,,,,,,,,,,,,,,,,,,,,,,,,,,,,,
105,52299,,,,,,,,,,,,,9.999999747378752e-06,9.999999747378752e-06,3.2325641541319783e-07,,,,,,,,,,,,,,,,,,,,,,,,,,,,,,,,,,,,,,,,,,,,,
105,52349,,,,,,,,,,,,,9.999999747378752e-06,9.999999747378752e-06,3.2325641541319783e-07,,,,,,,,,,,,,,,,,,,,,,,,,,,,,,,,,,,,,,,,,,,,,
105,52363,,,,,,,,,,,,,,,,0.920703649520874,0.3390544354915619,0.35446304082870483,0.4634028971195221,0.5641655921936035,0.9159152507781982,0.9545102715492249,0.6180897951126099,0.41498082876205444,0.860519289970398,0.4639943242073059,0.9653940200805664,0.8582416772842407,0.9968803524971008,0.9542058706283569,0.8597722053527832,0.8508251309394836,0.8767215609550476,0.9215584397315979,0.34500783681869507,0.3619627058506012,0.46371662616729736,0.5704329609870911,0.9171374440193176,0.954620361328125,0.6167988777160645,0.41399380564689636,0.8607007265090942,0.4630921483039856,0.9654681086540222,0.8588595390319824,0.9968721866607666,0.9541811347007751,0.861971378326416,0.8511303663253784,0.8842812776565552,0.7280884981155396,0.7622039318084717,0.8408762812614441,0.8842812776565552,0.7280884981155396,0.7622039318084717,0.8408762812614441,0.904973566532135,0.8613261580467224
105,52363,33.952430725097656,34.136260986328125,33.96027374267578,34.06072998046875,-6.486529855465051e-07,1.2848780155181885,0.00728043494746089,0.03312216326594353,0.15211458504199982,0.5808445811271667,0.035987865179777145,0.1389647275209427,,,,,,,,,,,,,,,,,,,,,,,,,,,,,,,,,,,,,,,,,,,,,,,,
106,52399,,,,,,,,,,,,,9.999999747378752e-06,9.999999747378752e-06,3.2325641541319783e-07,,,,,,,,,,,,,,,,,,,,,,,,,,,,,,,,,,,,,,,,,,,,,
106,52449,,,,,,,,,,,,,9.999999747378752e-06,9.999999747378752e-06,3.2325641541319783e-07,,,,,,,,,,,,,,,,,,,,,,,,,,,,,,,,,,,,,,,,,,,,,
106,52499,,,,,,,,,,,,,9.999999747378752e-06,9.999999747378752e-06,3.2325641541319783e-07,,,,,,,,,,,,,,,,,,,,,,,,,,,,,,,,,,,,,,,,,,,,,
106,52549,,,,,,,,,,,,,9.999999747378752e-06,9.999999747378752e-06,3.2325641541319783e-07,,,,,,,,,,,,,,,,,,,,,,,,,,,,,,,,,,,,,,,,,,,,,
106,52599,,,,,,,,,,,,,9.999999747378752e-06,9.999999747378752e-06,3.2325641541319783e-07,,,,,,,,,,,,,,,,,,,,,,,,,,,,,,,,,,,,,,,,,,,,,
106,52649,,,,,,,,,,,,,9.999999747378752e-06,9.999999747378752e-06,3.2325641541319783e-07,,,,,,,,,,,,,,,,,,,,,,,,,,,,,,,,,,,,,,,,,,,,,
106,52699,,,,,,,,,,,,,9.999999747378752e-06,9.999999747378752e-06,3.2325641541319783e-07,,,,,,,,,,,,,,,,,,,,,,,,,,,,,,,,,,,,,,,,,,,,,
106,52749,,,,,,,,,,,,,9.999999747378752e-06,9.999999747378752e-06,3.2325641541319783e-07,,,,,,,,,,,,,,,,,,,,,,,,,,,,,,,,,,,,,,,,,,,,,
106,52799,,,,,,,,,,,,,9.999999747378752e-06,9.999999747378752e-06,3.2325641541319783e-07,,,,,,,,,,,,,,,,,,,,,,,,,,,,,,,,,,,,,,,,,,,,,
106,52849,,,,,,,,,,,,,9.999999747378752e-06,9.999999747378752e-06,3.2325641541319783e-07,,,,,,,,,,,,,,,,,,,,,,,,,,,,,,,,,,,,,,,,,,,,,
106,52857,,,,,,,,,,,,,,,,0.920128583908081,0.33928900957107544,0.3537340760231018,0.46338534355163574,0.5734604597091675,0.9168132543563843,0.9553290605545044,0.6193057298660278,0.4214659333229065,0.8605553507804871,0.46188873052597046,0.9658212661743164,0.8581855297088623,0.9966696500778198,0.9553900957107544,0.8618991374969482,0.8507338762283325,0.8778455257415771,0.9186986684799194,0.3335701525211334,0.3455054759979248,0.4630540907382965,0.5764880180358887,0.9164890646934509,0.9560378193855286,0.6218125224113464,0.4289380609989166,0.8604099750518799,0.4606853127479553,0.9661744236946106,0.8575114607810974,0.9964671730995178,0.9565989971160889,0.8618268966674805,0.8503373861312866,0.8828081488609314,0.7276826500892639,0.7637484073638916,0.8401774168014526,0.8828081488609314,0.7276826500892639,0.7637484073638916,0.8401774168014526,0.8956891298294067,0.8696298599243164
106,52857,33.954833984375,34.13246536254883,33.96065139770508,34.10488510131836,-4.0154708358386415e-07,1.2648494243621826,0.007216534577310085,0.03267974033951759,0.15015143156051636,0.5716486573219299,0.035358112305402756,0.1364261656999588,,,,,,,,,,,,,,,,,,,,,,,,,,,,,,,,,,,,,,,,,,,,,,,,
107,52899,,,,,,,,,,,,,9.999999747378752e-06,9.999999747378752e-06,3.2325641541319783e-07,,,,,,,,,,,,,,,,,,,,,,,,,,,,,,,,,,,,,,,,,,,,,
107,52949,,,,,,,,,,,,,9.999999747378752e-06,9.999999747378752e-06,3.2325641541319783e-07,,,,,,,,,,,,,,,,,,,,,,,,,,,,,,,,,,,,,,,,,,,,,
107,52999,,,,,,,,,,,,,9.999999747378752e-06,9.999999747378752e-06,3.2325641541319783e-07,,,,,,,,,,,,,,,,,,,,,,,,,,,,,,,,,,,,,,,,,,,,,
107,53049,,,,,,,,,,,,,9.999999747378752e-06,9.999999747378752e-06,3.2325641541319783e-07,,,,,,,,,,,,,,,,,,,,,,,,,,,,,,,,,,,,,,,,,,,,,
107,53099,,,,,,,,,,,,,9.999999747378752e-06,9.999999747378752e-06,3.2325641541319783e-07,,,,,,,,,,,,,,,,,,,,,,,,,,,,,,,,,,,,,,,,,,,,,
107,53149,,,,,,,,,,,,,9.999999747378752e-06,9.999999747378752e-06,3.2325641541319783e-07,,,,,,,,,,,,,,,,,,,,,,,,,,,,,,,,,,,,,,,,,,,,,
107,53199,,,,,,,,,,,,,9.999999747378752e-06,9.999999747378752e-06,3.2325641541319783e-07,,,,,,,,,,,,,,,,,,,,,,,,,,,,,,,,,,,,,,,,,,,,,
107,53249,,,,,,,,,,,,,9.999999747378752e-06,9.999999747378752e-06,3.2325641541319783e-07,,,,,,,,,,,,,,,,,,,,,,,,,,,,,,,,,,,,,,,,,,,,,
107,53299,,,,,,,,,,,,,9.999999747378752e-06,9.999999747378752e-06,3.2325641541319783e-07,,,,,,,,,,,,,,,,,,,,,,,,,,,,,,,,,,,,,,,,,,,,,
107,53349,,,,,,,,,,,,,9.999999747378752e-06,9.999999747378752e-06,3.2325641541319783e-07,,,,,,,,,,,,,,,,,,,,,,,,,,,,,,,,,,,,,,,,,,,,,
107,53351,,,,,,,,,,,,,,,,0.9190686941146851,0.33657515048980713,0.35201194882392883,0.4632512927055359,0.5705979466438293,0.9180201292037964,0.9543763995170593,0.6220650672912598,0.42407557368278503,0.8612090945243835,0.4715920090675354,0.965179443359375,0.8568719029426575,0.9965009093284607,0.9565751552581787,0.8621112108230591,0.8512734174728394,0.8780927062034607,0.9194387197494507,0.33958014845848083,0.35851842164993286,0.46344852447509766,0.56470787525177,0.9195511341094971,0.9527149796485901,0.6223175525665283,0.41921308636665344,0.8620082139968872,0.4824986755847931,0.9641845226287842,0.8562323451042175,0.9965346455574036,0.9565513730049133,0.8623954653739929,0.8522093892097473,0.8838397264480591,0.7289473414421082,0.7650654911994934,0.8394620418548584,0.8838397264480591,0.7289473414421082,0.7650654911994934,0.8394620418548584,0.8977581262588501,0.8705704212188721
107,53351,33.956478118896484,34.1114616394043,33.9583740234375,34.03276824951172,-4.942118039252819e-07,1.2497422695159912,0.0071531361900269985,0.03214989975094795,0.1489672064781189,0.5648813843727112,0.0350525863468647,0.13463717699050903,,,,,,,,,,,,,,,,,,,,,,,,,,,,,,,,,,,,,,,,,,,,,,,,
108,53399,,,,,,,,,,,,,9.999999747378752e-06,9.999999747378752e-06,3.2325641541319783e-07,,,,,,,,,,,,,,,,,,,,,,,,,,,,,,,,,,,,,,,,,,,,,
108,53449,,,,,,,,,,,,,9.999999747378752e-06,9.999999747378752e-06,3.2325641541319783e-07,,,,,,,,,,,,,,,,,,,,,,,,,,,,,,,,,,,,,,,,,,,,,
108,53499,,,,,,,,,,,,,9.999999747378752e-06,9.999999747378752e-06,3.2325641541319783e-07,,,,,,,,,,,,,,,,,,,,,,,,,,,,,,,,,,,,,,,,,,,,,
108,53549,,,,,,,,,,,,,9.999999747378752e-06,9.999999747378752e-06,3.2325641541319783e-07,,,,,,,,,,,,,,,,,,,,,,,,,,,,,,,,,,,,,,,,,,,,,
108,53599,,,,,,,,,,,,,9.999999747378752e-06,9.999999747378752e-06,3.2325641541319783e-07,,,,,,,,,,,,,,,,,,,,,,,,,,,,,,,,,,,,,,,,,,,,,
108,53649,,,,,,,,,,,,,9.999999747378752e-06,9.999999747378752e-06,3.2325641541319783e-07,,,,,,,,,,,,,,,,,,,,,,,,,,,,,,,,,,,,,,,,,,,,,
108,53699,,,,,,,,,,,,,9.999999747378752e-06,9.999999747378752e-06,3.2325641541319783e-07,,,,,,,,,,,,,,,,,,,,,,,,,,,,,,,,,,,,,,,,,,,,,
108,53749,,,,,,,,,,,,,9.999999747378752e-06,9.999999747378752e-06,3.2325641541319783e-07,,,,,,,,,,,,,,,,,,,,,,,,,,,,,,,,,,,,,,,,,,,,,
108,53799,,,,,,,,,,,,,9.999999747378752e-06,9.999999747378752e-06,3.2325641541319783e-07,,,,,,,,,,,,,,,,,,,,,,,,,,,,,,,,,,,,,,,,,,,,,
108,53845,,,,,,,,,,,,,,,,0.9193857908248901,0.3406693935394287,0.35346150398254395,0.4686056077480316,0.5641326904296875,0.9220256209373474,0.9533863067626953,0.6219193339347839,0.4186673164367676,0.8620293736457825,0.471055269241333,0.9651656746864319,0.8567156195640564,0.9965009093284607,0.9567617177963257,0.861844539642334,0.8515573740005493,0.8768625855445862,0.9193329215049744,0.3417586386203766,0.34840458631515503,0.4737626910209656,0.5635574460029602,0.9245001077651978,0.9540575742721558,0.6215211153030396,0.4181215465068817,0.8620505332946777,0.4596118927001953,0.9661468267440796,0.8571988940238953,0.9964671730995178,0.9569720029830933,0.861293613910675,0.8509053587913513,0.8842797875404358,0.7279801964759827,0.7622079849243164,0.8407822251319885,0.8842797875404358,0.7279801964759827,0.7622079849243164,0.8407822251319885,0.8984087109565735,0.8675251007080078
108,53845,33.9552116394043,34.12791061401367,33.96103286743164,34.119686126708984,-4.0154708358386415e-07,1.2322452068328857,0.007030044216662645,0.03148976340889931,0.14730405807495117,0.5592799782752991,0.03445105999708176,0.13208016753196716,,,,,,,,,,,,,,,,,,,,,,,,,,,,,,,,,,,,,,,,,,,,,,,,
109,53849,,,,,,,,,,,,,9.999999747378752e-06,9.999999747378752e-06,3.2325641541319783e-07,,,,,,,,,,,,,,,,,,,,,,,,,,,,,,,,,,,,,,,,,,,,,
109,53899,,,,,,,,,,,,,9.999999747378752e-06,9.999999747378752e-06,3.2325641541319783e-07,,,,,,,,,,,,,,,,,,,,,,,,,,,,,,,,,,,,,,,,,,,,,
109,53949,,,,,,,,,,,,,9.999999747378752e-06,9.999999747378752e-06,3.2325641541319783e-07,,,,,,,,,,,,,,,,,,,,,,,,,,,,,,,,,,,,,,,,,,,,,
109,53999,,,,,,,,,,,,,9.999999747378752e-06,9.999999747378752e-06,3.2325641541319783e-07,,,,,,,,,,,,,,,,,,,,,,,,,,,,,,,,,,,,,,,,,,,,,
109,54049,,,,,,,,,,,,,9.999999747378752e-06,9.999999747378752e-06,3.2325641541319783e-07,,,,,,,,,,,,,,,,,,,,,,,,,,,,,,,,,,,,,,,,,,,,,
109,54099,,,,,,,,,,,,,9.999999747378752e-06,9.999999747378752e-06,3.2325641541319783e-07,,,,,,,,,,,,,,,,,,,,,,,,,,,,,,,,,,,,,,,,,,,,,
109,54149,,,,,,,,,,,,,9.999999747378752e-06,9.999999747378752e-06,3.2325641541319783e-07,,,,,,,,,,,,,,,,,,,,,,,,,,,,,,,,,,,,,,,,,,,,,
109,54199,,,,,,,,,,,,,9.999999747378752e-06,9.999999747378752e-06,3.2325641541319783e-07,,,,,,,,,,,,,,,,,,,,,,,,,,,,,,,,,,,,,,,,,,,,,
109,54249,,,,,,,,,,,,,9.999999747378752e-06,9.999999747378752e-06,3.2325641541319783e-07,,,,,,,,,,,,,,,,,,,,,,,,,,,,,,,,,,,,,,,,,,,,,
109,54299,,,,,,,,,,,,,9.999999747378752e-06,9.999999747378752e-06,3.2325641541319783e-07,,,,,,,,,,,,,,,,,,,,,,,,,,,,,,,,,,,,,,,,,,,,,
109,54339,,,,,,,,,,,,,,,,0.9200838208198547,0.3447800874710083,0.355862557888031,0.4683789908885956,0.5688561797142029,0.9225252270698547,0.9543472528457642,0.6232402324676514,0.41429275274276733,0.8621832728385925,0.4581790864467621,0.9654044508934021,0.8564637899398804,0.9966021776199341,0.9567590951919556,0.8629103302955627,0.8505830764770508,0.8788560628890991,0.9208347201347351,0.34780153632164,0.3633204996585846,0.4629952907562256,0.5741549134254456,0.9205503463745117,0.9546369910240173,0.6249592900276184,0.41046395897865295,0.8623160123825073,0.45674628019332886,0.9646620750427246,0.8557286262512207,0.9967371821403503,0.9565461874008179,0.8645270466804504,0.8502607345581055,0.8854284882545471,0.728661298751831,0.7615929245948792,0.840532660484314,0.8854284882545471,0.728661298751831,0.7615929245948792,0.840532660484314,0.9100099205970764,0.8630992770195007
109,54339,33.95559310913086,34.0621223449707,33.96318435668945,34.110450744628906,0.0002726350212469697,1.2287474870681763,0.007040764205157757,0.031431060284376144,0.14725862443447113,0.5559014678001404,0.03453221544623375,0.13208222389221191,,,,,,,,,,,,,,,,,,,,,,,,,,,,,,,,,,,,,,,,,,,,,,,,
110,54349,,,,,,,,,,,,,9.999999747378752e-06,9.999999747378752e-06,3.2325641541319783e-07,,,,,,,,,,,,,,,,,,,,,,,,,,,,,,,,,,,,,,,,,,,,,
110,54399,,,,,,,,,,,,,9.999999747378752e-06,9.999999747378752e-06,3.2325641541319783e-07,,,,,,,,,,,,,,,,,,,,,,,,,,,,,,,,,,,,,,,,,,,,,
110,54449,,,,,,,,,,,,,9.999999747378752e-06,9.999999747378752e-06,3.2325641541319783e-07,,,,,,,,,,,,,,,,,,,,,,,,,,,,,,,,,,,,,,,,,,,,,
110,54499,,,,,,,,,,,,,9.999999747378752e-06,9.999999747378752e-06,3.2325641541319783e-07,,,,,,,,,,,,,,,,,,,,,,,,,,,,,,,,,,,,,,,,,,,,,
110,54549,,,,,,,,,,,,,9.999999747378752e-06,9.999999747378752e-06,3.2325641541319783e-07,,,,,,,,,,,,,,,,,,,,,,,,,,,,,,,,,,,,,,,,,,,,,
110,54599,,,,,,,,,,,,,9.999999747378752e-06,9.999999747378752e-06,3.2325641541319783e-07,,,,,,,,,,,,,,,,,,,,,,,,,,,,,,,,,,,,,,,,,,,,,
110,54649,,,,,,,,,,,,,9.999999747378752e-06,9.999999747378752e-06,3.2325641541319783e-07,,,,,,,,,,,,,,,,,,,,,,,,,,,,,,,,,,,,,,,,,,,,,
110,54699,,,,,,,,,,,,,9.999999747378752e-06,9.999999747378752e-06,3.2325641541319783e-07,,,,,,,,,,,,,,,,,,,,,,,,,,,,,,,,,,,,,,,,,,,,,
110,54749,,,,,,,,,,,,,9.999999747378752e-06,9.999999747378752e-06,3.2325641541319783e-07,,,,,,,,,,,,,,,,,,,,,,,,,,,,,,,,,,,,,,,,,,,,,
110,54799,,,,,,,,,,,,,9.999999747378752e-06,9.999999747378752e-06,3.2325641541319783e-07,,,,,,,,,,,,,,,,,,,,,,,,,,,,,,,,,,,,,,,,,,,,,
110,54833,,,,,,,,,,,,,,,,0.9202675223350525,0.3424223065376282,0.3649085760116577,0.46404707431793213,0.5727940797805786,0.9216222763061523,0.954936146736145,0.6234180927276611,0.4159385561943054,0.8618712425231934,0.45734071731567383,0.9640750885009766,0.8559354543685913,0.9967882633209229,0.9572315216064453,0.8653900623321533,0.8498910665512085,0.8779926300048828,0.9197003245353699,0.33704307675361633,0.36649662256240845,0.46509888768196106,0.5714331865310669,0.9226942658424377,0.9552353024482727,0.6218768358230591,0.4214131832122803,0.8614264130592346,0.4579351246356964,0.9634881615638733,0.8561423420906067,0.9968392848968506,0.957916796207428,0.866253137588501,0.8495213985443115,0.8848369121551514,0.7288537621498108,0.7631761431694031,0.8400256037712097,0.8848369121551514,0.7288537621498108,0.7631761431694031,0.8400256037712097,0.8950392603874207,0.8711150288581848
110,54833,33.95331573486328,34.110450744628906,33.95344161987305,34.096534729003906,-5.714323947358935e-07,1.2102634906768799,0.006918598432093859,0.030622748658061028,0.145503968000412,0.5503869652748108,0.033969856798648834,0.12936291098594666,,,,,,,,,,,,,,,,,,,,,,,,,,,,,,,,,,,,,,,,,,,,,,,,
111,54849,,,,,,,,,,,,,9.999999747378752e-06,9.999999747378752e-06,3.2325641541319783e-07,,,,,,,,,,,,,,,,,,,,,,,,,,,,,,,,,,,,,,,,,,,,,
111,54899,,,,,,,,,,,,,9.999999747378752e-06,9.999999747378752e-06,3.2325641541319783e-07,,,,,,,,,,,,,,,,,,,,,,,,,,,,,,,,,,,,,,,,,,,,,
111,54949,,,,,,,,,,,,,9.999999747378752e-06,9.999999747378752e-06,3.2325641541319783e-07,,,,,,,,,,,,,,,,,,,,,,,,,,,,,,,,,,,,,,,,,,,,,
111,54999,,,,,,,,,,,,,9.999999747378752e-06,9.999999747378752e-06,3.2325641541319783e-07,,,,,,,,,,,,,,,,,,,,,,,,,,,,,,,,,,,,,,,,,,,,,
111,55049,,,,,,,,,,,,,9.999999747378752e-06,9.999999747378752e-06,3.2325641541319783e-07,,,,,,,,,,,,,,,,,,,,,,,,,,,,,,,,,,,,,,,,,,,,,
111,55099,,,,,,,,,,,,,9.999999747378752e-06,9.999999747378752e-06,3.2325641541319783e-07,,,,,,,,,,,,,,,,,,,,,,,,,,,,,,,,,,,,,,,,,,,,,
111,55149,,,,,,,,,,,,,9.999999747378752e-06,9.999999747378752e-06,3.2325641541319783e-07,,,,,,,,,,,,,,,,,,,,,,,,,,,,,,,,,,,,,,,,,,,,,
111,55199,,,,,,,,,,,,,9.999999747378752e-06,9.999999747378752e-06,3.2325641541319783e-07,,,,,,,,,,,,,,,,,,,,,,,,,,,,,,,,,,,,,,,,,,,,,
111,55249,,,,,,,,,,,,,9.999999747378752e-06,9.999999747378752e-06,3.2325641541319783e-07,,,,,,,,,,,,,,,,,,,,,,,,,,,,,,,,,,,,,,,,,,,,,
111,55299,,,,,,,,,,,,,9.999999747378752e-06,9.999999747378752e-06,3.2325641541319783e-07,,,,,,,,,,,,,,,,,,,,,,,,,,,,,,,,,,,,,,,,,,,,,
111,55327,,,,,,,,,,,,,,,,0.9184439182281494,0.3400934338569641,0.36502546072006226,0.4653730094432831,0.5666066408157349,0.9232056140899658,0.9559032320976257,0.6201469898223877,0.41826921701431274,0.8613721132278442,0.4667831361293793,0.9633654356002808,0.8556268215179443,0.9966531991958618,0.9572368860244751,0.8647472858428955,0.849493145942688,0.8792432546615601,0.9171874523162842,0.3431438207626343,0.3635542690753937,0.4656471312046051,0.5617800951004028,0.9237170219421387,0.9565711617469788,0.6184170842170715,0.4151252210140228,0.8613178730010986,0.47563114762306213,0.9632426500320435,0.8551112413406372,0.9964671730995178,0.9565569162368774,0.8632414937019348,0.8494648337364197,0.8848268985748291,0.7285985946655273,0.7635139226913452,0.8397323489189148,0.8848268985748291,0.7285985946655273,0.7635139226913452,0.8397323489189148,0.9118845462799072,0.8612375259399414
111,55327,33.95432662963867,34.06983947753906,33.95445251464844,34.126895904541016,-4.324353142237669e-07,1.199903130531311,0.006880676373839378,0.03054693154990673,0.1438632756471634,0.5451301336288452,0.03354372829198837,0.12834253907203674,,,,,,,,,,,,,,,,,,,,,,,,,,,,,,,,,,,,,,,,,,,,,,,,
112,55349,,,,,,,,,,,,,9.999999747378752e-06,9.999999747378752e-06,3.2325641541319783e-07,,,,,,,,,,,,,,,,,,,,,,,,,,,,,,,,,,,,,,,,,,,,,
112,55399,,,,,,,,,,,,,9.999999747378752e-06,9.999999747378752e-06,3.2325641541319783e-07,,,,,,,,,,,,,,,,,,,,,,,,,,,,,,,,,,,,,,,,,,,,,
112,55449,,,,,,,,,,,,,9.999999747378752e-06,9.999999747378752e-06,3.2325641541319783e-07,,,,,,,,,,,,,,,,,,,,,,,,,,,,,,,,,,,,,,,,,,,,,
112,55499,,,,,,,,,,,,,9.999999747378752e-06,9.999999747378752e-06,3.2325641541319783e-07,,,,,,,,,,,,,,,,,,,,,,,,,,,,,,,,,,,,,,,,,,,,,
112,55549,,,,,,,,,,,,,9.999999747378752e-06,9.999999747378752e-06,3.2325641541319783e-07,,,,,,,,,,,,,,,,,,,,,,,,,,,,,,,,,,,,,,,,,,,,,
112,55599,,,,,,,,,,,,,9.999999747378752e-06,9.999999747378752e-06,3.2325641541319783e-07,,,,,,,,,,,,,,,,,,,,,,,,,,,,,,,,,,,,,,,,,,,,,
112,55649,,,,,,,,,,,,,9.999999747378752e-06,9.999999747378752e-06,3.2325641541319783e-07,,,,,,,,,,,,,,,,,,,,,,,,,,,,,,,,,,,,,,,,,,,,,
112,55699,,,,,,,,,,,,,9.999999747378752e-06,9.999999747378752e-06,3.2325641541319783e-07,,,,,,,,,,,,,,,,,,,,,,,,,,,,,,,,,,,,,,,,,,,,,
112,55749,,,,,,,,,,,,,9.999999747378752e-06,9.999999747378752e-06,3.2325641541319783e-07,,,,,,,,,,,,,,,,,,,,,,,,,,,,,,,,,,,,,,,,,,,,,
112,55799,,,,,,,,,,,,,9.999999747378752e-06,9.999999747378752e-06,3.2325641541319783e-07,,,,,,,,,,,,,,,,,,,,,,,,,,,,,,,,,,,,,,,,,,,,,
112,55821,,,,,,,,,,,,,,,,0.9167344570159912,0.34454357624053955,0.3630061745643616,0.4633045792579651,0.5668330192565918,0.9212227463722229,0.9568331241607666,0.6188774108886719,0.41019266843795776,0.8588329553604126,0.4806329607963562,0.9637404680252075,0.8549319505691528,0.9965459108352661,0.9573926329612732,0.8615102767944336,0.8489044904708862,0.8784987926483154,0.9162814021110535,0.3459433317184448,0.3624580502510071,0.4609620273113251,0.571885883808136,0.9187284708023071,0.9570951461791992,0.619337797164917,0.4052601158618927,0.8563480377197266,0.4856347441673279,0.9642382264137268,0.8547526001930237,0.9966246485710144,0.958228349685669,0.8597790598869324,0.8483441472053528,0.88503497838974,0.7283471822738647,0.7700246572494507,0.8371636271476746,0.88503497838974,0.7283471822738647,0.7700246572494507,0.8371636271476746,0.8993164896965027,0.8694872260093689
112,55821,33.955467224121094,34.0941276550293,33.95926284790039,34.070343017578125,-4.6332354486366967e-07,1.1860886812210083,0.006785724312067032,0.03006671369075775,0.14266489446163177,0.539272665977478,0.033154841512441635,0.1267893761396408,,,,,,,,,,,,,,,,,,,,,,,,,,,,,,,,,,,,,,,,,,,,,,,,
113,55849,,,,,,,,,,,,,9.999999747378752e-06,9.999999747378752e-06,3.2325641541319783e-07,,,,,,,,,,,,,,,,,,,,,,,,,,,,,,,,,,,,,,,,,,,,,
113,55899,,,,,,,,,,,,,9.999999747378752e-06,9.999999747378752e-06,3.2325641541319783e-07,,,,,,,,,,,,,,,,,,,,,,,,,,,,,,,,,,,,,,,,,,,,,
113,55949,,,,,,,,,,,,,9.999999747378752e-06,9.999999747378752e-06,3.2325641541319783e-07,,,,,,,,,,,,,,,,,,,,,,,,,,,,,,,,,,,,,,,,,,,,,
113,55999,,,,,,,,,,,,,9.999999747378752e-06,9.999999747378752e-06,3.2325641541319783e-07,,,,,,,,,,,,,,,,,,,,,,,,,,,,,,,,,,,,,,,,,,,,,
113,56049,,,,,,,,,,,,,9.999999747378752e-06,9.999999747378752e-06,3.2325641541319783e-07,,,,,,,,,,,,,,,,,,,,,,,,,,,,,,,,,,,,,,,,,,,,,
113,56099,,,,,,,,,,,,,9.999999747378752e-06,9.999999747378752e-06,3.2325641541319783e-07,,,,,,,,,,,,,,,,,,,,,,,,,,,,,,,,,,,,,,,,,,,,,
113,56149,,,,,,,,,,,,,9.999999747378752e-06,9.999999747378752e-06,3.2325641541319783e-07,,,,,,,,,,,,,,,,,,,,,,,,,,,,,,,,,,,,,,,,,,,,,
113,56199,,,,,,,,,,,,,9.999999747378752e-06,9.999999747378752e-06,3.2325641541319783e-07,,,,,,,,,,,,,,,,,,,,,,,,,,,,,,,,,,,,,,,,,,,,,
113,56249,,,,,,,,,,,,,9.999999747378752e-06,9.999999747378752e-06,3.2325641541319783e-07,,,,,,,,,,,,,,,,,,,,,,,,,,,,,,,,,,,,,,,,,,,,,
113,56299,,,,,,,,,,,,,9.999999747378752e-06,9.999999747378752e-06,3.2325641541319783e-07,,,,,,,,,,,,,,,,,,,,,,,,,,,,,,,,,,,,,,,,,,,,,
113,56315,,,,,,,,,,,,,,,,0.9167093634605408,0.33756518363952637,0.35964953899383545,0.46037912368774414,0.573601484298706,0.9172978401184082,0.9570456743240356,0.6206157207489014,0.4151770770549774,0.856352686882019,0.48265573382377625,0.9641112089157104,0.8552601337432861,0.9966471195220947,0.9580870866775513,0.8588240146636963,0.8487683534622192,0.877420961856842,0.9171373248100281,0.3291870057582855,0.35684099793434143,0.4597962498664856,0.5753171443939209,0.9158671498298645,0.9569961428642273,0.6218937039375305,0.42509403824806213,0.8563572764396667,0.4796767234802246,0.9639841914176941,0.8557676672935486,0.9966696500778198,0.9579458236694336,0.8578689098358154,0.8491925597190857,0.8826979398727417,0.7279760241508484,0.7659730315208435,0.8383408784866333,0.8826979398727417,0.7279760241508484,0.7659730315208435,0.8383408784866333,0.9004155397415161,0.8666588664054871
113,56315,33.953819274902344,34.0766716003418,33.95635223388672,34.07439422607422,-5.559882652050874e-07,1.1799659729003906,0.006809063721448183,0.029826126992702484,0.14288735389709473,0.5353412628173828,0.03320836275815964,0.12607228755950928,,,,,,,,,,,,,,,,,,,,,,,,,,,,,,,,,,,,,,,,,,,,,,,,
114,56349,,,,,,,,,,,,,9.999999747378752e-06,9.999999747378752e-06,3.2325641541319783e-07,,,,,,,,,,,,,,,,,,,,,,,,,,,,,,,,,,,,,,,,,,,,,
114,56399,,,,,,,,,,,,,9.999999747378752e-06,9.999999747378752e-06,3.2325641541319783e-07,,,,,,,,,,,,,,,,,,,,,,,,,,,,,,,,,,,,,,,,,,,,,
114,56449,,,,,,,,,,,,,9.999999747378752e-06,9.999999747378752e-06,3.2325641541319783e-07,,,,,,,,,,,,,,,,,,,,,,,,,,,,,,,,,,,,,,,,,,,,,
114,56499,,,,,,,,,,,,,9.999999747378752e-06,9.999999747378752e-06,3.2325641541319783e-07,,,,,,,,,,,,,,,,,,,,,,,,,,,,,,,,,,,,,,,,,,,,,
114,56549,,,,,,,,,,,,,9.999999747378752e-06,9.999999747378752e-06,3.2325641541319783e-07,,,,,,,,,,,,,,,,,,,,,,,,,,,,,,,,,,,,,,,,,,,,,
114,56599,,,,,,,,,,,,,9.999999747378752e-06,9.999999747378752e-06,3.2325641541319783e-07,,,,,,,,,,,,,,,,,,,,,,,,,,,,,,,,,,,,,,,,,,,,,
114,56649,,,,,,,,,,,,,9.999999747378752e-06,9.999999747378752e-06,3.2325641541319783e-07,,,,,,,,,,,,,,,,,,,,,,,,,,,,,,,,,,,,,,,,,,,,,
114,56699,,,,,,,,,,,,,9.999999747378752e-06,9.999999747378752e-06,3.2325641541319783e-07,,,,,,,,,,,,,,,,,,,,,,,,,,,,,,,,,,,,,,,,,,,,,
114,56749,,,,,,,,,,,,,9.999999747378752e-06,9.999999747378752e-06,3.2325641541319783e-07,,,,,,,,,,,,,,,,,,,,,,,,,,,,,,,,,,,,,,,,,,,,,
114,56799,,,,,,,,,,,,,9.999999747378752e-06,9.999999747378752e-06,3.2325641541319783e-07,,,,,,,,,,,,,,,,,,,,,,,,,,,,,,,,,,,,,,,,,,,,,
114,56809,,,,,,,,,,,,,,,,0.9173253178596497,0.332131028175354,0.36271849274635315,0.45475006103515625,0.5762569904327393,0.9174436926841736,0.9569687843322754,0.6201425790786743,0.4226682186126709,0.857033371925354,0.48203569650650024,0.9647983312606812,0.8563752174377441,0.9966471195220947,0.9580044150352478,0.8591496348381042,0.8487633466720581,0.8786745071411133,0.9175133109092712,0.3350750207901001,0.36859598755836487,0.4497039020061493,0.5771968960762024,0.9190202355384827,0.9569414854049683,0.6183913946151733,0.4202423691749573,0.8577094078063965,0.4843946695327759,0.965612530708313,0.8569827675819397,0.9966246485710144,0.958063006401062,0.8604303598403931,0.8483340740203857,0.883359432220459,0.7288724780082703,0.762419581413269,0.8393973708152771,0.883359432220459,0.7288724780082703,0.762419581413269,0.8393973708152771,0.9110402464866638,0.8622423410415649
114,56809,33.953060150146484,34.08008575439453,33.95951461791992,34.09083938598633,-4.942118039252819e-07,1.1673436164855957,0.006734936498105526,0.02960231341421604,0.14086394011974335,0.5308593511581421,0.03266946226358414,0.12429767102003098,,,,,,,,,,,,,,,,,,,,,,,,,,,,,,,,,,,,,,,,,,,,,,,,
115,56849,,,,,,,,,,,,,9.999999747378752e-06,9.999999747378752e-06,3.2325641541319783e-07,,,,,,,,,,,,,,,,,,,,,,,,,,,,,,,,,,,,,,,,,,,,,
115,56899,,,,,,,,,,,,,9.999999747378752e-06,9.999999747378752e-06,3.2325641541319783e-07,,,,,,,,,,,,,,,,,,,,,,,,,,,,,,,,,,,,,,,,,,,,,
115,56949,,,,,,,,,,,,,9.999999747378752e-06,9.999999747378752e-06,3.2325641541319783e-07,,,,,,,,,,,,,,,,,,,,,,,,,,,,,,,,,,,,,,,,,,,,,
115,56999,,,,,,,,,,,,,9.999999747378752e-06,9.999999747378752e-06,3.2325641541319783e-07,,,,,,,,,,,,,,,,,,,,,,,,,,,,,,,,,,,,,,,,,,,,,
115,57049,,,,,,,,,,,,,9.999999747378752e-06,9.999999747378752e-06,3.2325641541319783e-07,,,,,,,,,,,,,,,,,,,,,,,,,,,,,,,,,,,,,,,,,,,,,
115,57099,,,,,,,,,,,,,9.999999747378752e-06,9.999999747378752e-06,3.2325641541319783e-07,,,,,,,,,,,,,,,,,,,,,,,,,,,,,,,,,,,,,,,,,,,,,
115,57149,,,,,,,,,,,,,9.999999747378752e-06,9.999999747378752e-06,3.2325641541319783e-07,,,,,,,,,,,,,,,,,,,,,,,,,,,,,,,,,,,,,,,,,,,,,
115,57199,,,,,,,,,,,,,9.999999747378752e-06,9.999999747378752e-06,3.2325641541319783e-07,,,,,,,,,,,,,,,,,,,,,,,,,,,,,,,,,,,,,,,,,,,,,
115,57249,,,,,,,,,,,,,9.999999747378752e-06,9.999999747378752e-06,3.2325641541319783e-07,,,,,,,,,,,,,,,,,,,,,,,,,,,,,,,,,,,,,,,,,,,,,
115,57299,,,,,,,,,,,,,9.999999747378752e-06,9.999999747378752e-06,3.2325641541319783e-07,,,,,,,,,,,,,,,,,,,,,,,,,,,,,,,,,,,,,,,,,,,,,
115,57303,,,,,,,,,,,,,,,,0.9175142645835876,0.33503469824790955,0.3645259141921997,0.45181795954704285,0.579770565032959,0.920540452003479,0.95750892162323,0.6187648773193359,0.4239315390586853,0.8574339151382446,0.48970675468444824,0.9660292863845825,0.8553245067596436,0.9983123540878296,0.9583057165145874,0.8608239889144897,0.8483583927154541,0.8767935633659363,0.917515218257904,0.334994375705719,0.36045581102371216,0.4539320170879364,0.5823442935943604,0.9220606684684753,0.9580763578414917,0.6191384196281433,0.42762070894241333,0.8571584224700928,0.495018869638443,0.966446042060852,0.8536663055419922,1.0,0.958548367023468,0.8612175583839417,0.8483827114105225,0.8831770420074463,0.7303868532180786,0.7648022770881653,0.8387088179588318,0.8831770420074463,0.7303868532180786,0.7648022770881653,0.8387088179588318,0.8936864137649536,0.8701937198638916
115,57303,33.954708099365234,34.117408752441406,33.95774459838867,34.07337951660156,-6.177647264848929e-07,1.1544687747955322,0.006644614040851593,0.02913268283009529,0.14015552401542664,0.5251869559288025,0.03232742100954056,0.12279229611158371,,,,,,,,,,,,,,,,,,,,,,,,,,,,,,,,,,,,,,,,,,,,,,,,
116,57349,,,,,,,,,,,,,9.999999747378752e-06,9.999999747378752e-06,3.2325641541319783e-07,,,,,,,,,,,,,,,,,,,,,,,,,,,,,,,,,,,,,,,,,,,,,
116,57399,,,,,,,,,,,,,9.999999747378752e-06,9.999999747378752e-06,3.2325641541319783e-07,,,,,,,,,,,,,,,,,,,,,,,,,,,,,,,,,,,,,,,,,,,,,
116,57449,,,,,,,,,,,,,9.999999747378752e-06,9.999999747378752e-06,3.2325641541319783e-07,,,,,,,,,,,,,,,,,,,,,,,,,,,,,,,,,,,,,,,,,,,,,
116,57499,,,,,,,,,,,,,9.999999747378752e-06,9.999999747378752e-06,3.2325641541319783e-07,,,,,,,,,,,,,,,,,,,,,,,,,,,,,,,,,,,,,,,,,,,,,
116,57549,,,,,,,,,,,,,9.999999747378752e-06,9.999999747378752e-06,3.2325641541319783e-07,,,,,,,,,,,,,,,,,,,,,,,,,,,,,,,,,,,,,,,,,,,,,
116,57599,,,,,,,,,,,,,9.999999747378752e-06,9.999999747378752e-06,3.2325641541319783e-07,,,,,,,,,,,,,,,,,,,,,,,,,,,,,,,,,,,,,,,,,,,,,
116,57649,,,,,,,,,,,,,9.999999747378752e-06,9.999999747378752e-06,3.2325641541319783e-07,,,,,,,,,,,,,,,,,,,,,,,,,,,,,,,,,,,,,,,,,,,,,
116,57699,,,,,,,,,,,,,9.999999747378752e-06,9.999999747378752e-06,3.2325641541319783e-07,,,,,,,,,,,,,,,,,,,,,,,,,,,,,,,,,,,,,,,,,,,,,
116,57749,,,,,,,,,,,,,9.999999747378752e-06,9.999999747378752e-06,3.2325641541319783e-07,,,,,,,,,,,,,,,,,,,,,,,,,,,,,,,,,,,,,,,,,,,,,
116,57797,,,,,,,,,,,,,,,,0.9166158437728882,0.3380162715911865,0.3626832664012909,0.4511083960533142,0.5756779313087463,0.9213664531707764,0.9580925703048706,0.6186860799789429,0.4301449656486511,0.856812596321106,0.4827859103679657,0.9671849012374878,0.8535782694816589,0.9983123540878296,0.958747386932373,0.8619462251663208,0.8477156162261963,0.8731812834739685,0.9157164692878723,0.34103813767433167,0.36491072177886963,0.44828474521636963,0.5690115690231323,0.9206722974777222,0.9581088423728943,0.6182336807250977,0.4326692223548889,0.8564668297767639,0.4705529510974884,0.9679237604141235,0.8534902334213257,0.9966246485710144,0.9589463472366333,0.8626748919487,0.8470485210418701,0.8829042315483093,0.7283749580383301,0.7654895782470703,0.8423608541488647,0.8829042315483093,0.7283749580383301,0.7654895782470703,0.8423608541488647,0.8938920497894287,0.8641945719718933
116,57797,33.95116424560547,34.04630661010742,33.95698547363281,34.097923278808594,-4.0154708358386415e-07,1.14483642578125,0.006614257115870714,0.028749102726578712,0.13919664919376373,0.5223321914672852,0.03202741593122482,0.12121810019016266,,,,,,,,,,,,,,,,,,,,,,,,,,,,,,,,,,,,,,,,,,,,,,,,
117,57799,,,,,,,,,,,,,9.999999747378752e-06,9.999999747378752e-06,3.2325641541319783e-07,,,,,,,,,,,,,,,,,,,,,,,,,,,,,,,,,,,,,,,,,,,,,
117,57849,,,,,,,,,,,,,9.999999747378752e-06,9.999999747378752e-06,3.2325641541319783e-07,,,,,,,,,,,,,,,,,,,,,,,,,,,,,,,,,,,,,,,,,,,,,
117,57899,,,,,,,,,,,,,9.999999747378752e-06,9.999999747378752e-06,3.2325641541319783e-07,,,,,,,,,,,,,,,,,,,,,,,,,,,,,,,,,,,,,,,,,,,,,
117,57949,,,,,,,,,,,,,9.999999747378752e-06,9.999999747378752e-06,3.2325641541319783e-07,,,,,,,,,,,,,,,,,,,,,,,,,,,,,,,,,,,,,,,,,,,,,
117,57999,,,,,,,,,,,,,9.999999747378752e-06,9.999999747378752e-06,3.2325641541319783e-07,,,,,,,,,,,,,,,,,,,,,,,,,,,,,,,,,,,,,,,,,,,,,
117,58049,,,,,,,,,,,,,9.999999747378752e-06,9.999999747378752e-06,3.2325641541319783e-07,,,,,,,,,,,,,,,,,,,,,,,,,,,,,,,,,,,,,,,,,,,,,
117,58099,,,,,,,,,,,,,9.999999747378752e-06,9.999999747378752e-06,3.2325641541319783e-07,,,,,,,,,,,,,,,,,,,,,,,,,,,,,,,,,,,,,,,,,,,,,
117,58149,,,,,,,,,,,,,9.999999747378752e-06,9.999999747378752e-06,3.2325641541319783e-07,,,,,,,,,,,,,,,,,,,,,,,,,,,,,,,,,,,,,,,,,,,,,
117,58199,,,,,,,,,,,,,9.999999747378752e-06,9.999999747378752e-06,3.2325641541319783e-07,,,,,,,,,,,,,,,,,,,,,,,,,,,,,,,,,,,,,,,,,,,,,
117,58249,,,,,,,,,,,,,9.999999747378752e-06,9.999999747378752e-06,3.2325641541319783e-07,,,,,,,,,,,,,,,,,,,,,,,,,,,,,,,,,,,,,,,,,,,,,
117,58291,,,,,,,,,,,,,,,,0.915526270866394,0.3387429118156433,0.36251193284988403,0.451870322227478,0.5679211020469666,0.9229781627655029,0.9581382274627686,0.6159383058547974,0.41401755809783936,0.8562189340591431,0.47291940450668335,0.9668979644775391,0.8526675701141357,0.9967089295387268,0.958743691444397,0.8612180948257446,0.8472093343734741,0.8740156292915344,0.915336012840271,0.33644771575927734,0.3601131737232208,0.4554558992385864,0.5668306350708008,0.9252840876579285,0.958167552947998,0.6136428713798523,0.3953658640384674,0.8559710383415222,0.4752858877182007,0.9658721089363098,0.851844847202301,0.9967932105064392,0.9585409760475159,0.8597612380981445,0.8473702073097229,0.8819939494132996,0.7257696390151978,0.7612722516059875,0.8360399603843689,0.8819939494132996,0.7257696390151978,0.7612722516059875,0.8360399603843689,0.8991062045097351,0.8622620701789856
117,58291,33.95356750488281,34.099822998046875,33.95787048339844,34.15081024169922,-9.112030170399521e-07,1.1367499828338623,0.00657120393589139,0.028592851012945175,0.13834723830223083,0.5185309648513794,0.03175213932991028,0.12027344852685928,,,,,,,,,,,,,,,,,,,,,,,,,,,,,,,,,,,,,,,,,,,,,,,,
118,58299,,,,,,,,,,,,,9.999999747378752e-06,9.999999747378752e-06,3.2325641541319783e-07,,,,,,,,,,,,,,,,,,,,,,,,,,,,,,,,,,,,,,,,,,,,,
118,58349,,,,,,,,,,,,,9.999999747378752e-06,9.999999747378752e-06,3.2325641541319783e-07,,,,,,,,,,,,,,,,,,,,,,,,,,,,,,,,,,,,,,,,,,,,,
118,58399,,,,,,,,,,,,,9.999999747378752e-06,9.999999747378752e-06,3.2325641541319783e-07,,,,,,,,,,,,,,,,,,,,,,,,,,,,,,,,,,,,,,,,,,,,,
118,58449,,,,,,,,,,,,,9.999999747378752e-06,9.999999747378752e-06,3.2325641541319783e-07,,,,,,,,,,,,,,,,,,,,,,,,,,,,,,,,,,,,,,,,,,,,,
118,58499,,,,,,,,,,,,,9.999999747378752e-06,9.999999747378752e-06,3.2325641541319783e-07,,,,,,,,,,,,,,,,,,,,,,,,,,,,,,,,,,,,,,,,,,,,,
118,58549,,,,,,,,,,,,,9.999999747378752e-06,9.999999747378752e-06,3.2325641541319783e-07,,,,,,,,,,,,,,,,,,,,,,,,,,,,,,,,,,,,,,,,,,,,,
118,58599,,,,,,,,,,,,,9.999999747378752e-06,9.999999747378752e-06,3.2325641541319783e-07,,,,,,,,,,,,,,,,,,,,,,,,,,,,,,,,,,,,,,,,,,,,,
118,58649,,,,,,,,,,,,,9.999999747378752e-06,9.999999747378752e-06,3.2325641541319783e-07,,,,,,,,,,,,,,,,,,,,,,,,,,,,,,,,,,,,,,,,,,,,,
118,58699,,,,,,,,,,,,,9.999999747378752e-06,9.999999747378752e-06,3.2325641541319783e-07,,,,,,,,,,,,,,,,,,,,,,,,,,,,,,,,,,,,,,,,,,,,,
118,58749,,,,,,,,,,,,,9.999999747378752e-06,9.999999747378752e-06,3.2325641541319783e-07,,,,,,,,,,,,,,,,,,,,,,,,,,,,,,,,,,,,,,,,,,,,,
118,58785,,,,,,,,,,,,,,,,0.9156131148338318,0.3390474021434784,0.36497628688812256,0.45575156807899475,0.5673984289169312,0.9245434999465942,0.9579153060913086,0.612758219242096,0.40728241205215454,0.8584762811660767,0.46914899349212646,0.9655935168266296,0.8520576357841492,0.998396635055542,0.9587278366088867,0.8595032095909119,0.8468524217605591,0.8737998604774475,0.9158902168273926,0.34164708852767944,0.3698393702507019,0.4560472369194031,0.5679662227630615,0.9238029718399048,0.9576631188392639,0.6118735671043396,0.4191989302635193,0.8609815835952759,0.46301209926605225,0.9653149247169495,0.8522704243659973,1.0,0.9589146971702576,0.8592451810836792,0.8463345766067505,0.8821381330490112,0.7276471853256226,0.7636404037475586,0.8368591070175171,0.8821381330490112,0.7276471853256226,0.7636404037475586,0.8368591070175171,0.8830280900001526,0.8739795088768005
118,58785,33.95293426513672,34.05845260620117,33.956478118896484,34.09400177001953,-4.6332354486366967e-07,1.1332417726516724,0.006616567727178335,0.02858673594892025,0.13800884783267975,0.5155670046806335,0.03176253288984299,0.1200624480843544,,,,,,,,,,,,,,,,,,,,,,,,,,,,,,,,,,,,,,,,,,,,,,,,
119,58799,,,,,,,,,,,,,9.999999747378752e-06,9.999999747378752e-06,3.2325641541319783e-07,,,,,,,,,,,,,,,,,,,,,,,,,,,,,,,,,,,,,,,,,,,,,
119,58849,,,,,,,,,,,,,9.999999747378752e-06,9.999999747378752e-06,3.2325641541319783e-07,,,,,,,,,,,,,,,,,,,,,,,,,,,,,,,,,,,,,,,,,,,,,
119,58899,,,,,,,,,,,,,9.999999747378752e-06,9.999999747378752e-06,3.2325641541319783e-07,,,,,,,,,,,,,,,,,,,,,,,,,,,,,,,,,,,,,,,,,,,,,
119,58949,,,,,,,,,,,,,9.999999747378752e-06,9.999999747378752e-06,3.2325641541319783e-07,,,,,,,,,,,,,,,,,,,,,,,,,,,,,,,,,,,,,,,,,,,,,
119,58999,,,,,,,,,,,,,9.999999747378752e-06,9.999999747378752e-06,3.2325641541319783e-07,,,,,,,,,,,,,,,,,,,,,,,,,,,,,,,,,,,,,,,,,,,,,
119,59049,,,,,,,,,,,,,9.999999747378752e-06,9.999999747378752e-06,3.2325641541319783e-07,,,,,,,,,,,,,,,,,,,,,,,,,,,,,,,,,,,,,,,,,,,,,
119,59099,,,,,,,,,,,,,9.999999747378752e-06,9.999999747378752e-06,3.2325641541319783e-07,,,,,,,,,,,,,,,,,,,,,,,,,,,,,,,,,,,,,,,,,,,,,
119,59149,,,,,,,,,,,,,9.999999747378752e-06,9.999999747378752e-06,3.2325641541319783e-07,,,,,,,,,,,,,,,,,,,,,,,,,,,,,,,,,,,,,,,,,,,,,
119,59199,,,,,,,,,,,,,9.999999747378752e-06,9.999999747378752e-06,3.2325641541319783e-07,,,,,,,,,,,,,,,,,,,,,,,,,,,,,,,,,,,,,,,,,,,,,
119,59249,,,,,,,,,,,,,9.999999747378752e-06,9.999999747378752e-06,3.2325641541319783e-07,,,,,,,,,,,,,,,,,,,,,,,,,,,,,,,,,,,,,,,,,,,,,
119,59279,,,,,,,,,,,,,,,,0.9153461456298828,0.34043988585472107,0.366299033164978,0.45535922050476074,0.5690878629684448,0.9227328896522522,0.9571784734725952,0.6119594573974609,0.4104430675506592,0.8595352172851562,0.4718706011772156,0.96453857421875,0.8524760007858276,1.0,0.9580299854278564,0.8607150912284851,0.8455631732940674,0.874290943145752,0.9148020148277283,0.3392326831817627,0.36275866627693176,0.4546712338924408,0.5702095031738281,0.9216628074645996,0.9566937685012817,0.6120452880859375,0.4016872048377991,0.8580887913703918,0.4807291030883789,0.9637621641159058,0.8526815176010132,1.0,0.9571453332901001,0.862185001373291,0.8447917699813843,0.8821784853935242,0.7266557216644287,0.7636403441429138,0.837363064289093,0.8821784853935242,0.7266557216644287,0.7636403441429138,0.837363064289093,0.8972374200820923,0.8645360469818115
119,59279,33.954200744628906,34.07148361206055,33.95635223388672,34.118675231933594,-8.339824262293405e-07,1.1252427101135254,0.006565761286765337,0.028284646570682526,0.1371799260377884,0.5131853222846985,0.031468503177165985,0.11884390562772751,,,,,,,,,,,,,,,,,,,,,,,,,,,,,,,,,,,,,,,,,,,,,,,,
120,59299,,,,,,,,,,,,,9.999999747378752e-06,9.999999747378752e-06,3.2325641541319783e-07,,,,,,,,,,,,,,,,,,,,,,,,,,,,,,,,,,,,,,,,,,,,,
120,59349,,,,,,,,,,,,,9.999999747378752e-06,9.999999747378752e-06,3.2325641541319783e-07,,,,,,,,,,,,,,,,,,,,,,,,,,,,,,,,,,,,,,,,,,,,,
120,59399,,,,,,,,,,,,,9.999999747378752e-06,9.999999747378752e-06,3.2325641541319783e-07,,,,,,,,,,,,,,,,,,,,,,,,,,,,,,,,,,,,,,,,,,,,,
120,59449,,,,,,,,,,,,,9.999999747378752e-06,9.999999747378752e-06,3.2325641541319783e-07,,,,,,,,,,,,,,,,,,,,,,,,,,,,,,,,,,,,,,,,,,,,,
120,59499,,,,,,,,,,,,,9.999999747378752e-06,9.999999747378752e-06,3.2325641541319783e-07,,,,,,,,,,,,,,,,,,,,,,,,,,,,,,,,,,,,,,,,,,,,,
120,59549,,,,,,,,,,,,,9.999999747378752e-06,9.999999747378752e-06,3.2325641541319783e-07,,,,,,,,,,,,,,,,,,,,,,,,,,,,,,,,,,,,,,,,,,,,,
120,59599,,,,,,,,,,,,,9.999999747378752e-06,9.999999747378752e-06,3.2325641541319783e-07,,,,,,,,,,,,,,,,,,,,,,,,,,,,,,,,,,,,,,,,,,,,,
120,59649,,,,,,,,,,,,,9.999999747378752e-06,9.999999747378752e-06,3.2325641541319783e-07,,,,,,,,,,,,,,,,,,,,,,,,,,,,,,,,,,,,,,,,,,,,,
120,59699,,,,,,,,,,,,,9.999999747378752e-06,9.999999747378752e-06,3.2325641541319783e-07,,,,,,,,,,,,,,,,,,,,,,,,,,,,,,,,,,,,,,,,,,,,,
120,59749,,,,,,,,,,,,,9.999999747378752e-06,9.999999747378752e-06,3.2325641541319783e-07,,,,,,,,,,,,,,,,,,,,,,,,,,,,,,,,,,,,,,,,,,,,,
120,59773,,,,,,,,,,,,,,,,0.9152060747146606,0.34094345569610596,0.3654816150665283,0.45143789052963257,0.5655778050422668,0.9225522875785828,0.9568947553634644,0.6088926196098328,0.4013479948043823,0.8570442199707031,0.48178550601005554,0.963350772857666,0.8517041206359863,1.0,0.9579426050186157,0.8612412214279175,0.8442571759223938,0.8740949034690857,0.915610134601593,0.34265419840812683,0.36820459365844727,0.44820451736450195,0.5609461069107056,0.9234417676925659,0.9570958018302917,0.605739951133728,0.4010087847709656,0.8559995889663696,0.4828419089317322,0.9629393219947815,0.8507267832756042,1.0,0.9587399363517761,0.8602973818778992,0.8437225818634033,0.8810331225395203,0.725774884223938,0.7632710933685303,0.8370731472969055,0.8810331225395203,0.725774884223938,0.7632710933685303,0.8370731472969055,0.8861952424049377,0.8715634942054749
120,59773,33.95255661010742,34.035423278808594,33.95344161987305,34.080970764160156,-4.6332354486366967e-07,1.1123994588851929,0.006476880982518196,0.027913615107536316,0.1364324539899826,0.5068269371986389,0.031131817027926445,0.11746221035718918,,,,,,,,,,,,,,,,,,,,,,,,,,,,,,,,,,,,,,,,,,,,,,,,
121,59799,,,,,,,,,,,,,9.999999747378752e-06,9.999999747378752e-06,3.2325641541319783e-07,,,,,,,,,,,,,,,,,,,,,,,,,,,,,,,,,,,,,,,,,,,,,
121,59849,,,,,,,,,,,,,9.999999747378752e-06,9.999999747378752e-06,3.2325641541319783e-07,,,,,,,,,,,,,,,,,,,,,,,,,,,,,,,,,,,,,,,,,,,,,
121,59899,,,,,,,,,,,,,9.999999747378752e-06,9.999999747378752e-06,3.2325641541319783e-07,,,,,,,,,,,,,,,,,,,,,,,,,,,,,,,,,,,,,,,,,,,,,
121,59949,,,,,,,,,,,,,9.999999747378752e-06,9.999999747378752e-06,3.2325641541319783e-07,,,,,,,,,,,,,,,,,,,,,,,,,,,,,,,,,,,,,,,,,,,,,
121,59999,,,,,,,,,,,,,9.999999747378752e-06,9.999999747378752e-06,3.2325641541319783e-07,,,,,,,,,,,,,,,,,,,,,,,,,,,,,,,,,,,,,,,,,,,,,
121,60049,,,,,,,,,,,,,9.999999747378752e-06,9.999999747378752e-06,3.2325641541319783e-07,,,,,,,,,,,,,,,,,,,,,,,,,,,,,,,,,,,,,,,,,,,,,
121,60099,,,,,,,,,,,,,9.999999747378752e-06,9.999999747378752e-06,3.2325641541319783e-07,,,,,,,,,,,,,,,,,,,,,,,,,,,,,,,,,,,,,,,,,,,,,
121,60149,,,,,,,,,,,,,9.999999747378752e-06,9.999999747378752e-06,3.2325641541319783e-07,,,,,,,,,,,,,,,,,,,,,,,,,,,,,,,,,,,,,,,,,,,,,
121,60199,,,,,,,,,,,,,9.999999747378752e-06,9.999999747378752e-06,3.2325641541319783e-07,,,,,,,,,,,,,,,,,,,,,,,,,,,,,,,,,,,,,,,,,,,,,
121,60249,,,,,,,,,,,,,9.999999747378752e-06,9.999999747378752e-06,3.2325641541319783e-07,,,,,,,,,,,,,,,,,,,,,,,,,,,,,,,,,,,,,,,,,,,,,
121,60267,,,,,,,,,,,,,,,,0.9167990684509277,0.33854472637176514,0.36895495653152466,0.44887441396713257,0.5689210891723633,0.9240089654922485,0.9571082592010498,0.6056480407714844,0.40115803480148315,0.8544158935546875,0.48115041851997375,0.9634149074554443,0.8502342700958252,1.0,0.956298828125,0.8621619939804077,0.8444916009902954,0.8755579590797424,0.9179880619049072,0.33443528413772583,0.36970531940460205,0.4495442807674408,0.576896071434021,0.9245762228965759,0.9571206569671631,0.6055561900138855,0.40130725502967834,0.8528321385383606,0.47945892810821533,0.9638904929161072,0.8497418165206909,1.0,0.9538577198982239,0.8640265464782715,0.8452606201171875,0.8828554153442383,0.7262468934059143,0.7616561055183411,0.8390640616416931,0.8828554153442383,0.7262468934059143,0.7616561055183411,0.8390640616416931,0.8951065540313721,0.8675477504730225
121,60267,33.95787048339844,34.09779739379883,33.96229934692383,34.10437774658203,-5.405441356742813e-07,1.1051528453826904,0.006434428505599499,0.02768917940557003,0.13544297218322754,0.5049238204956055,0.030831558629870415,0.1162523403763771,,,,,,,,,,,,,,,,,,,,,,,,,,,,,,,,,,,,,,,,,,,,,,,,
122,60299,,,,,,,,,,,,,9.999999747378752e-06,9.999999747378752e-06,3.2325641541319783e-07,,,,,,,,,,,,,,,,,,,,,,,,,,,,,,,,,,,,,,,,,,,,,
122,60349,,,,,,,,,,,,,9.999999747378752e-06,9.999999747378752e-06,3.2325641541319783e-07,,,,,,,,,,,,,,,,,,,,,,,,,,,,,,,,,,,,,,,,,,,,,
122,60399,,,,,,,,,,,,,9.999999747378752e-06,9.999999747378752e-06,3.2325641541319783e-07,,,,,,,,,,,,,,,,,,,,,,,,,,,,,,,,,,,,,,,,,,,,,
122,60449,,,,,,,,,,,,,9.999999747378752e-06,9.999999747378752e-06,3.2325641541319783e-07,,,,,,,,,,,,,,,,,,,,,,,,,,,,,,,,,,,,,,,,,,,,,
122,60499,,,,,,,,,,,,,9.999999747378752e-06,9.999999747378752e-06,3.2325641541319783e-07,,,,,,,,,,,,,,,,,,,,,,,,,,,,,,,,,,,,,,,,,,,,,
122,60549,,,,,,,,,,,,,9.999999747378752e-06,9.999999747378752e-06,3.2325641541319783e-07,,,,,,,,,,,,,,,,,,,,,,,,,,,,,,,,,,,,,,,,,,,,,
122,60599,,,,,,,,,,,,,9.999999747378752e-06,9.999999747378752e-06,3.2325641541319783e-07,,,,,,,,,,,,,,,,,,,,,,,,,,,,,,,,,,,,,,,,,,,,,
122,60649,,,,,,,,,,,,,9.999999747378752e-06,9.999999747378752e-06,3.2325641541319783e-07,,,,,,,,,,,,,,,,,,,,,,,,,,,,,,,,,,,,,,,,,,,,,
122,60699,,,,,,,,,,,,,9.999999747378752e-06,9.999999747378752e-06,3.2325641541319783e-07,,,,,,,,,,,,,,,,,,,,,,,,,,,,,,,,,,,,,,,,,,,,,
122,60749,,,,,,,,,,,,,9.999999747378752e-06,9.999999747378752e-06,3.2325641541319783e-07,,,,,,,,,,,,,,,,,,,,,,,,,,,,,,,,,,,,,,,,,,,,,
122,60761,,,,,,,,,,,,,,,,0.9182528257369995,0.3357216715812683,0.37266772985458374,0.4503357708454132,0.5817936658859253,0.9250127077102661,0.9568527936935425,0.6062396764755249,0.4057300090789795,0.8538535833358765,0.4850916266441345,0.9632512331008911,0.8503695130348206,1.0,0.954713761806488,0.8628928661346436,0.8449373841285706,0.8748795390129089,0.9185176491737366,0.3370080292224884,0.37563014030456543,0.4511272609233856,0.5866912603378296,0.9254492521286011,0.9565849900245667,0.6069231033325195,0.41015276312828064,0.8548750281333923,0.4907243251800537,0.9626119136810303,0.8509972095489502,1.0,0.9555698037147522,0.8617591261863708,0.8446141481399536,0.8841924071311951,0.728778600692749,0.7653717398643494,0.8363978862762451,0.8841924071311951,0.728778600692749,0.7653717398643494,0.8363978862762451,0.8982956409454346,0.8651570081710815
122,60761,33.953060150146484,34.07363510131836,33.956729888916016,34.09918975830078,-6.949853172955045e-07,1.0948779582977295,0.006393257528543472,0.02744392119348049,0.13437554240226746,0.49987247586250305,0.030536293983459473,0.11518559604883194,,,,,,,,,,,,,,,,,,,,,,,,,,,,,,,,,,,,,,,,,,,,,,,,
123,60799,,,,,,,,,,,,,9.999999747378752e-06,9.999999747378752e-06,3.2325641541319783e-07,,,,,,,,,,,,,,,,,,,,,,,,,,,,,,,,,,,,,,,,,,,,,
123,60849,,,,,,,,,,,,,9.999999747378752e-06,9.999999747378752e-06,3.2325641541319783e-07,,,,,,,,,,,,,,,,,,,,,,,,,,,,,,,,,,,,,,,,,,,,,
123,60899,,,,,,,,,,,,,9.999999747378752e-06,9.999999747378752e-06,3.2325641541319783e-07,,,,,,,,,,,,,,,,,,,,,,,,,,,,,,,,,,,,,,,,,,,,,
123,60949,,,,,,,,,,,,,9.999999747378752e-06,9.999999747378752e-06,3.2325641541319783e-07,,,,,,,,,,,,,,,,,,,,,,,,,,,,,,,,,,,,,,,,,,,,,
123,60999,,,,,,,,,,,,,9.999999747378752e-06,9.999999747378752e-06,3.2325641541319783e-07,,,,,,,,,,,,,,,,,,,,,,,,,,,,,,,,,,,,,,,,,,,,,
123,61049,,,,,,,,,,,,,9.999999747378752e-06,9.999999747378752e-06,3.2325641541319783e-07,,,,,,,,,,,,,,,,,,,,,,,,,,,,,,,,,,,,,,,,,,,,,
123,61099,,,,,,,,,,,,,9.999999747378752e-06,9.999999747378752e-06,3.2325641541319783e-07,,,,,,,,,,,,,,,,,,,,,,,,,,,,,,,,,,,,,,,,,,,,,
123,61149,,,,,,,,,,,,,9.999999747378752e-06,9.999999747378752e-06,3.2325641541319783e-07,,,,,,,,,,,,,,,,,,,,,,,,,,,,,,,,,,,,,,,,,,,,,
123,61199,,,,,,,,,,,,,9.999999747378752e-06,9.999999747378752e-06,3.2325641541319783e-07,,,,,,,,,,,,,,,,,,,,,,,,,,,,,,,,,,,,,,,,,,,,,
123,61249,,,,,,,,,,,,,9.999999747378752e-06,9.999999747378752e-06,3.2325641541319783e-07,,,,,,,,,,,,,,,,,,,,,,,,,,,,,,,,,,,,,,,,,,,,,
123,61255,,,,,,,,,,,,,,,,0.917660117149353,0.3348234295845032,0.37376904487609863,0.45062094926834106,0.5807375311851501,0.9252637624740601,0.9573564529418945,0.6056730151176453,0.40671008825302124,0.8532317280769348,0.4882640838623047,0.9623133540153503,0.8505598306655884,1.0,0.9566437005996704,0.8609781265258789,0.8453493118286133,0.8738022446632385,0.9168025851249695,0.33263885974884033,0.37190794944763184,0.4501146376132965,0.5747838020324707,0.9250783324241638,0.9581278562545776,0.604422926902771,0.40326738357543945,0.8515884280204773,0.48580387234687805,0.9620147943496704,0.8501224517822266,1.0,0.9577175974845886,0.860197126865387,0.846084475517273,0.8833029270172119,0.7265101671218872,0.7611083984375,0.8370711803436279,0.8833029270172119,0.7265101671218872,0.7611083984375,0.8370711803436279,0.9067088961601257,0.8575904965400696
123,61255,33.95533752441406,34.048458099365234,33.958248138427734,34.079959869384766,-5.251000061434752e-07,1.0840259790420532,0.006306026130914688,0.027112573385238647,0.13314557075500488,0.49529924988746643,0.03017732873558998,0.11406684666872025,,,,,,,,,,,,,,,,,,,,,,,,,,,,,,,,,,,,,,,,,,,,,,,,
124,61299,,,,,,,,,,,,,9.999999747378752e-06,9.999999747378752e-06,3.2325641541319783e-07,,,,,,,,,,,,,,,,,,,,,,,,,,,,,,,,,,,,,,,,,,,,,
124,61349,,,,,,,,,,,,,9.999999747378752e-06,9.999999747378752e-06,3.2325641541319783e-07,,,,,,,,,,,,,,,,,,,,,,,,,,,,,,,,,,,,,,,,,,,,,
124,61399,,,,,,,,,,,,,9.999999747378752e-06,9.999999747378752e-06,3.2325641541319783e-07,,,,,,,,,,,,,,,,,,,,,,,,,,,,,,,,,,,,,,,,,,,,,
124,61449,,,,,,,,,,,,,9.999999747378752e-06,9.999999747378752e-06,3.2325641541319783e-07,,,,,,,,,,,,,,,,,,,,,,,,,,,,,,,,,,,,,,,,,,,,,
124,61499,,,,,,,,,,,,,9.999999747378752e-06,9.999999747378752e-06,3.2325641541319783e-07,,,,,,,,,,,,,,,,,,,,,,,,,,,,,,,,,,,,,,,,,,,,,
124,61549,,,,,,,,,,,,,9.999999747378752e-06,9.999999747378752e-06,3.2325641541319783e-07,,,,,,,,,,,,,,,,,,,,,,,,,,,,,,,,,,,,,,,,,,,,,
124,61599,,,,,,,,,,,,,9.999999747378752e-06,9.999999747378752e-06,3.2325641541319783e-07,,,,,,,,,,,,,,,,,,,,,,,,,,,,,,,,,,,,,,,,,,,,,
124,61649,,,,,,,,,,,,,9.999999747378752e-06,9.999999747378752e-06,3.2325641541319783e-07,,,,,,,,,,,,,,,,,,,,,,,,,,,,,,,,,,,,,,,,,,,,,
124,61699,,,,,,,,,,,,,9.999999747378752e-06,9.999999747378752e-06,3.2325641541319783e-07,,,,,,,,,,,,,,,,,,,,,,,,,,,,,,,,,,,,,,,,,,,,,
124,61749,,,,,,,,,,,,,9.999999747378752e-06,9.999999747378752e-06,3.2325641541319783e-07,,,,,,,,,,,,,,,,,,,,,,,,,,,,,,,,,,,,,,,,,,,,,
124,61749,,,,,,,,,,,,,,,,0.9167443513870239,0.33557558059692383,0.3718303442001343,0.4470619857311249,0.5766453742980957,0.9232923984527588,0.9569228291511536,0.6016527414321899,0.414305180311203,0.8527858257293701,0.4893214702606201,0.9615445733070374,0.8493474125862122,0.9983910918235779,0.9583231210708618,0.8598790168762207,0.8450480699539185,0.8724669814109802,0.9166861176490784,0.33851227164268494,0.3717527389526367,0.44400933384895325,0.5785070061683655,0.921506404876709,0.9557178020477295,0.5988826155662537,0.42534297704696655,0.8539831638336182,0.4928390681743622,0.9610743522644043,0.8485723733901978,0.9967821836471558,0.9589287042617798,0.8595608472824097,0.8440117239952087,0.882897138595581,0.7274511456489563,0.7716141939163208,0.8346592783927917,0.882897138595581,0.7274511456489563,0.7716141939163208,0.8346592783927917,0.8893605470657349,0.8684958219528198
124,61749,33.95432662963867,34.066673278808594,33.95761489868164,34.08932113647461,-4.47879443754573e-07,1.0763617753982544,0.006282350979745388,0.026912737637758255,0.13199180364608765,0.49271082878112793,0.02992238849401474,0.1129191517829895,,,,,,,,,,,,,,,,,,,,,,,,,,,,,,,,,,,,,,,,,,,,,,,,
125,61799,,,,,,,,,,,,,9.999999747378752e-06,9.999999747378752e-06,3.2325641541319783e-07,,,,,,,,,,,,,,,,,,,,,,,,,,,,,,,,,,,,,,,,,,,,,
125,61849,,,,,,,,,,,,,9.999999747378752e-06,9.999999747378752e-06,3.2325641541319783e-07,,,,,,,,,,,,,,,,,,,,,,,,,,,,,,,,,,,,,,,,,,,,,
125,61899,,,,,,,,,,,,,9.999999747378752e-06,9.999999747378752e-06,3.2325641541319783e-07,,,,,,,,,,,,,,,,,,,,,,,,,,,,,,,,,,,,,,,,,,,,,
125,61949,,,,,,,,,,,,,9.999999747378752e-06,9.999999747378752e-06,3.2325641541319783e-07,,,,,,,,,,,,,,,,,,,,,,,,,,,,,,,,,,,,,,,,,,,,,
125,61999,,,,,,,,,,,,,9.999999747378752e-06,9.999999747378752e-06,3.2325641541319783e-07,,,,,,,,,,,,,,,,,,,,,,,,,,,,,,,,,,,,,,,,,,,,,
125,62049,,,,,,,,,,,,,9.999999747378752e-06,9.999999747378752e-06,3.2325641541319783e-07,,,,,,,,,,,,,,,,,,,,,,,,,,,,,,,,,,,,,,,,,,,,,
125,62099,,,,,,,,,,,,,9.999999747378752e-06,9.999999747378752e-06,3.2325641541319783e-07,,,,,,,,,,,,,,,,,,,,,,,,,,,,,,,,,,,,,,,,,,,,,
125,62149,,,,,,,,,,,,,9.999999747378752e-06,9.999999747378752e-06,3.2325641541319783e-07,,,,,,,,,,,,,,,,,,,,,,,,,,,,,,,,,,,,,,,,,,,,,
125,62199,,,,,,,,,,,,,9.999999747378752e-06,9.999999747378752e-06,3.2325641541319783e-07,,,,,,,,,,,,,,,,,,,,,,,,,,,,,,,,,,,,,,,,,,,,,
125,62243,,,,,,,,,,,,,,,,0.9167813658714294,0.3407200574874878,0.37606289982795715,0.4444458484649658,0.5762330293655396,0.918917715549469,0.955639660358429,0.5968695878982544,0.429875910282135,0.8552283048629761,0.49427521228790283,0.961327314376831,0.8480224609375,0.9983910918235779,0.9588027000427246,0.8602344989776611,0.8423404693603516,0.8748270869255066,0.9168766140937805,0.34292784333229065,0.3803730607032776,0.4448823928833008,0.5739591121673584,0.916329026222229,0.9555615186691284,0.5948565602302551,0.43440884351730347,0.8564735054969788,0.49571138620376587,0.961580216884613,0.8474724888801575,1.0,0.9586766958236694,0.8609080910682678,0.8406691551208496,0.8835879564285278,0.7283332943916321,0.7708298563957214,0.837066113948822,0.8835879564285278,0.7283332943916321,0.7708298563957214,0.837066113948822,0.895811915397644,0.8686700463294983
125,62243,33.953819274902344,34.02922439575195,33.95698547363281,34.11260223388672,-6.177647264848929e-07,1.0752474069595337,0.006290211342275143,0.026946445927023888,0.1321990191936493,0.4913424253463745,0.029958194121718407,0.11280334740877151,,,,,,,,,,,,,,,,,,,,,,,,,,,,,,,,,,,,,,,,,,,,,,,,
126,62249,,,,,,,,,,,,,9.999999747378752e-06,9.999999747378752e-06,3.2325641541319783e-07,,,,,,,,,,,,,,,,,,,,,,,,,,,,,,,,,,,,,,,,,,,,,
126,62299,,,,,,,,,,,,,9.999999747378752e-06,9.999999747378752e-06,3.2325641541319783e-07,,,,,,,,,,,,,,,,,,,,,,,,,,,,,,,,,,,,,,,,,,,,,
126,62349,,,,,,,,,,,,,9.999999747378752e-06,9.999999747378752e-06,3.2325641541319783e-07,,,,,,,,,,,,,,,,,,,,,,,,,,,,,,,,,,,,,,,,,,,,,
126,62399,,,,,,,,,,,,,9.999999747378752e-06,9.999999747378752e-06,3.2325641541319783e-07,,,,,,,,,,,,,,,,,,,,,,,,,,,,,,,,,,,,,,,,,,,,,
126,62449,,,,,,,,,,,,,9.999999747378752e-06,9.999999747378752e-06,3.2325641541319783e-07,,,,,,,,,,,,,,,,,,,,,,,,,,,,,,,,,,,,,,,,,,,,,
126,62499,,,,,,,,,,,,,9.999999747378752e-06,9.999999747378752e-06,3.2325641541319783e-07,,,,,,,,,,,,,,,,,,,,,,,,,,,,,,,,,,,,,,,,,,,,,
126,62549,,,,,,,,,,,,,9.999999747378752e-06,9.999999747378752e-06,3.2325641541319783e-07,,,,,,,,,,,,,,,,,,,,,,,,,,,,,,,,,,,,,,,,,,,,,
126,62599,,,,,,,,,,,,,9.999999747378752e-06,9.999999747378752e-06,3.2325641541319783e-07,,,,,,,,,,,,,,,,,,,,,,,,,,,,,,,,,,,,,,,,,,,,,
126,62649,,,,,,,,,,,,,9.999999747378752e-06,9.999999747378752e-06,3.2325641541319783e-07,,,,,,,,,,,,,,,,,,,,,,,,,,,,,,,,,,,,,,,,,,,,,
126,62699,,,,,,,,,,,,,9.999999747378752e-06,9.999999747378752e-06,3.2325641541319783e-07,,,,,,,,,,,,,,,,,,,,,,,,,,,,,,,,,,,,,,,,,,,,,
126,62737,,,,,,,,,,,,,,,,0.9164593815803528,0.3431188464164734,0.3791853189468384,0.4472922682762146,0.5801666975021362,0.9192578792572021,0.9547819495201111,0.5943125486373901,0.42788249254226685,0.857089638710022,0.49487370252609253,0.9614708423614502,0.8482334017753601,1.0,0.9589042663574219,0.860209584236145,0.8412086963653564,0.8749390840530396,0.916042149066925,0.3433098793029785,0.37799760699272156,0.44970211386680603,0.5863743424415588,0.9221866726875305,0.9540023803710938,0.5937685966491699,0.42135611176490784,0.85770583152771,0.4940360486507416,0.9613615274429321,0.8489943146705627,1.0,0.9591318964958191,0.8595110774040222,0.8417482972145081,0.8822954297065735,0.728660523891449,0.7771148085594177,0.8347144722938538,0.8822954297065735,0.728660523891449,0.7771148085594177,0.8347144722938538,0.8920862078666687,0.870557963848114
126,62737,33.95116424560547,34.05958938598633,33.954959869384766,34.10045623779297,-6.640971150773112e-07,1.0655754804611206,0.0062067536637187,0.02666250430047512,0.13090048730373383,0.48815441131591797,0.029521219432353973,0.11156603693962097,,,,,,,,,,,,,,,,,,,,,,,,,,,,,,,,,,,,,,,,,,,,,,,,
127,62749,,,,,,,,,,,,,9.999999747378752e-06,9.999999747378752e-06,3.2325641541319783e-07,,,,,,,,,,,,,,,,,,,,,,,,,,,,,,,,,,,,,,,,,,,,,
127,62799,,,,,,,,,,,,,9.999999747378752e-06,9.999999747378752e-06,3.2325641541319783e-07,,,,,,,,,,,,,,,,,,,,,,,,,,,,,,,,,,,,,,,,,,,,,
127,62849,,,,,,,,,,,,,9.999999747378752e-06,9.999999747378752e-06,3.2325641541319783e-07,,,,,,,,,,,,,,,,,,,,,,,,,,,,,,,,,,,,,,,,,,,,,
127,62899,,,,,,,,,,,,,9.999999747378752e-06,9.999999747378752e-06,3.2325641541319783e-07,,,,,,,,,,,,,,,,,,,,,,,,,,,,,,,,,,,,,,,,,,,,,
127,62949,,,,,,,,,,,,,9.999999747378752e-06,9.999999747378752e-06,3.2325641541319783e-07,,,,,,,,,,,,,,,,,,,,,,,,,,,,,,,,,,,,,,,,,,,,,
127,62999,,,,,,,,,,,,,9.999999747378752e-06,9.999999747378752e-06,3.2325641541319783e-07,,,,,,,,,,,,,,,,,,,,,,,,,,,,,,,,,,,,,,,,,,,,,
127,63049,,,,,,,,,,,,,9.999999747378752e-06,9.999999747378752e-06,3.2325641541319783e-07,,,,,,,,,,,,,,,,,,,,,,,,,,,,,,,,,,,,,,,,,,,,,
127,63099,,,,,,,,,,,,,9.999999747378752e-06,9.999999747378752e-06,3.2325641541319783e-07,,,,,,,,,,,,,,,,,,,,,,,,,,,,,,,,,,,,,,,,,,,,,
127,63149,,,,,,,,,,,,,9.999999747378752e-06,9.999999747378752e-06,3.2325641541319783e-07,,,,,,,,,,,,,,,,,,,,,,,,,,,,,,,,,,,,,,,,,,,,,
127,63199,,,,,,,,,,,,,9.999999747378752e-06,9.999999747378752e-06,3.2325641541319783e-07,,,,,,,,,,,,,,,,,,,,,,,,,,,,,,,,,,,,,,,,,,,,,
127,63231,,,,,,,,,,,,,,,,0.9168131351470947,0.3436148762702942,0.3720020353794098,0.4506136178970337,0.5939226150512695,0.919521689414978,0.9543702006340027,0.5939704179763794,0.4284226894378662,0.8578828573226929,0.4885788559913635,0.9612159729003906,0.848535418510437,1.0,0.9588446617126465,0.8589766025543213,0.8411933779716492,0.8752186298370361,0.9175841808319092,0.3439198434352875,0.366006463766098,0.45152512192726135,0.6014708876609802,0.9168567657470703,0.9547380208969116,0.5941722989082336,0.4354892373085022,0.8580599427223206,0.4831216633319855,0.9610704779624939,0.848076581954956,1.0,0.9585574269294739,0.8584421873092651,0.8406384587287903,0.8827865123748779,0.7288076281547546,0.7691680192947388,0.838458240032196,0.8827865123748779,0.7288076281547546,0.7691680192947388,0.838458240032196,0.8979279398918152,0.8666854500770569
127,63231,33.953819274902344,34.058197021484375,33.959388732910156,34.069583892822266,-6.177647264848929e-07,1.0615195035934448,0.006162803154438734,0.02645428664982319,0.13080883026123047,0.48656249046325684,0.02944801189005375,0.11108344048261642,,,,,,,,,,,,,,,,,,,,,,,,,,,,,,,,,,,,,,,,,,,,,,,,
128,63249,,,,,,,,,,,,,9.999999747378752e-06,9.999999747378752e-06,3.2325641541319783e-07,,,,,,,,,,,,,,,,,,,,,,,,,,,,,,,,,,,,,,,,,,,,,
128,63299,,,,,,,,,,,,,9.999999747378752e-06,9.999999747378752e-06,3.2325641541319783e-07,,,,,,,,,,,,,,,,,,,,,,,,,,,,,,,,,,,,,,,,,,,,,
128,63349,,,,,,,,,,,,,9.999999747378752e-06,9.999999747378752e-06,3.2325641541319783e-07,,,,,,,,,,,,,,,,,,,,,,,,,,,,,,,,,,,,,,,,,,,,,
128,63399,,,,,,,,,,,,,9.999999747378752e-06,9.999999747378752e-06,3.2325641541319783e-07,,,,,,,,,,,,,,,,,,,,,,,,,,,,,,,,,,,,,,,,,,,,,
128,63449,,,,,,,,,,,,,9.999999747378752e-06,9.999999747378752e-06,3.2325641541319783e-07,,,,,,,,,,,,,,,,,,,,,,,,,,,,,,,,,,,,,,,,,,,,,
128,63499,,,,,,,,,,,,,9.999999747378752e-06,9.999999747378752e-06,3.2325641541319783e-07,,,,,,,,,,,,,,,,,,,,,,,,,,,,,,,,,,,,,,,,,,,,,
128,63549,,,,,,,,,,,,,9.999999747378752e-06,9.999999747378752e-06,3.2325641541319783e-07,,,,,,,,,,,,,,,,,,,,,,,,,,,,,,,,,,,,,,,,,,,,,
128,63599,,,,,,,,,,,,,9.999999747378752e-06,9.999999747378752e-06,3.2325641541319783e-07,,,,,,,,,,,,,,,,,,,,,,,,,,,,,,,,,,,,,,,,,,,,,
128,63649,,,,,,,,,,,,,9.999999747378752e-06,9.999999747378752e-06,3.2325641541319783e-07,,,,,,,,,,,,,,,,,,,,,,,,,,,,,,,,,,,,,,,,,,,,,
128,63699,,,,,,,,,,,,,9.999999747378752e-06,9.999999747378752e-06,3.2325641541319783e-07,,,,,,,,,,,,,,,,,,,,,,,,,,,,,,,,,,,,,,,,,,,,,
128,63725,,,,,,,,,,,,,,,,0.9166347980499268,0.3444884121417999,0.362911581993103,0.4486488103866577,0.593119740486145,0.9184292554855347,0.9547210931777954,0.5913166999816895,0.4362766146659851,0.8568615317344666,0.4799211025238037,0.9597777724266052,0.8477564454078674,1.0,0.9586151838302612,0.8583011627197266,0.8391172885894775,0.8737615942955017,0.9156854152679443,0.3450569808483124,0.35981670022010803,0.44577252864837646,0.5847686529159546,0.920001745223999,0.9547041654586792,0.58846116065979,0.437063992023468,0.8556631207466125,0.47672054171562195,0.9584850668907166,0.8474363088607788,1.0,0.9586728811264038,0.858160138130188,0.83759605884552,0.88114333152771,0.7261214852333069,0.762543797492981,0.8325253129005432,0.88114333152771,0.7261214852333069,0.762543797492981,0.8325253129005432,0.8834726214408875,0.8743236064910889
128,63725,33.9545783996582,34.05086135864258,33.9516716003418,34.10323715209961,-5.405441356742813e-07,1.0567697286605835,0.006126985885202885,0.02640759013593197,0.12976214289665222,0.485653817653656,0.029156047850847244,0.11018472164869308,,,,,,,,,,,,,,,,,,,,,,,,,,,,,,,,,,,,,,,,,,,,,,,,
129,63749,,,,,,,,,,,,,9.999999747378752e-06,9.999999747378752e-06,3.2325641541319783e-07,,,,,,,,,,,,,,,,,,,,,,,,,,,,,,,,,,,,,,,,,,,,,
129,63799,,,,,,,,,,,,,9.999999747378752e-06,9.999999747378752e-06,3.2325641541319783e-07,,,,,,,,,,,,,,,,,,,,,,,,,,,,,,,,,,,,,,,,,,,,,
129,63849,,,,,,,,,,,,,9.999999747378752e-06,9.999999747378752e-06,3.2325641541319783e-07,,,,,,,,,,,,,,,,,,,,,,,,,,,,,,,,,,,,,,,,,,,,,
129,63899,,,,,,,,,,,,,9.999999747378752e-06,9.999999747378752e-06,3.2325641541319783e-07,,,,,,,,,,,,,,,,,,,,,,,,,,,,,,,,,,,,,,,,,,,,,
129,63949,,,,,,,,,,,,,9.999999747378752e-06,9.999999747378752e-06,3.2325641541319783e-07,,,,,,,,,,,,,,,,,,,,,,,,,,,,,,,,,,,,,,,,,,,,,
129,63999,,,,,,,,,,,,,9.999999747378752e-06,9.999999747378752e-06,3.2325641541319783e-07,,,,,,,,,,,,,,,,,,,,,,,,,,,,,,,,,,,,,,,,,,,,,
129,64049,,,,,,,,,,,,,9.999999747378752e-06,9.999999747378752e-06,3.2325641541319783e-07,,,,,,,,,,,,,,,,,,,,,,,,,,,,,,,,,,,,,,,,,,,,,
129,64099,,,,,,,,,,,,,9.999999747378752e-06,9.999999747378752e-06,3.2325641541319783e-07,,,,,,,,,,,,,,,,,,,,,,,,,,,,,,,,,,,,,,,,,,,,,
129,64149,,,,,,,,,,,,,9.999999747378752e-06,9.999999747378752e-06,3.2325641541319783e-07,,,,,,,,,,,,,,,,,,,,,,,,,,,,,,,,,,,,,,,,,,,,,
129,64199,,,,,,,,,,,,,9.999999747378752e-06,9.999999747378752e-06,3.2325641541319783e-07,,,,,,,,,,,,,,,,,,,,,,,,,,,,,,,,,,,,,,,,,,,,,
129,64219,,,,,,,,,,,,,,,,0.9162217378616333,0.3390209674835205,0.3591005504131317,0.44113656878471375,0.593316376209259,0.9213582277297974,0.9547314643859863,0.5882825255393982,0.4254782795906067,0.8563462495803833,0.47284162044525146,0.9584378600120544,0.8466397523880005,1.0,0.9582215547561646,0.8570319414138794,0.8373704552650452,0.870682418346405,0.916758120059967,0.332984983921051,0.3583844006061554,0.436500608921051,0.6018640995025635,0.9227147102355957,0.9547587037086487,0.5881038904190063,0.413892537355423,0.857029378414154,0.468962699174881,0.9583906531333923,0.8458431959152222,1.0,0.9577701687812805,0.8559038043022156,0.8371448516845703,0.8792768716812134,0.7239415645599365,0.7582997679710388,0.8319157958030701,0.8792768716812134,0.7239415645599365,0.7582997679710388,0.8319157958030701,0.8904871344566345,0.8647310137748718
129,64219,33.95445251464844,34.06110763549805,33.957237243652344,34.08375549316406,-6.949853172955045e-07,1.0486458539962769,0.006108096335083246,0.026174644008278847,0.12874753773212433,0.4823257327079773,0.028928427025675774,0.10915102809667587,,,,,,,,,,,,,,,,,,,,,,,,,,,,,,,,,,,,,,,,,,,,,,,,
130,64249,,,,,,,,,,,,,9.999999747378752e-06,9.999999747378752e-06,3.2325641541319783e-07,,,,,,,,,,,,,,,,,,,,,,,,,,,,,,,,,,,,,,,,,,,,,
130,64299,,,,,,,,,,,,,9.999999747378752e-06,9.999999747378752e-06,3.2325641541319783e-07,,,,,,,,,,,,,,,,,,,,,,,,,,,,,,,,,,,,,,,,,,,,,
130,64349,,,,,,,,,,,,,9.999999747378752e-06,9.999999747378752e-06,3.2325641541319783e-07,,,,,,,,,,,,,,,,,,,,,,,,,,,,,,,,,,,,,,,,,,,,,
130,64399,,,,,,,,,,,,,9.999999747378752e-06,9.999999747378752e-06,3.2325641541319783e-07,,,,,,,,,,,,,,,,,,,,,,,,,,,,,,,,,,,,,,,,,,,,,
130,64449,,,,,,,,,,,,,9.999999747378752e-06,9.999999747378752e-06,3.2325641541319783e-07,,,,,,,,,,,,,,,,,,,,,,,,,,,,,,,,,,,,,,,,,,,,,
130,64499,,,,,,,,,,,,,9.999999747378752e-06,9.999999747378752e-06,3.2325641541319783e-07,,,,,,,,,,,,,,,,,,,,,,,,,,,,,,,,,,,,,,,,,,,,,
130,64549,,,,,,,,,,,,,9.999999747378752e-06,9.999999747378752e-06,3.2325641541319783e-07,,,,,,,,,,,,,,,,,,,,,,,,,,,,,,,,,,,,,,,,,,,,,
130,64599,,,,,,,,,,,,,9.999999747378752e-06,9.999999747378752e-06,3.2325641541319783e-07,,,,,,,,,,,,,,,,,,,,,,,,,,,,,,,,,,,,,,,,,,,,,
130,64649,,,,,,,,,,,,,9.999999747378752e-06,9.999999747378752e-06,3.2325641541319783e-07,,,,,,,,,,,,,,,,,,,,,,,,,,,,,,,,,,,,,,,,,,,,,
130,64699,,,,,,,,,,,,,9.999999747378752e-06,9.999999747378752e-06,3.2325641541319783e-07,,,,,,,,,,,,,,,,,,,,,,,,,,,,,,,,,,,,,,,,,,,,,
130,64713,,,,,,,,,,,,,,,,0.9169816970825195,0.33111703395843506,0.3623400330543518,0.4346109628677368,0.5994346141815186,0.9208617210388184,0.9551340341567993,0.5887811183929443,0.42468154430389404,0.8566036224365234,0.4670586585998535,0.957691490650177,0.8457269072532654,1.0,0.9571975469589233,0.8568733930587769,0.8359830379486084,0.8731892704963684,0.9172053337097168,0.3292490839958191,0.3662956953048706,0.4327213168144226,0.5970051884651184,0.9190086722373962,0.95550936460495,0.5894584059715271,0.4354705810546875,0.8561779260635376,0.46515464782714844,0.9569923281669617,0.8456106185913086,1.0,0.9566249847412109,0.8578429818153381,0.8348212838172913,0.8801707625389099,0.7244204878807068,0.7601470947265625,0.8316462635993958,0.8801707625389099,0.7244204878807068,0.7601470947265625,0.8316462635993958,0.9036489725112915,0.8590839505195618
130,64713,33.954200744628906,34.047698974609375,33.957237243652344,34.09666061401367,-6.795411877646984e-07,1.0432316064834595,0.006118163466453552,0.026114922016859055,0.12819302082061768,0.4790761172771454,0.028805924579501152,0.1085924282670021,,,,,,,,,,,,,,,,,,,,,,,,,,,,,,,,,,,,,,,,,,,,,,,,
131,64749,,,,,,,,,,,,,9.999999747378752e-06,9.999999747378752e-06,3.2325641541319783e-07,,,,,,,,,,,,,,,,,,,,,,,,,,,,,,,,,,,,,,,,,,,,,
131,64799,,,,,,,,,,,,,9.999999747378752e-06,9.999999747378752e-06,3.2325641541319783e-07,,,,,,,,,,,,,,,,,,,,,,,,,,,,,,,,,,,,,,,,,,,,,
131,64849,,,,,,,,,,,,,9.999999747378752e-06,9.999999747378752e-06,3.2325641541319783e-07,,,,,,,,,,,,,,,,,,,,,,,,,,,,,,,,,,,,,,,,,,,,,
131,64899,,,,,,,,,,,,,9.999999747378752e-06,9.999999747378752e-06,3.2325641541319783e-07,,,,,,,,,,,,,,,,,,,,,,,,,,,,,,,,,,,,,,,,,,,,,
131,64949,,,,,,,,,,,,,9.999999747378752e-06,9.999999747378752e-06,3.2325641541319783e-07,,,,,,,,,,,,,,,,,,,,,,,,,,,,,,,,,,,,,,,,,,,,,
131,64999,,,,,,,,,,,,,9.999999747378752e-06,9.999999747378752e-06,3.2325641541319783e-07,,,,,,,,,,,,,,,,,,,,,,,,,,,,,,,,,,,,,,,,,,,,,
131,65049,,,,,,,,,,,,,9.999999747378752e-06,9.999999747378752e-06,3.2325641541319783e-07,,,,,,,,,,,,,,,,,,,,,,,,,,,,,,,,,,,,,,,,,,,,,
131,65099,,,,,,,,,,,,,9.999999747378752e-06,9.999999747378752e-06,3.2325641541319783e-07,,,,,,,,,,,,,,,,,,,,,,,,,,,,,,,,,,,,,,,,,,,,,
131,65149,,,,,,,,,,,,,9.999999747378752e-06,9.999999747378752e-06,3.2325641541319783e-07,,,,,,,,,,,,,,,,,,,,,,,,,,,,,,,,,,,,,,,,,,,,,
131,65199,,,,,,,,,,,,,9.999999747378752e-06,9.999999747378752e-06,3.2325641541319783e-07,,,,,,,,,,,,,,,,,,,,,,,,,,,,,,,,,,,,,,,,,,,,,
131,65207,,,,,,,,,,,,,,,,0.9181915521621704,0.3311302065849304,0.35959678888320923,0.4328930377960205,0.593313455581665,0.9191552400588989,0.9547948837280273,0.5919877886772156,0.42699873447418213,0.8568062782287598,0.4701508581638336,0.9571624994277954,0.8452681303024292,1.0,0.9564585089683533,0.8568369746208191,0.8354054093360901,0.8699331283569336,0.919177770614624,0.33301135897636414,0.35289791226387024,0.4330647587776184,0.5896217823028564,0.9193018674850464,0.9540804028511047,0.594517171382904,0.41852691769599915,0.8574345707893372,0.4751470685005188,0.9573327302932739,0.844925582408905,1.0,0.9562920331954956,0.8558309674263,0.8359895348548889,0.8800581097602844,0.7233619093894958,0.7637958526611328,0.8301165103912354,0.8800581097602844,0.7233619093894958,0.7637958526611328,0.8301165103912354,0.8923642039299011,0.8636226654052734
131,65207,33.954200744628906,34.05946350097656,33.9579963684082,34.094635009765625,-5.09655933456088e-07,1.0316258668899536,0.00602942006662488,0.02573270909488201,0.1274876445531845,0.47386646270751953,0.028498057276010513,0.10723210871219635,,,,,,,,,,,,,,,,,,,,,,,,,,,,,,,,,,,,,,,,,,,,,,,,
132,65249,,,,,,,,,,,,,9.999999747378752e-06,9.999999747378752e-06,3.2325641541319783e-07,,,,,,,,,,,,,,,,,,,,,,,,,,,,,,,,,,,,,,,,,,,,,
132,65299,,,,,,,,,,,,,9.999999747378752e-06,9.999999747378752e-06,3.2325641541319783e-07,,,,,,,,,,,,,,,,,,,,,,,,,,,,,,,,,,,,,,,,,,,,,
132,65349,,,,,,,,,,,,,9.999999747378752e-06,9.999999747378752e-06,3.2325641541319783e-07,,,,,,,,,,,,,,,,,,,,,,,,,,,,,,,,,,,,,,,,,,,,,
132,65399,,,,,,,,,,,,,9.999999747378752e-06,9.999999747378752e-06,3.2325641541319783e-07,,,,,,,,,,,,,,,,,,,,,,,,,,,,,,,,,,,,,,,,,,,,,
132,65449,,,,,,,,,,,,,9.999999747378752e-06,9.999999747378752e-06,3.2325641541319783e-07,,,,,,,,,,,,,,,,,,,,,,,,,,,,,,,,,,,,,,,,,,,,,
132,65499,,,,,,,,,,,,,9.999999747378752e-06,9.999999747378752e-06,3.2325641541319783e-07,,,,,,,,,,,,,,,,,,,,,,,,,,,,,,,,,,,,,,,,,,,,,
132,65549,,,,,,,,,,,,,9.999999747378752e-06,9.999999747378752e-06,3.2325641541319783e-07,,,,,,,,,,,,,,,,,,,,,,,,,,,,,,,,,,,,,,,,,,,,,
132,65599,,,,,,,,,,,,,9.999999747378752e-06,9.999999747378752e-06,3.2325641541319783e-07,,,,,,,,,,,,,,,,,,,,,,,,,,,,,,,,,,,,,,,,,,,,,
132,65649,,,,,,,,,,,,,9.999999747378752e-06,9.999999747378752e-06,3.2325641541319783e-07,,,,,,,,,,,,,,,,,,,,,,,,,,,,,,,,,,,,,,,,,,,,,
132,65699,,,,,,,,,,,,,9.999999747378752e-06,9.999999747378752e-06,3.2325641541319783e-07,,,,,,,,,,,,,,,,,,,,,,,,,,,,,,,,,,,,,,,,,,,,,
132,65701,,,,,,,,,,,,,,,,0.918953537940979,0.3307879865169525,0.35747188329696655,0.43236058950424194,0.5936171412467957,0.9206480979919434,0.9539609551429749,0.5916730165481567,0.4333885610103607,0.8571003675460815,0.48319441080093384,0.9585431218147278,0.8447611331939697,1.0,0.9559066891670227,0.855271577835083,0.8348241448402405,0.8707874417304993,0.9187293648719788,0.3285646140575409,0.36204588413238525,0.4316563904285431,0.5976125001907349,0.9219943284988403,0.953841507434845,0.5888289213180542,0.4482502043247223,0.8567661046981812,0.4912417232990265,0.9597535133361816,0.8445966243743896,1.0,0.9555213451385498,0.8547121286392212,0.833658754825592,0.8788473606109619,0.7263396382331848,0.7643705010414124,0.8355072140693665,0.8788473606109619,0.7263396382331848,0.7643705010414124,0.8355072140693665,0.8910956978797913,0.8658290505409241
132,65701,33.95407485961914,34.06022262573242,33.95976638793945,34.10804748535156,-6.177647264848929e-07,1.028559684753418,0.006005396600812674,0.02556629478931427,0.12703745067119598,0.47358497977256775,0.028323763981461525,0.10671558231115341,,,,,,,,,,,,,,,,,,,,,,,,,,,,,,,,,,,,,,,,,,,,,,,,
133,65749,,,,,,,,,,,,,9.999999747378752e-06,9.999999747378752e-06,3.2325641541319783e-07,,,,,,,,,,,,,,,,,,,,,,,,,,,,,,,,,,,,,,,,,,,,,
133,65799,,,,,,,,,,,,,9.999999747378752e-06,9.999999747378752e-06,3.2325641541319783e-07,,,,,,,,,,,,,,,,,,,,,,,,,,,,,,,,,,,,,,,,,,,,,
133,65849,,,,,,,,,,,,,9.999999747378752e-06,9.999999747378752e-06,3.2325641541319783e-07,,,,,,,,,,,,,,,,,,,,,,,,,,,,,,,,,,,,,,,,,,,,,
133,65899,,,,,,,,,,,,,9.999999747378752e-06,9.999999747378752e-06,3.2325641541319783e-07,,,,,,,,,,,,,,,,,,,,,,,,,,,,,,,,,,,,,,,,,,,,,
133,65949,,,,,,,,,,,,,9.999999747378752e-06,9.999999747378752e-06,3.2325641541319783e-07,,,,,,,,,,,,,,,,,,,,,,,,,,,,,,,,,,,,,,,,,,,,,
133,65999,,,,,,,,,,,,,9.999999747378752e-06,9.999999747378752e-06,3.2325641541319783e-07,,,,,,,,,,,,,,,,,,,,,,,,,,,,,,,,,,,,,,,,,,,,,
133,66049,,,,,,,,,,,,,9.999999747378752e-06,9.999999747378752e-06,3.2325641541319783e-07,,,,,,,,,,,,,,,,,,,,,,,,,,,,,,,,,,,,,,,,,,,,,
133,66099,,,,,,,,,,,,,9.999999747378752e-06,9.999999747378752e-06,3.2325641541319783e-07,,,,,,,,,,,,,,,,,,,,,,,,,,,,,,,,,,,,,,,,,,,,,
133,66149,,,,,,,,,,,,,9.999999747378752e-06,9.999999747378752e-06,3.2325641541319783e-07,,,,,,,,,,,,,,,,,,,,,,,,,,,,,,,,,,,,,,,,,,,,,
133,66195,,,,,,,,,,,,,,,,0.9189097881317139,0.3339868187904358,0.35836100578308105,0.4356018304824829,0.5919845104217529,0.9215620756149292,0.9542679786682129,0.5884544849395752,0.433241605758667,0.8567086458206177,0.4930321276187897,0.9601399898529053,0.8446680307388306,1.0,0.9565924406051636,0.8566586375236511,0.8337676525115967,0.869114875793457,0.9190901517868042,0.3394090533256531,0.35467609763145447,0.43954727053642273,0.5863564610481262,0.9211298823356628,0.9546944499015808,0.5880799889564514,0.4182330071926117,0.856651246547699,0.49482253193855286,0.9605265259742737,0.8447393774986267,1.0,0.9576635956764221,0.858605146408081,0.8338766098022461,0.8796443343162537,0.7251824140548706,0.7614887356758118,0.8312361240386963,0.8796443343162537,0.7251824140548706,0.7614887356758118,0.8312361240386963,0.8883746266365051,0.8642057180404663
133,66195,33.95280838012695,34.05136489868164,33.957237243652344,34.10842514038086,-6.949853172955045e-07,1.0190317630767822,0.005988376680761576,0.025372134521603584,0.12616276741027832,0.4678720235824585,0.028185250237584114,0.1059119924902916,,,,,,,,,,,,,,,,,,,,,,,,,,,,,,,,,,,,,,,,,,,,,,,,
134,66199,,,,,,,,,,,,,9.999999747378752e-06,9.999999747378752e-06,3.2325641541319783e-07,,,,,,,,,,,,,,,,,,,,,,,,,,,,,,,,,,,,,,,,,,,,,
134,66249,,,,,,,,,,,,,9.999999747378752e-06,9.999999747378752e-06,3.2325641541319783e-07,,,,,,,,,,,,,,,,,,,,,,,,,,,,,,,,,,,,,,,,,,,,,
134,66299,,,,,,,,,,,,,9.999999747378752e-06,9.999999747378752e-06,3.2325641541319783e-07,,,,,,,,,,,,,,,,,,,,,,,,,,,,,,,,,,,,,,,,,,,,,
134,66349,,,,,,,,,,,,,9.999999747378752e-06,9.999999747378752e-06,3.2325641541319783e-07,,,,,,,,,,,,,,,,,,,,,,,,,,,,,,,,,,,,,,,,,,,,,
134,66399,,,,,,,,,,,,,9.999999747378752e-06,9.999999747378752e-06,3.2325641541319783e-07,,,,,,,,,,,,,,,,,,,,,,,,,,,,,,,,,,,,,,,,,,,,,
134,66449,,,,,,,,,,,,,9.999999747378752e-06,9.999999747378752e-06,3.2325641541319783e-07,,,,,,,,,,,,,,,,,,,,,,,,,,,,,,,,,,,,,,,,,,,,,
134,66499,,,,,,,,,,,,,9.999999747378752e-06,9.999999747378752e-06,3.2325641541319783e-07,,,,,,,,,,,,,,,,,,,,,,,,,,,,,,,,,,,,,,,,,,,,,
134,66549,,,,,,,,,,,,,9.999999747378752e-06,9.999999747378752e-06,3.2325641541319783e-07,,,,,,,,,,,,,,,,,,,,,,,,,,,,,,,,,,,,,,,,,,,,,
134,66599,,,,,,,,,,,,,9.999999747378752e-06,9.999999747378752e-06,3.2325641541319783e-07,,,,,,,,,,,,,,,,,,,,,,,,,,,,,,,,,,,,,,,,,,,,,
134,66649,,,,,,,,,,,,,9.999999747378752e-06,9.999999747378752e-06,3.2325641541319783e-07,,,,,,,,,,,,,,,,,,,,,,,,,,,,,,,,,,,,,,,,,,,,,
134,66689,,,,,,,,,,,,,,,,0.9195719361305237,0.3391159474849701,0.35574057698249817,0.44032716751098633,0.5901244878768921,0.9223710298538208,0.9552731513977051,0.5850054025650024,0.41795751452445984,0.8555792570114136,0.49132204055786133,0.9603008031845093,0.8443507552146912,1.0,0.9568796157836914,0.8585912585258484,0.8334075808525085,0.8726624846458435,0.9200537204742432,0.3388228416442871,0.35680505633354187,0.44110703468322754,0.593892514705658,0.923612117767334,0.9558519124984741,0.5819308757781982,0.417682021856308,0.8545072674751282,0.4878215789794922,0.9600750207901001,0.8439621329307556,1.0,0.9560955762863159,0.8585773706436157,0.832938551902771,0.8803707361221313,0.7249256372451782,0.7570523023605347,0.8302835822105408,0.8803707361221313,0.7249256372451782,0.7570523023605347,0.8302835822105408,0.8880450129508972,0.8714496493339539
134,66689,33.953948974609375,34.0694580078125,33.95926284790039,34.13790512084961,-4.6332354486366967e-07,1.0186166763305664,0.005984990391880274,0.02539277821779251,0.12622755765914917,0.4681088924407959,0.028095660731196404,0.10559986531734467,,,,,,,,,,,,,,,,,,,,,,,,,,,,,,,,,,,,,,,,,,,,,,,,
135,66699,,,,,,,,,,,,,9.999999747378752e-06,9.999999747378752e-06,3.2325641541319783e-07,,,,,,,,,,,,,,,,,,,,,,,,,,,,,,,,,,,,,,,,,,,,,
135,66749,,,,,,,,,,,,,9.999999747378752e-06,9.999999747378752e-06,3.2325641541319783e-07,,,,,,,,,,,,,,,,,,,,,,,,,,,,,,,,,,,,,,,,,,,,,
135,66799,,,,,,,,,,,,,9.999999747378752e-06,9.999999747378752e-06,3.2325641541319783e-07,,,,,,,,,,,,,,,,,,,,,,,,,,,,,,,,,,,,,,,,,,,,,
135,66849,,,,,,,,,,,,,9.999999747378752e-06,9.999999747378752e-06,3.2325641541319783e-07,,,,,,,,,,,,,,,,,,,,,,,,,,,,,,,,,,,,,,,,,,,,,
135,66899,,,,,,,,,,,,,9.999999747378752e-06,9.999999747378752e-06,3.2325641541319783e-07,,,,,,,,,,,,,,,,,,,,,,,,,,,,,,,,,,,,,,,,,,,,,
135,66949,,,,,,,,,,,,,9.999999747378752e-06,9.999999747378752e-06,3.2325641541319783e-07,,,,,,,,,,,,,,,,,,,,,,,,,,,,,,,,,,,,,,,,,,,,,
135,66999,,,,,,,,,,,,,9.999999747378752e-06,9.999999747378752e-06,3.2325641541319783e-07,,,,,,,,,,,,,,,,,,,,,,,,,,,,,,,,,,,,,,,,,,,,,
135,67049,,,,,,,,,,,,,9.999999747378752e-06,9.999999747378752e-06,3.2325641541319783e-07,,,,,,,,,,,,,,,,,,,,,,,,,,,,,,,,,,,,,,,,,,,,,
135,67099,,,,,,,,,,,,,9.999999747378752e-06,9.999999747378752e-06,3.2325641541319783e-07,,,,,,,,,,,,,,,,,,,,,,,,,,,,,,,,,,,,,,,,,,,,,
135,67149,,,,,,,,,,,,,9.999999747378752e-06,9.999999747378752e-06,3.2325641541319783e-07,,,,,,,,,,,,,,,,,,,,,,,,,,,,,,,,,,,,,,,,,,,,,
135,67183,,,,,,,,,,,,,,,,0.9191185235977173,0.3384988009929657,0.3582308888435364,0.44262540340423584,0.5943402051925659,0.9213505983352661,0.9547613263130188,0.5851455926895142,0.424756795167923,0.8534659147262573,0.4891608655452728,0.9604290723800659,0.843590497970581,1.0,0.9571805000305176,0.857520580291748,0.8314183950424194,0.87253338098526,0.9181833267211914,0.3381747603416443,0.3596567213535309,0.44414380192756653,0.5947879552841187,0.9190890789031982,0.9536707401275635,0.5883603692054749,0.43183156847953796,0.8524245619773865,0.49050015211105347,0.960783064365387,0.8432188630104065,1.0,0.958265483379364,0.8564637303352356,0.8298982381820679,0.881406307220459,0.7258501648902893,0.7639038562774658,0.8346713185310364,0.881406307220459,0.7258501648902893,0.7639038562774658,0.8346713185310364,0.9069738984107971,0.8568110466003418
135,67183,33.95331573486328,34.046180725097656,33.95711135864258,34.12133026123047,-2.3166177243183483e-07,1.0155153274536133,0.0059313345700502396,0.025230631232261658,0.12563934922218323,0.46727627515792847,0.028054064139723778,0.10534075647592545,,,,,,,,,,,,,,,,,,,,,,,,,,,,,,,,,,,,,,,,,,,,,,,,
136,67199,,,,,,,,,,,,,9.999999747378752e-06,9.999999747378752e-06,3.2325641541319783e-07,,,,,,,,,,,,,,,,,,,,,,,,,,,,,,,,,,,,,,,,,,,,,
136,67249,,,,,,,,,,,,,9.999999747378752e-06,9.999999747378752e-06,3.2325641541319783e-07,,,,,,,,,,,,,,,,,,,,,,,,,,,,,,,,,,,,,,,,,,,,,
136,67299,,,,,,,,,,,,,9.999999747378752e-06,9.999999747378752e-06,3.2325641541319783e-07,,,,,,,,,,,,,,,,,,,,,,,,,,,,,,,,,,,,,,,,,,,,,
136,67349,,,,,,,,,,,,,9.999999747378752e-06,9.999999747378752e-06,3.2325641541319783e-07,,,,,,,,,,,,,,,,,,,,,,,,,,,,,,,,,,,,,,,,,,,,,
136,67399,,,,,,,,,,,,,9.999999747378752e-06,9.999999747378752e-06,3.2325641541319783e-07,,,,,,,,,,,,,,,,,,,,,,,,,,,,,,,,,,,,,,,,,,,,,
136,67449,,,,,,,,,,,,,9.999999747378752e-06,9.999999747378752e-06,3.2325641541319783e-07,,,,,,,,,,,,,,,,,,,,,,,,,,,,,,,,,,,,,,,,,,,,,
136,67499,,,,,,,,,,,,,9.999999747378752e-06,9.999999747378752e-06,3.2325641541319783e-07,,,,,,,,,,,,,,,,,,,,,,,,,,,,,,,,,,,,,,,,,,,,,
136,67549,,,,,,,,,,,,,9.999999747378752e-06,9.999999747378752e-06,3.2325641541319783e-07,,,,,,,,,,,,,,,,,,,,,,,,,,,,,,,,,,,,,,,,,,,,,
136,67599,,,,,,,,,,,,,9.999999747378752e-06,9.999999747378752e-06,3.2325641541319783e-07,,,,,,,,,,,,,,,,,,,,,,,,,,,,,,,,,,,,,,,,,,,,,
136,67649,,,,,,,,,,,,,9.999999747378752e-06,9.999999747378752e-06,3.2325641541319783e-07,,,,,,,,,,,,,,,,,,,,,,,,,,,,,,,,,,,,,,,,,,,,,
136,67677,,,,,,,,,,,,,,,,0.916632890701294,0.3416065275669098,0.3593009114265442,0.4485512971878052,0.5987053513526917,0.9174591302871704,0.9533296227455139,0.5871240496635437,0.4307124614715576,0.8518713116645813,0.490579217672348,0.9606586694717407,0.8437302112579346,1.0,0.958053469657898,0.8579116463661194,0.8305535912513733,0.8696942925453186,0.9150823950767517,0.3450382947921753,0.3589451313018799,0.45295876264572144,0.6026227474212646,0.9158291816711426,0.9529885053634644,0.5858877301216125,0.4295933246612549,0.8513180613517761,0.4906582832336426,0.9605342745780945,0.8442415595054626,1.0,0.9578413963317871,0.8593595623970032,0.8312089443206787,0.8806509375572205,0.7267122268676758,0.7620829939842224,0.8383800387382507,0.8806509375572205,0.7267122268676758,0.7620829939842224,0.8383800387382507,0.8929382562637329,0.8613095283508301
136,67677,33.954200744628906,34.05187225341797,33.9583740234375,34.126895904541016,-7.413177058879228e-07,1.0063540935516357,0.005909236613661051,0.025290239602327347,0.12388891726732254,0.4630657136440277,0.02753352001309395,0.10416774451732635,,,,,,,,,,,,,,,,,,,,,,,,,,,,,,,,,,,,,,,,,,,,,,,,
137,67699,,,,,,,,,,,,,9.999999747378752e-06,9.999999747378752e-06,3.2325641541319783e-07,,,,,,,,,,,,,,,,,,,,,,,,,,,,,,,,,,,,,,,,,,,,,
137,67749,,,,,,,,,,,,,9.999999747378752e-06,9.999999747378752e-06,3.2325641541319783e-07,,,,,,,,,,,,,,,,,,,,,,,,,,,,,,,,,,,,,,,,,,,,,
137,67799,,,,,,,,,,,,,9.999999747378752e-06,9.999999747378752e-06,3.2325641541319783e-07,,,,,,,,,,,,,,,,,,,,,,,,,,,,,,,,,,,,,,,,,,,,,
137,67849,,,,,,,,,,,,,9.999999747378752e-06,9.999999747378752e-06,3.2325641541319783e-07,,,,,,,,,,,,,,,,,,,,,,,,,,,,,,,,,,,,,,,,,,,,,
137,67899,,,,,,,,,,,,,9.999999747378752e-06,9.999999747378752e-06,3.2325641541319783e-07,,,,,,,,,,,,,,,,,,,,,,,,,,,,,,,,,,,,,,,,,,,,,
137,67949,,,,,,,,,,,,,9.999999747378752e-06,9.999999747378752e-06,3.2325641541319783e-07,,,,,,,,,,,,,,,,,,,,,,,,,,,,,,,,,,,,,,,,,,,,,
137,67999,,,,,,,,,,,,,9.999999747378752e-06,9.999999747378752e-06,3.2325641541319783e-07,,,,,,,,,,,,,,,,,,,,,,,,,,,,,,,,,,,,,,,,,,,,,
137,68049,,,,,,,,,,,,,9.999999747378752e-06,9.999999747378752e-06,3.2325641541319783e-07,,,,,,,,,,,,,,,,,,,,,,,,,,,,,,,,,,,,,,,,,,,,,
137,68099,,,,,,,,,,,,,9.999999747378752e-06,9.999999747378752e-06,3.2325641541319783e-07,,,,,,,,,,,,,,,,,,,,,,,,,,,,,,,,,,,,,,,,,,,,,
137,68149,,,,,,,,,,,,,9.999999747378752e-06,9.999999747378752e-06,3.2325641541319783e-07,,,,,,,,,,,,,,,,,,,,,,,,,,,,,,,,,,,,,,,,,,,,,
137,68171,,,,,,,,,,,,,,,,0.9142806529998779,0.341913104057312,0.35595205426216125,0.45384931564331055,0.5935202836990356,0.9170186519622803,0.9533650875091553,0.5863258838653564,0.4369892477989197,0.850399911403656,0.48875892162323,0.9590893983840942,0.8441880941390991,1.0,0.957131564617157,0.8573079705238342,0.8302205801010132,0.8676779866218567,0.9134789109230042,0.33878791332244873,0.3529589772224426,0.45473986864089966,0.5844178199768066,0.9182080626487732,0.953741729259491,0.5867640376091003,0.44438520073890686,0.8494817614555359,0.486859530210495,0.9576445817947388,0.8441346883773804,1.0,0.9564217329025269,0.8552563786506653,0.8292322754859924,0.8781511187553406,0.7250890135765076,0.7594729661941528,0.8304468989372253,0.8781511187553406,0.7250890135765076,0.7594729661941528,0.8304468989372253,0.8935523629188538,0.8593495488166809
137,68171,33.95116424560547,34.036563873291016,33.954959869384766,34.11234664916992,-5.868765242666996e-07,1.00177800655365,0.005866332445293665,0.02508682943880558,0.12395928800106049,0.4610244929790497,0.027478361502289772,0.10353582352399826,,,,,,,,,,,,,,,,,,,,,,,,,,,,,,,,,,,,,,,,,,,,,,,,
138,68199,,,,,,,,,,,,,9.999999747378752e-06,9.999999747378752e-06,3.2325641541319783e-07,,,,,,,,,,,,,,,,,,,,,,,,,,,,,,,,,,,,,,,,,,,,,
138,68249,,,,,,,,,,,,,9.999999747378752e-06,9.999999747378752e-06,3.2325641541319783e-07,,,,,,,,,,,,,,,,,,,,,,,,,,,,,,,,,,,,,,,,,,,,,
138,68299,,,,,,,,,,,,,9.999999747378752e-06,9.999999747378752e-06,3.2325641541319783e-07,,,,,,,,,,,,,,,,,,,,,,,,,,,,,,,,,,,,,,,,,,,,,
138,68349,,,,,,,,,,,,,9.999999747378752e-06,9.999999747378752e-06,3.2325641541319783e-07,,,,,,,,,,,,,,,,,,,,,,,,,,,,,,,,,,,,,,,,,,,,,
138,68399,,,,,,,,,,,,,9.999999747378752e-06,9.999999747378752e-06,3.2325641541319783e-07,,,,,,,,,,,,,,,,,,,,,,,,,,,,,,,,,,,,,,,,,,,,,
138,68449,,,,,,,,,,,,,9.999999747378752e-06,9.999999747378752e-06,3.2325641541319783e-07,,,,,,,,,,,,,,,,,,,,,,,,,,,,,,,,,,,,,,,,,,,,,
138,68499,,,,,,,,,,,,,9.999999747378752e-06,9.999999747378752e-06,3.2325641541319783e-07,,,,,,,,,,,,,,,,,,,,,,,,,,,,,,,,,,,,,,,,,,,,,
138,68549,,,,,,,,,,,,,9.999999747378752e-06,9.999999747378752e-06,3.2325641541319783e-07,,,,,,,,,,,,,,,,,,,,,,,,,,,,,,,,,,,,,,,,,,,,,
138,68599,,,,,,,,,,,,,9.999999747378752e-06,9.999999747378752e-06,3.2325641541319783e-07,,,,,,,,,,,,,,,,,,,,,,,,,,,,,,,,,,,,,,,,,,,,,
138,68649,,,,,,,,,,,,,9.999999747378752e-06,9.999999747378752e-06,3.2325641541319783e-07,,,,,,,,,,,,,,,,,,,,,,,,,,,,,,,,,,,,,,,,,,,,,
138,68665,,,,,,,,,,,,,,,,0.9132295846939087,0.34296658635139465,0.3584432005882263,0.45257455110549927,0.5743200778961182,0.918311595916748,0.9534547328948975,0.5875952243804932,0.43336889147758484,0.8505302667617798,0.4872758984565735,0.9585904479026794,0.8447252511978149,1.0,0.9562503099441528,0.8577114939689636,0.8295056819915771,0.8655471205711365,0.9129802584648132,0.3471452593803406,0.3639274537563324,0.45040926337242126,0.5642222762107849,0.9184151291847229,0.9531677961349487,0.588426411151886,0.4223525822162628,0.8515787720680237,0.48769229650497437,0.9595363140106201,0.8453158140182495,1.0,0.9560788869857788,0.860166609287262,0.8297790884971619,0.8783271312713623,0.7241879105567932,0.7598764300346375,0.8351882696151733,0.8783271312713623,0.7241879105567932,0.7598764300346375,0.8351882696151733,0.8924020528793335,0.8562549948692322
138,68665,33.95407485961914,34.06844711303711,33.95711135864258,34.1041259765625,-4.47879443754573e-07,0.9929896593093872,0.00582182127982378,0.02474280446767807,0.1232074424624443,0.45739030838012695,0.02722424454987049,0.10256025940179825,,,,,,,,,,,,,,,,,,,,,,,,,,,,,,,,,,,,,,,,,,,,,,,,
139,68699,,,,,,,,,,,,,9.999999747378752e-06,9.999999747378752e-06,3.2325641541319783e-07,,,,,,,,,,,,,,,,,,,,,,,,,,,,,,,,,,,,,,,,,,,,,
139,68749,,,,,,,,,,,,,9.999999747378752e-06,9.999999747378752e-06,3.2325641541319783e-07,,,,,,,,,,,,,,,,,,,,,,,,,,,,,,,,,,,,,,,,,,,,,
139,68799,,,,,,,,,,,,,9.999999747378752e-06,9.999999747378752e-06,3.2325641541319783e-07,,,,,,,,,,,,,,,,,,,,,,,,,,,,,,,,,,,,,,,,,,,,,
139,68849,,,,,,,,,,,,,9.999999747378752e-06,9.999999747378752e-06,3.2325641541319783e-07,,,,,,,,,,,,,,,,,,,,,,,,,,,,,,,,,,,,,,,,,,,,,
139,68899,,,,,,,,,,,,,9.999999747378752e-06,9.999999747378752e-06,3.2325641541319783e-07,,,,,,,,,,,,,,,,,,,,,,,,,,,,,,,,,,,,,,,,,,,,,
139,68949,,,,,,,,,,,,,9.999999747378752e-06,9.999999747378752e-06,3.2325641541319783e-07,,,,,,,,,,,,,,,,,,,,,,,,,,,,,,,,,,,,,,,,,,,,,
139,68999,,,,,,,,,,,,,9.999999747378752e-06,9.999999747378752e-06,3.2325641541319783e-07,,,,,,,,,,,,,,,,,,,,,,,,,,,,,,,,,,,,,,,,,,,,,
139,69049,,,,,,,,,,,,,9.999999747378752e-06,9.999999747378752e-06,3.2325641541319783e-07,,,,,,,,,,,,,,,,,,,,,,,,,,,,,,,,,,,,,,,,,,,,,
139,69099,,,,,,,,,,,,,9.999999747378752e-06,9.999999747378752e-06,3.2325641541319783e-07,,,,,,,,,,,,,,,,,,,,,,,,,,,,,,,,,,,,,,,,,,,,,
139,69149,,,,,,,,,,,,,9.999999747378752e-06,9.999999747378752e-06,3.2325641541319783e-07,,,,,,,,,,,,,,,,,,,,,,,,,,,,,,,,,,,,,,,,,,,,,
139,69159,,,,,,,,,,,,,,,,0.9143397808074951,0.35024046897888184,0.36617380380630493,0.4495583176612854,0.5768498182296753,0.9194518327713013,0.9534477591514587,0.5895618200302124,0.4180957078933716,0.8521637916564941,0.48694300651550293,0.960222601890564,0.8453048467636108,1.0,0.9550150632858276,0.8585885763168335,0.8306398391723633,0.8726875185966492,0.9156993627548218,0.3533356785774231,0.3684201240539551,0.44870737195014954,0.5894773602485657,0.9204884767532349,0.9537277221679688,0.5906972289085388,0.41383880376815796,0.8527487516403198,0.4861937165260315,0.960908830165863,0.8452938795089722,1.0,0.9539512395858765,0.8570106029510498,0.8315005898475647,0.8834710717201233,0.7260000109672546,0.7602370977401733,0.8325231671333313,0.8834710717201233,0.7260000109672546,0.7602370977401733,0.8325231671333313,0.8966359496116638,0.8651229739189148
139,69159,33.952049255371094,34.030616760253906,33.95812225341797,34.09678649902344,-6.177647264848929e-07,0.9856936931610107,0.00579710491001606,0.02461162582039833,0.12227961421012878,0.4540778696537018,0.027008332312107086,0.10163800418376923,,,,,,,,,,,,,,,,,,,,,,,,,,,,,,,,,,,,,,,,,,,,,,,,
140,69199,,,,,,,,,,,,,9.999999747378752e-06,9.999999747378752e-06,3.2325641541319783e-07,,,,,,,,,,,,,,,,,,,,,,,,,,,,,,,,,,,,,,,,,,,,,
140,69249,,,,,,,,,,,,,9.999999747378752e-06,9.999999747378752e-06,3.2325641541319783e-07,,,,,,,,,,,,,,,,,,,,,,,,,,,,,,,,,,,,,,,,,,,,,
140,69299,,,,,,,,,,,,,9.999999747378752e-06,9.999999747378752e-06,3.2325641541319783e-07,,,,,,,,,,,,,,,,,,,,,,,,,,,,,,,,,,,,,,,,,,,,,
140,69349,,,,,,,,,,,,,9.999999747378752e-06,9.999999747378752e-06,3.2325641541319783e-07,,,,,,,,,,,,,,,,,,,,,,,,,,,,,,,,,,,,,,,,,,,,,
140,69399,,,,,,,,,,,,,9.999999747378752e-06,9.999999747378752e-06,3.2325641541319783e-07,,,,,,,,,,,,,,,,,,,,,,,,,,,,,,,,,,,,,,,,,,,,,
140,69449,,,,,,,,,,,,,9.999999747378752e-06,9.999999747378752e-06,3.2325641541319783e-07,,,,,,,,,,,,,,,,,,,,,,,,,,,,,,,,,,,,,,,,,,,,,
140,69499,,,,,,,,,,,,,9.999999747378752e-06,9.999999747378752e-06,3.2325641541319783e-07,,,,,,,,,,,,,,,,,,,,,,,,,,,,,,,,,,,,,,,,,,,,,
140,69549,,,,,,,,,,,,,9.999999747378752e-06,9.999999747378752e-06,3.2325641541319783e-07,,,,,,,,,,,,,,,,,,,,,,,,,,,,,,,,,,,,,,,,,,,,,
140,69599,,,,,,,,,,,,,9.999999747378752e-06,9.999999747378752e-06,3.2325641541319783e-07,,,,,,,,,,,,,,,,,,,,,,,,,,,,,,,,,,,,,,,,,,,,,
140,69649,,,,,,,,,,,,,9.999999747378752e-06,9.999999747378752e-06,3.2325641541319783e-07,,,,,,,,,,,,,,,,,,,,,,,,,,,,,,,,,,,,,,,,,,,,,
140,69653,,,,,,,,,,,,,,,,0.9154373407363892,0.3473450541496277,0.37005722522735596,0.44659000635147095,0.598914623260498,0.9204872846603394,0.9536778926849365,0.5888954997062683,0.4163634181022644,0.8516570329666138,0.4829891324043274,0.9590861201286316,0.8446927666664124,1.0,0.9544477462768555,0.8576260209083557,0.830707311630249,0.8732326626777649,0.9151753783226013,0.34135445952415466,0.3716943562030792,0.44447267055511475,0.6083519458770752,0.9204860925674438,0.9536280632019043,0.5870937705039978,0.41888806223869324,0.8505652546882629,0.4797845184803009,0.9572634100914001,0.8440916538238525,1.0,0.9549441933631897,0.8582414388656616,0.8299140334129333,0.8837798833847046,0.725644052028656,0.7673691511154175,0.8323996663093567,0.8837798833847046,0.725644052028656,0.7673691511154175,0.8323996663093567,0.895439088344574,0.8651391267776489
140,69653,33.95445251464844,34.037322998046875,33.95331573486328,34.07160949707031,-7.413177058879228e-07,0.9824039936065674,0.005751028656959534,0.02464419975876808,0.12168943881988525,0.4520275294780731,0.026847301051020622,0.10150794684886932,,,,,,,,,,,,,,,,,,,,,,,,,,,,,,,,,,,,,,,,,,,,,,,,
141,69699,,,,,,,,,,,,,9.999999747378752e-06,9.999999747378752e-06,3.2325641541319783e-07,,,,,,,,,,,,,,,,,,,,,,,,,,,,,,,,,,,,,,,,,,,,,
141,69749,,,,,,,,,,,,,9.999999747378752e-06,9.999999747378752e-06,3.2325641541319783e-07,,,,,,,,,,,,,,,,,,,,,,,,,,,,,,,,,,,,,,,,,,,,,
141,69799,,,,,,,,,,,,,9.999999747378752e-06,9.999999747378752e-06,3.2325641541319783e-07,,,,,,,,,,,,,,,,,,,,,,,,,,,,,,,,,,,,,,,,,,,,,
141,69849,,,,,,,,,,,,,9.999999747378752e-06,9.999999747378752e-06,3.2325641541319783e-07,,,,,,,,,,,,,,,,,,,,,,,,,,,,,,,,,,,,,,,,,,,,,
141,69899,,,,,,,,,,,,,9.999999747378752e-06,9.999999747378752e-06,3.2325641541319783e-07,,,,,,,,,,,,,,,,,,,,,,,,,,,,,,,,,,,,,,,,,,,,,
141,69949,,,,,,,,,,,,,9.999999747378752e-06,9.999999747378752e-06,3.2325641541319783e-07,,,,,,,,,,,,,,,,,,,,,,,,,,,,,,,,,,,,,,,,,,,,,
141,69999,,,,,,,,,,,,,9.999999747378752e-06,9.999999747378752e-06,3.2325641541319783e-07,,,,,,,,,,,,,,,,,,,,,,,,,,,,,,,,,,,,,,,,,,,,,
141,70049,,,,,,,,,,,,,9.999999747378752e-06,9.999999747378752e-06,3.2325641541319783e-07,,,,,,,,,,,,,,,,,,,,,,,,,,,,,,,,,,,,,,,,,,,,,
141,70099,,,,,,,,,,,,,9.999999747378752e-06,9.999999747378752e-06,3.2325641541319783e-07,,,,,,,,,,,,,,,,,,,,,,,,,,,,,,,,,,,,,,,,,,,,,
141,70147,,,,,,,,,,,,,,,,0.9149998426437378,0.3417181372642517,0.37274378538131714,0.44807276129722595,0.6057412624359131,0.9183075428009033,0.9542202949523926,0.5869780778884888,0.4266132712364197,0.8524680137634277,0.48474305868148804,0.9574464559555054,0.8435069918632507,1.0,0.9545025825500488,0.8574657440185547,0.8295676112174988,0.8710875511169434,0.914824366569519,0.34208178520202637,0.37379324436187744,0.45167285203933716,0.6031305193901062,0.9161290526390076,0.9548125267028809,0.5868624448776245,0.4343384802341461,0.8543708324432373,0.48970159888267517,0.9576295614242554,0.8429223299026489,1.0,0.9540610313415527,0.8566901087760925,0.8292211890220642,0.8836353421211243,0.7271906733512878,0.7659716010093689,0.8352142572402954,0.8836353421211243,0.7271906733512878,0.7659716010093689,0.8352142572402954,0.8940733075141907,0.8627548217773438
141,70147,33.95660400390625,34.04288864135742,33.95964050292969,34.094886779785156,-4.942118039252819e-07,0.981301486492157,0.005778694991022348,0.024464115500450134,0.12216480821371078,0.45171085000038147,0.026963982731103897,0.10114196687936783,,,,,,,,,,,,,,,,,,,,,,,,,,,,,,,,,,,,,,,,,,,,,,,,
142,70149,,,,,,,,,,,,,9.999999747378752e-06,9.999999747378752e-06,3.2325641541319783e-07,,,,,,,,,,,,,,,,,,,,,,,,,,,,,,,,,,,,,,,,,,,,,
142,70199,,,,,,,,,,,,,9.999999747378752e-06,9.999999747378752e-06,3.2325641541319783e-07,,,,,,,,,,,,,,,,,,,,,,,,,,,,,,,,,,,,,,,,,,,,,
142,70249,,,,,,,,,,,,,9.999999747378752e-06,9.999999747378752e-06,3.2325641541319783e-07,,,,,,,,,,,,,,,,,,,,,,,,,,,,,,,,,,,,,,,,,,,,,
142,70299,,,,,,,,,,,,,9.999999747378752e-06,9.999999747378752e-06,3.2325641541319783e-07,,,,,,,,,,,,,,,,,,,,,,,,,,,,,,,,,,,,,,,,,,,,,
142,70349,,,,,,,,,,,,,9.999999747378752e-06,9.999999747378752e-06,3.2325641541319783e-07,,,,,,,,,,,,,,,,,,,,,,,,,,,,,,,,,,,,,,,,,,,,,
142,70399,,,,,,,,,,,,,9.999999747378752e-06,9.999999747378752e-06,3.2325641541319783e-07,,,,,,,,,,,,,,,,,,,,,,,,,,,,,,,,,,,,,,,,,,,,,
142,70449,,,,,,,,,,,,,9.999999747378752e-06,9.999999747378752e-06,3.2325641541319783e-07,,,,,,,,,,,,,,,,,,,,,,,,,,,,,,,,,,,,,,,,,,,,,
142,70499,,,,,,,,,,,,,9.999999747378752e-06,9.999999747378752e-06,3.2325641541319783e-07,,,,,,,,,,,,,,,,,,,,,,,,,,,,,,,,,,,,,,,,,,,,,
142,70549,,,,,,,,,,,,,9.999999747378752e-06,9.999999747378752e-06,3.2325641541319783e-07,,,,,,,,,,,,,,,,,,,,,,,,,,,,,,,,,,,,,,,,,,,,,
142,70599,,,,,,,,,,,,,9.999999747378752e-06,9.999999747378752e-06,3.2325641541319783e-07,,,,,,,,,,,,,,,,,,,,,,,,,,,,,,,,,,,,,,,,,,,,,
142,70641,,,,,,,,,,,,,,,,0.9128252267837524,0.34274667501449585,0.37522217631340027,0.45012471079826355,0.6031934022903442,0.9172526597976685,0.9541395902633667,0.5844574570655823,0.43433213233947754,0.8521280884742737,0.48942798376083374,0.9563832879066467,0.8429983854293823,1.0,0.9541852474212646,0.8573058843612671,0.8273906707763672,0.8707675337791443,0.9108260869979858,0.34341156482696533,0.3766511082649231,0.44857656955718994,0.6032562255859375,0.9183762669563293,0.9534665942192078,0.58205246925354,0.43432578444480896,0.8498853445053101,0.4891543388366699,0.9551370143890381,0.8430745005607605,1.0,0.9543094635009766,0.8579216599464417,0.8255601525306702,0.8812174797058105,0.7262344360351562,0.7686163783073425,0.8300324082374573,0.8812174797058105,0.7262344360351562,0.7686163783073425,0.8300324082374573,0.9023325443267822,0.8571721315383911
142,70641,33.95255661010742,34.04908752441406,33.95761489868164,34.064395904541016,-4.6332354486366967e-07,0.970413088798523,0.005704368930310011,0.024083610624074936,0.12099660933017731,0.4471800923347473,0.026680869981646538,0.09996752440929413,,,,,,,,,,,,,,,,,,,,,,,,,,,,,,,,,,,,,,,,,,,,,,,,
143,70649,,,,,,,,,,,,,9.999999747378752e-06,9.999999747378752e-06,3.2325641541319783e-07,,,,,,,,,,,,,,,,,,,,,,,,,,,,,,,,,,,,,,,,,,,,,
143,70699,,,,,,,,,,,,,9.999999747378752e-06,9.999999747378752e-06,3.2325641541319783e-07,,,,,,,,,,,,,,,,,,,,,,,,,,,,,,,,,,,,,,,,,,,,,
143,70749,,,,,,,,,,,,,9.999999747378752e-06,9.999999747378752e-06,3.2325641541319783e-07,,,,,,,,,,,,,,,,,,,,,,,,,,,,,,,,,,,,,,,,,,,,,
143,70799,,,,,,,,,,,,,9.999999747378752e-06,9.999999747378752e-06,3.2325641541319783e-07,,,,,,,,,,,,,,,,,,,,,,,,,,,,,,,,,,,,,,,,,,,,,
143,70849,,,,,,,,,,,,,9.999999747378752e-06,9.999999747378752e-06,3.2325641541319783e-07,,,,,,,,,,,,,,,,,,,,,,,,,,,,,,,,,,,,,,,,,,,,,
143,70899,,,,,,,,,,,,,9.999999747378752e-06,9.999999747378752e-06,3.2325641541319783e-07,,,,,,,,,,,,,,,,,,,,,,,,,,,,,,,,,,,,,,,,,,,,,
143,70949,,,,,,,,,,,,,9.999999747378752e-06,9.999999747378752e-06,3.2325641541319783e-07,,,,,,,,,,,,,,,,,,,,,,,,,,,,,,,,,,,,,,,,,,,,,
143,70999,,,,,,,,,,,,,9.999999747378752e-06,9.999999747378752e-06,3.2325641541319783e-07,,,,,,,,,,,,,,,,,,,,,,,,,,,,,,,,,,,,,,,,,,,,,
143,71049,,,,,,,,,,,,,9.999999747378752e-06,9.999999747378752e-06,3.2325641541319783e-07,,,,,,,,,,,,,,,,,,,,,,,,,,,,,,,,,,,,,,,,,,,,,
143,71099,,,,,,,,,,,,,9.999999747378752e-06,9.999999747378752e-06,3.2325641541319783e-07,,,,,,,,,,,,,,,,,,,,,,,,,,,,,,,,,,,,,,,,,,,,,
143,71135,,,,,,,,,,,,,,,,0.9113763570785522,0.3408738374710083,0.3692738115787506,0.4456046223640442,0.5961709022521973,0.9198095202445984,0.9537645578384399,0.5849839448928833,0.43164458870887756,0.8499954342842102,0.4936489462852478,0.9557099342346191,0.8431646823883057,1.0,0.9538860321044922,0.8589720726013184,0.8270853161811829,0.8673933148384094,0.9119266271591187,0.33833613991737366,0.3618965148925781,0.4426327049732208,0.5890856385231018,0.9212427735328674,0.9540624618530273,0.5879154205322266,0.42896339297294617,0.8501055240631104,0.49814358353614807,0.9562828540802002,0.8432549238204956,1.0,0.953462541103363,0.8600224852561951,0.8286104798316956,0.8800133466720581,0.7250555157661438,0.7683859467506409,0.8295750617980957,0.8800133466720581,0.7250555157661438,0.7683859467506409,0.8295750617980957,0.8869946002960205,0.863436758518219
143,71135,33.950531005859375,34.03099822998047,33.95255661010742,34.08527374267578,-3.397705938823492e-07,0.9741873145103455,0.005748674739152193,0.024398326873779297,0.12128882110118866,0.44790491461753845,0.026706412434577942,0.10042302310466766,,,,,,,,,,,,,,,,,,,,,,,,,,,,,,,,,,,,,,,,,,,,,,,,
144,71149,,,,,,,,,,,,,9.999999747378752e-06,9.999999747378752e-06,3.2325641541319783e-07,,,,,,,,,,,,,,,,,,,,,,,,,,,,,,,,,,,,,,,,,,,,,
144,71199,,,,,,,,,,,,,9.999999747378752e-06,9.999999747378752e-06,3.2325641541319783e-07,,,,,,,,,,,,,,,,,,,,,,,,,,,,,,,,,,,,,,,,,,,,,
144,71249,,,,,,,,,,,,,9.999999747378752e-06,9.999999747378752e-06,3.2325641541319783e-07,,,,,,,,,,,,,,,,,,,,,,,,,,,,,,,,,,,,,,,,,,,,,
144,71299,,,,,,,,,,,,,9.999999747378752e-06,9.999999747378752e-06,3.2325641541319783e-07,,,,,,,,,,,,,,,,,,,,,,,,,,,,,,,,,,,,,,,,,,,,,
144,71349,,,,,,,,,,,,,9.999999747378752e-06,9.999999747378752e-06,3.2325641541319783e-07,,,,,,,,,,,,,,,,,,,,,,,,,,,,,,,,,,,,,,,,,,,,,
144,71399,,,,,,,,,,,,,9.999999747378752e-06,9.999999747378752e-06,3.2325641541319783e-07,,,,,,,,,,,,,,,,,,,,,,,,,,,,,,,,,,,,,,,,,,,,,
144,71449,,,,,,,,,,,,,9.999999747378752e-06,9.999999747378752e-06,3.2325641541319783e-07,,,,,,,,,,,,,,,,,,,,,,,,,,,,,,,,,,,,,,,,,,,,,
144,71499,,,,,,,,,,,,,9.999999747378752e-06,9.999999747378752e-06,3.2325641541319783e-07,,,,,,,,,,,,,,,,,,,,,,,,,,,,,,,,,,,,,,,,,,,,,
144,71549,,,,,,,,,,,,,9.999999747378752e-06,9.999999747378752e-06,3.2325641541319783e-07,,,,,,,,,,,,,,,,,,,,,,,,,,,,,,,,,,,,,,,,,,,,,
144,71599,,,,,,,,,,,,,9.999999747378752e-06,9.999999747378752e-06,3.2325641541319783e-07,,,,,,,,,,,,,,,,,,,,,,,,,,,,,,,,,,,,,,,,,,,,,
144,71629,,,,,,,,,,,,,,,,0.9123985767364502,0.3373165726661682,0.36408159136772156,0.4450712502002716,0.6040265560150146,0.9237386584281921,0.9543665647506714,0.5866062641143799,0.42641210556030273,0.8493028879165649,0.49490296840667725,0.9561055898666382,0.8431612253189087,1.0,0.9533549547195435,0.8594290018081665,0.8280589580535889,0.8707675933837891,0.912870466709137,0.3362969756126404,0.366266667842865,0.4475097954273224,0.6189674139022827,0.9262345433235168,0.9546706676483154,0.585297167301178,0.4238608479499817,0.8485001921653748,0.49166232347488403,0.9559283256530762,0.843067467212677,1.0,0.9532473683357239,0.8588355779647827,0.8275074362754822,0.8811706900596619,0.726513147354126,0.7679039835929871,0.831145167350769,0.8811706900596619,0.726513147354126,0.7679039835929871,0.831145167350769,0.8916395306587219,0.8638391494750977
144,71629,33.9516716003418,34.028594970703125,33.95179748535156,34.08906936645508,-5.714323947358935e-07,0.9560184478759766,0.005645120982080698,0.023893019184470177,0.11897831410169601,0.44083210825920105,0.026052003726363182,0.09820646047592163,,,,,,,,,,,,,,,,,,,,,,,,,,,,,,,,,,,,,,,,,,,,,,,,
145,71649,,,,,,,,,,,,,9.999999747378752e-06,9.999999747378752e-06,3.2325641541319783e-07,,,,,,,,,,,,,,,,,,,,,,,,,,,,,,,,,,,,,,,,,,,,,
145,71699,,,,,,,,,,,,,9.999999747378752e-06,9.999999747378752e-06,3.2325641541319783e-07,,,,,,,,,,,,,,,,,,,,,,,,,,,,,,,,,,,,,,,,,,,,,
145,71749,,,,,,,,,,,,,9.999999747378752e-06,9.999999747378752e-06,3.2325641541319783e-07,,,,,,,,,,,,,,,,,,,,,,,,,,,,,,,,,,,,,,,,,,,,,
145,71799,,,,,,,,,,,,,9.999999747378752e-06,9.999999747378752e-06,3.2325641541319783e-07,,,,,,,,,,,,,,,,,,,,,,,,,,,,,,,,,,,,,,,,,,,,,
145,71849,,,,,,,,,,,,,9.999999747378752e-06,9.999999747378752e-06,3.2325641541319783e-07,,,,,,,,,,,,,,,,,,,,,,,,,,,,,,,,,,,,,,,,,,,,,
145,71899,,,,,,,,,,,,,9.999999747378752e-06,9.999999747378752e-06,3.2325641541319783e-07,,,,,,,,,,,,,,,,,,,,,,,,,,,,,,,,,,,,,,,,,,,,,
145,71949,,,,,,,,,,,,,9.999999747378752e-06,9.999999747378752e-06,3.2325641541319783e-07,,,,,,,,,,,,,,,,,,,,,,,,,,,,,,,,,,,,,,,,,,,,,
145,71999,,,,,,,,,,,,,9.999999747378752e-06,9.999999747378752e-06,3.2325641541319783e-07,,,,,,,,,,,,,,,,,,,,,,,,,,,,,,,,,,,,,,,,,,,,,
145,72049,,,,,,,,,,,,,9.999999747378752e-06,9.999999747378752e-06,3.2325641541319783e-07,,,,,,,,,,,,,,,,,,,,,,,,,,,,,,,,,,,,,,,,,,,,,
145,72099,,,,,,,,,,,,,9.999999747378752e-06,9.999999747378752e-06,3.2325641541319783e-07,,,,,,,,,,,,,,,,,,,,,,,,,,,,,,,,,,,,,,,,,,,,,
145,72123,,,,,,,,,,,,,,,,0.9117935299873352,0.33225300908088684,0.36722543835639954,0.44721782207489014,0.6114236116409302,0.9251483678817749,0.9543619155883789,0.5844125747680664,0.43315064907073975,0.8485307693481445,0.49171608686447144,0.9559084177017212,0.8431395888328552,1.0,0.9533696174621582,0.857166051864624,0.8270494341850281,0.8693317770957947,0.9107165932655334,0.3282090425491333,0.3681842088699341,0.4469258487224579,0.6038797497749329,0.924062192440033,0.9540532231330872,0.5835279226303101,0.4424404203891754,0.8485612869262695,0.49176985025405884,0.9558885097503662,0.8432117104530334,1.0,0.9534918665885925,0.8554964661598206,0.826591432094574,0.8790506720542908,0.7257065176963806,0.7686744928359985,0.8340169787406921,0.8790506720542908,0.7257065176963806,0.7686744928359985,0.8340169787406921,0.8963114023208618,0.8602086901664734
145,72123,33.952430725097656,34.047698974609375,33.95508575439453,34.077049255371094,-5.09655933456088e-07,0.9594790935516357,0.005661921575665474,0.02402581460773945,0.11957002431154251,0.4417043626308441,0.02621503546833992,0.0986681878566742,,,,,,,,,,,,,,,,,,,,,,,,,,,,,,,,,,,,,,,,,,,,,,,,
146,72149,,,,,,,,,,,,,9.999999747378752e-06,9.999999747378752e-06,3.2325641541319783e-07,,,,,,,,,,,,,,,,,,,,,,,,,,,,,,,,,,,,,,,,,,,,,
146,72199,,,,,,,,,,,,,9.999999747378752e-06,9.999999747378752e-06,3.2325641541319783e-07,,,,,,,,,,,,,,,,,,,,,,,,,,,,,,,,,,,,,,,,,,,,,
146,72249,,,,,,,,,,,,,9.999999747378752e-06,9.999999747378752e-06,3.2325641541319783e-07,,,,,,,,,,,,,,,,,,,,,,,,,,,,,,,,,,,,,,,,,,,,,
146,72299,,,,,,,,,,,,,9.999999747378752e-06,9.999999747378752e-06,3.2325641541319783e-07,,,,,,,,,,,,,,,,,,,,,,,,,,,,,,,,,,,,,,,,,,,,,
146,72349,,,,,,,,,,,,,9.999999747378752e-06,9.999999747378752e-06,3.2325641541319783e-07,,,,,,,,,,,,,,,,,,,,,,,,,,,,,,,,,,,,,,,,,,,,,
146,72399,,,,,,,,,,,,,9.999999747378752e-06,9.999999747378752e-06,3.2325641541319783e-07,,,,,,,,,,,,,,,,,,,,,,,,,,,,,,,,,,,,,,,,,,,,,
146,72449,,,,,,,,,,,,,9.999999747378752e-06,9.999999747378752e-06,3.2325641541319783e-07,,,,,,,,,,,,,,,,,,,,,,,,,,,,,,,,,,,,,,,,,,,,,
146,72499,,,,,,,,,,,,,9.999999747378752e-06,9.999999747378752e-06,3.2325641541319783e-07,,,,,,,,,,,,,,,,,,,,,,,,,,,,,,,,,,,,,,,,,,,,,
146,72549,,,,,,,,,,,,,9.999999747378752e-06,9.999999747378752e-06,3.2325641541319783e-07,,,,,,,,,,,,,,,,,,,,,,,,,,,,,,,,,,,,,,,,,,,,,
146,72599,,,,,,,,,,,,,9.999999747378752e-06,9.999999747378752e-06,3.2325641541319783e-07,,,,,,,,,,,,,,,,,,,,,,,,,,,,,,,,,,,,,,,,,,,,,
146,72617,,,,,,,,,,,,,,,,0.9109023809432983,0.3280417025089264,0.367307186126709,0.44764870405197144,0.5990384817123413,0.9239195585250854,0.9549325108528137,0.5827061533927917,0.4426875710487366,0.849332332611084,0.49621766805648804,0.954917311668396,0.8423116207122803,1.0,0.9533501863479614,0.8537366390228271,0.8258479833602905,0.8665443658828735,0.9110881686210632,0.3278743624687195,0.3664301633834839,0.448371559381485,0.5941972732543945,0.9237769246101379,0.9558117985725403,0.5818843841552734,0.44293469190597534,0.8501033782958984,0.5006654858589172,0.9539461135864258,0.8414115905761719,1.0,0.9532084465026855,0.8519768118858337,0.8251045346260071,0.8770715594291687,0.7252227067947388,0.7692290544509888,0.8306319713592529,0.8770715594291687,0.7252227067947388,0.7692290544509888,0.8306319713592529,0.8972396850585938,0.8530991077423096
146,72617,33.955718994140625,34.059715270996094,33.95268249511719,34.05769348144531,-6.023205969540868e-07,0.9477230906486511,0.005566242150962353,0.023679476231336594,0.11819715797901154,0.43735623359680176,0.025793250650167465,0.0971774235367775,,,,,,,,,,,,,,,,,,,,,,,,,,,,,,,,,,,,,,,,,,,,,,,,
147,72649,,,,,,,,,,,,,9.999999747378752e-06,9.999999747378752e-06,3.2325641541319783e-07,,,,,,,,,,,,,,,,,,,,,,,,,,,,,,,,,,,,,,,,,,,,,
147,72699,,,,,,,,,,,,,9.999999747378752e-06,9.999999747378752e-06,3.2325641541319783e-07,,,,,,,,,,,,,,,,,,,,,,,,,,,,,,,,,,,,,,,,,,,,,
147,72749,,,,,,,,,,,,,9.999999747378752e-06,9.999999747378752e-06,3.2325641541319783e-07,,,,,,,,,,,,,,,,,,,,,,,,,,,,,,,,,,,,,,,,,,,,,
147,72799,,,,,,,,,,,,,9.999999747378752e-06,9.999999747378752e-06,3.2325641541319783e-07,,,,,,,,,,,,,,,,,,,,,,,,,,,,,,,,,,,,,,,,,,,,,
147,72849,,,,,,,,,,,,,9.999999747378752e-06,9.999999747378752e-06,3.2325641541319783e-07,,,,,,,,,,,,,,,,,,,,,,,,,,,,,,,,,,,,,,,,,,,,,
147,72899,,,,,,,,,,,,,9.999999747378752e-06,9.999999747378752e-06,3.2325641541319783e-07,,,,,,,,,,,,,,,,,,,,,,,,,,,,,,,,,,,,,,,,,,,,,
147,72949,,,,,,,,,,,,,9.999999747378752e-06,9.999999747378752e-06,3.2325641541319783e-07,,,,,,,,,,,,,,,,,,,,,,,,,,,,,,,,,,,,,,,,,,,,,
147,72999,,,,,,,,,,,,,9.999999747378752e-06,9.999999747378752e-06,3.2325641541319783e-07,,,,,,,,,,,,,,,,,,,,,,,,,,,,,,,,,,,,,,,,,,,,,
147,73049,,,,,,,,,,,,,9.999999747378752e-06,9.999999747378752e-06,3.2325641541319783e-07,,,,,,,,,,,,,,,,,,,,,,,,,,,,,,,,,,,,,,,,,,,,,
147,73099,,,,,,,,,,,,,9.999999747378752e-06,9.999999747378752e-06,3.2325641541319783e-07,,,,,,,,,,,,,,,,,,,,,,,,,,,,,,,,,,,,,,,,,,,,,
147,73111,,,,,,,,,,,,,,,,0.9112129211425781,0.33136600255966187,0.3636600971221924,0.4439849257469177,0.5894932746887207,0.9231277704238892,0.9543167352676392,0.5792486667633057,0.4409160614013672,0.8490060567855835,0.5067258477210999,0.9539344310760498,0.8413360118865967,1.0,0.9543701410293579,0.8521971106529236,0.8233376741409302,0.8653541207313538,0.9113376140594482,0.33485761284828186,0.36089006066322327,0.43959832191467285,0.5847892165184021,0.9224785566329956,0.952821671962738,0.5766130089759827,0.43889743089675903,0.8479087948799133,0.5127862095832825,0.953922688961029,0.8412604331970215,1.0,0.9555318355560303,0.8524174094200134,0.8215707540512085,0.8765096664428711,0.7239812612533569,0.7638200521469116,0.8279569745063782,0.8765096664428711,0.7239812612533569,0.7638200521469116,0.8279569745063782,0.9001833200454712,0.8505567908287048
147,73111,33.95407485961914,34.04719161987305,33.954959869384766,34.089447021484375,-6.486529855465051e-07,0.9415526986122131,0.00556245306506753,0.023480789735913277,0.11771049350500107,0.43446505069732666,0.025652781128883362,0.09642783552408218,,,,,,,,,,,,,,,,,,,,,,,,,,,,,,,,,,,,,,,,,,,,,,,,
148,73149,,,,,,,,,,,,,9.999999747378752e-06,9.999999747378752e-06,3.2325641541319783e-07,,,,,,,,,,,,,,,,,,,,,,,,,,,,,,,,,,,,,,,,,,,,,
148,73199,,,,,,,,,,,,,9.999999747378752e-06,9.999999747378752e-06,3.2325641541319783e-07,,,,,,,,,,,,,,,,,,,,,,,,,,,,,,,,,,,,,,,,,,,,,
148,73249,,,,,,,,,,,,,9.999999747378752e-06,9.999999747378752e-06,3.2325641541319783e-07,,,,,,,,,,,,,,,,,,,,,,,,,,,,,,,,,,,,,,,,,,,,,
148,73299,,,,,,,,,,,,,9.999999747378752e-06,9.999999747378752e-06,3.2325641541319783e-07,,,,,,,,,,,,,,,,,,,,,,,,,,,,,,,,,,,,,,,,,,,,,
148,73349,,,,,,,,,,,,,9.999999747378752e-06,9.999999747378752e-06,3.2325641541319783e-07,,,,,,,,,,,,,,,,,,,,,,,,,,,,,,,,,,,,,,,,,,,,,
148,73399,,,,,,,,,,,,,9.999999747378752e-06,9.999999747378752e-06,3.2325641541319783e-07,,,,,,,,,,,,,,,,,,,,,,,,,,,,,,,,,,,,,,,,,,,,,
148,73449,,,,,,,,,,,,,9.999999747378752e-06,9.999999747378752e-06,3.2325641541319783e-07,,,,,,,,,,,,,,,,,,,,,,,,,,,,,,,,,,,,,,,,,,,,,
148,73499,,,,,,,,,,,,,9.999999747378752e-06,9.999999747378752e-06,3.2325641541319783e-07,,,,,,,,,,,,,,,,,,,,,,,,,,,,,,,,,,,,,,,,,,,,,
148,73549,,,,,,,,,,,,,9.999999747378752e-06,9.999999747378752e-06,3.2325641541319783e-07,,,,,,,,,,,,,,,,,,,,,,,,,,,,,,,,,,,,,,,,,,,,,
148,73599,,,,,,,,,,,,,9.999999747378752e-06,9.999999747378752e-06,3.2325641541319783e-07,,,,,,,,,,,,,,,,,,,,,,,,,,,,,,,,,,,,,,,,,,,,,
148,73605,,,,,,,,,,,,,,,,0.9121165871620178,0.33759042620658875,0.36192214488983154,0.44048357009887695,0.5870401859283447,0.921823263168335,0.9534162282943726,0.5787900686264038,0.4349948763847351,0.8478649854660034,0.5118288993835449,0.9540146589279175,0.8411308526992798,1.0,0.9559438228607178,0.855400800704956,0.8238261938095093,0.8668498992919922,0.9128955602645874,0.34032323956489563,0.3629542589187622,0.44136878848075867,0.5892912149429321,0.9211679697036743,0.9540107846260071,0.5809671878814697,0.4310922920703888,0.8478211164474487,0.5108715295791626,0.9541066884994507,0.8410012722015381,1.0,0.9563557505607605,0.8583841919898987,0.8260816335678101,0.8779167532920837,0.7252172827720642,0.762477695941925,0.8305044770240784,0.8779167532920837,0.7252172827720642,0.762477695941925,0.8305044770240784,0.8781487345695496,0.8673543334007263
148,73605,33.95280838012695,34.052757263183594,33.9552116394043,34.076416015625,-7.722059081061161e-07,0.9393984079360962,0.005513256881386042,0.02338000386953354,0.11708858609199524,0.4341403841972351,0.025574905797839165,0.09627664089202881,,,,,,,,,,,,,,,,,,,,,,,,,,,,,,,,,,,,,,,,,,,,,,,,
149,73649,,,,,,,,,,,,,9.999999747378752e-06,9.999999747378752e-06,3.2325641541319783e-07,,,,,,,,,,,,,,,,,,,,,,,,,,,,,,,,,,,,,,,,,,,,,
149,73699,,,,,,,,,,,,,9.999999747378752e-06,9.999999747378752e-06,3.2325641541319783e-07,,,,,,,,,,,,,,,,,,,,,,,,,,,,,,,,,,,,,,,,,,,,,
149,73749,,,,,,,,,,,,,9.999999747378752e-06,9.999999747378752e-06,3.2325641541319783e-07,,,,,,,,,,,,,,,,,,,,,,,,,,,,,,,,,,,,,,,,,,,,,
149,73799,,,,,,,,,,,,,9.999999747378752e-06,9.999999747378752e-06,3.2325641541319783e-07,,,,,,,,,,,,,,,,,,,,,,,,,,,,,,,,,,,,,,,,,,,,,
149,73849,,,,,,,,,,,,,9.999999747378752e-06,9.999999747378752e-06,3.2325641541319783e-07,,,,,,,,,,,,,,,,,,,,,,,,,,,,,,,,,,,,,,,,,,,,,
149,73899,,,,,,,,,,,,,9.999999747378752e-06,9.999999747378752e-06,3.2325641541319783e-07,,,,,,,,,,,,,,,,,,,,,,,,,,,,,,,,,,,,,,,,,,,,,
149,73949,,,,,,,,,,,,,9.999999747378752e-06,9.999999747378752e-06,3.2325641541319783e-07,,,,,,,,,,,,,,,,,,,,,,,,,,,,,,,,,,,,,,,,,,,,,
149,73999,,,,,,,,,,,,,9.999999747378752e-06,9.999999747378752e-06,3.2325641541319783e-07,,,,,,,,,,,,,,,,,,,,,,,,,,,,,,,,,,,,,,,,,,,,,
149,74049,,,,,,,,,,,,,9.999999747378752e-06,9.999999747378752e-06,3.2325641541319783e-07,,,,,,,,,,,,,,,,,,,,,,,,,,,,,,,,,,,,,,,,,,,,,
149,74099,,,,,,,,,,,,,9.999999747378752e-06,9.999999747378752e-06,3.2325641541319783e-07,,,,,,,,,,,,,,,,,,,,,,,,,,,,,,,,,,,,,,,,,,,,,
149,74099,,,,,,,,,,,,,,,,0.9141237139701843,0.3380013704299927,0.35370492935180664,0.4414442181587219,0.5883181095123291,0.9169427752494812,0.9541466236114502,0.5800541043281555,0.42822879552841187,0.8472322225570679,0.5019387006759644,0.9546670317649841,0.8414384126663208,1.0,0.9561272263526917,0.8567265272140503,0.8250467777252197,0.8700422048568726,0.9153518676757812,0.3356795012950897,0.3444555699825287,0.4415196180343628,0.5873450636863708,0.9127175807952881,0.9542824625968933,0.5791410207748413,0.42536529898643494,0.8466432690620422,0.4930059313774109,0.9552273750305176,0.8418756127357483,1.0,0.9558987021446228,0.8550688028335571,0.8240119814872742,0.8782402276992798,0.7216229438781738,0.7673330903053284,0.8307350277900696,0.8782402276992798,0.7216229438781738,0.7673330903053284,0.8307350277900696,0.8978878259658813,0.8584135174751282
149,74099,33.95065689086914,34.02758026123047,33.94939422607422,34.06819152832031,-6.640971150773112e-07,0.9316543340682983,0.005506700370460749,0.023264046758413315,0.11647634953260422,0.4302031099796295,0.025335120037198067,0.09522537887096405,,,,,,,,,,,,,,,,,,,,,,,,,,,,,,,,,,,,,,,,,,,,,,,,
